ISO-10303-21;
HEADER;
/* Generated by software containing ST-Developer
 * from STEP Tools, Inc. (www.steptools.com) 
 */

FILE_DESCRIPTION(
/* description */ (''),
/* implementation_level */ '2;1');

FILE_NAME(
/* name */ 'Bed plate.step',
/* time_stamp */ '2026-06-16T12:41:07+08:00',
/* author */ (''),
/* organization */ (''),
/* preprocessor_version */ 'ST-DEVELOPER v20.1',
/* originating_system */ 'Autodesk Translation Framework v15.8.0.0',
/* authorisation */ '');

FILE_SCHEMA (('AUTOMOTIVE_DESIGN { 1 0 10303 214 3 1 1 }'));
ENDSEC;

DATA;
#10=MECHANICAL_DESIGN_GEOMETRIC_PRESENTATION_REPRESENTATION('',(#17),#3779);
#11=ITEM_DEFINED_TRANSFORMATION($,$,#2279,#2475);
#12=(
REPRESENTATION_RELATIONSHIP($,$,#3790,#3789)
REPRESENTATION_RELATIONSHIP_WITH_TRANSFORMATION(#11)
SHAPE_REPRESENTATION_RELATIONSHIP()
);
#13=CONTEXT_DEPENDENT_SHAPE_REPRESENTATION(#12,#3788);
#14=NEXT_ASSEMBLY_USAGE_OCCURRENCE('Bed Plate:1','Bed Plate:1',
'Bed Plate:1',#3792,#3793,'Bed Plate:1');
#15=SHAPE_REPRESENTATION_RELATIONSHIP('SRR','None',#3790,#16);
#16=ADVANCED_BREP_SHAPE_REPRESENTATION('',(#18),#3778);
#17=STYLED_ITEM('',(#3803),#18);
#18=MANIFOLD_SOLID_BREP('Body1',#2265);
#19=TOROIDAL_SURFACE('',#2341,1.00000000000001,0.500000000000007);
#20=TOROIDAL_SURFACE('',#2354,1.00000000000001,0.500000000000007);
#21=TOROIDAL_SURFACE('',#2367,0.999999999999999,0.499999999999998);
#22=TOROIDAL_SURFACE('',#2380,0.999999999999996,0.499999999999998);
#23=TOROIDAL_SURFACE('',#2393,1.00000000000001,0.500000000000007);
#24=TOROIDAL_SURFACE('',#2408,1.,0.499999999999998);
#25=TOROIDAL_SURFACE('',#2418,0.999999999999996,0.499999999999998);
#26=TOROIDAL_SURFACE('',#2431,0.999999999999996,0.499999999999998);
#27=CONICAL_SURFACE('',#2312,4.49999999999999,0.968508980659931);
#28=CONICAL_SURFACE('',#2315,4.5,0.968508980659933);
#29=CONICAL_SURFACE('',#2318,3.4,0.968508980659931);
#30=(
BOUNDED_CURVE()
B_SPLINE_CURVE(2,(#3325,#3326,#3327),.UNSPECIFIED.,.F.,.F.)
B_SPLINE_CURVE_WITH_KNOTS((3,3),(0.,0.463385975726502),.UNSPECIFIED.)
CURVE()
GEOMETRIC_REPRESENTATION_ITEM()
RATIONAL_B_SPLINE_CURVE((1.,1.09999999999996,1.))
REPRESENTATION_ITEM('')
);
#31=FACE_BOUND('',#244,.T.);
#32=FACE_BOUND('',#245,.T.);
#33=FACE_BOUND('',#246,.T.);
#34=FACE_BOUND('',#247,.T.);
#35=FACE_BOUND('',#248,.T.);
#36=FACE_BOUND('',#249,.T.);
#37=FACE_BOUND('',#250,.T.);
#38=FACE_BOUND('',#254,.T.);
#39=FACE_BOUND('',#255,.T.);
#40=FACE_BOUND('',#256,.T.);
#41=PLANE('',#2283);
#42=PLANE('',#2284);
#43=PLANE('',#2302);
#44=PLANE('',#2303);
#45=PLANE('',#2310);
#46=PLANE('',#2321);
#47=PLANE('',#2322);
#48=PLANE('',#2323);
#49=PLANE('',#2324);
#50=PLANE('',#2325);
#51=PLANE('',#2326);
#52=PLANE('',#2327);
#53=PLANE('',#2328);
#54=PLANE('',#2329);
#55=PLANE('',#2330);
#56=PLANE('',#2331);
#57=PLANE('',#2332);
#58=PLANE('',#2333);
#59=PLANE('',#2334);
#60=PLANE('',#2335);
#61=PLANE('',#2336);
#62=PLANE('',#2337);
#63=PLANE('',#2338);
#64=PLANE('',#2339);
#65=PLANE('',#2340);
#66=PLANE('',#2351);
#67=PLANE('',#2352);
#68=PLANE('',#2353);
#69=PLANE('',#2364);
#70=PLANE('',#2365);
#71=PLANE('',#2366);
#72=PLANE('',#2377);
#73=PLANE('',#2378);
#74=PLANE('',#2379);
#75=PLANE('',#2390);
#76=PLANE('',#2391);
#77=PLANE('',#2392);
#78=PLANE('',#2403);
#79=PLANE('',#2405);
#80=PLANE('',#2407);
#81=PLANE('',#2416);
#82=PLANE('',#2417);
#83=PLANE('',#2428);
#84=PLANE('',#2429);
#85=PLANE('',#2430);
#86=PLANE('',#2441);
#87=PLANE('',#2442);
#88=PLANE('',#2443);
#89=PLANE('',#2444);
#90=PLANE('',#2445);
#91=PLANE('',#2446);
#92=PLANE('',#2447);
#93=PLANE('',#2448);
#94=PLANE('',#2449);
#95=PLANE('',#2450);
#96=PLANE('',#2451);
#97=PLANE('',#2452);
#98=PLANE('',#2453);
#99=PLANE('',#2454);
#100=PLANE('',#2455);
#101=PLANE('',#2456);
#102=PLANE('',#2457);
#103=PLANE('',#2458);
#104=PLANE('',#2459);
#105=PLANE('',#2460);
#106=PLANE('',#2461);
#107=PLANE('',#2462);
#108=PLANE('',#2463);
#109=PLANE('',#2464);
#110=PLANE('',#2465);
#111=PLANE('',#2466);
#112=PLANE('',#2467);
#113=PLANE('',#2468);
#114=PLANE('',#2469);
#115=PLANE('',#2470);
#116=PLANE('',#2471);
#117=PLANE('',#2472);
#118=PLANE('',#2473);
#119=PLANE('',#2474);
#120=FACE_OUTER_BOUND('',#241,.T.);
#121=FACE_OUTER_BOUND('',#242,.T.);
#122=FACE_OUTER_BOUND('',#243,.T.);
#123=FACE_OUTER_BOUND('',#251,.T.);
#124=FACE_OUTER_BOUND('',#252,.T.);
#125=FACE_OUTER_BOUND('',#253,.T.);
#126=FACE_OUTER_BOUND('',#257,.T.);
#127=FACE_OUTER_BOUND('',#258,.T.);
#128=FACE_OUTER_BOUND('',#259,.T.);
#129=FACE_OUTER_BOUND('',#260,.T.);
#130=FACE_OUTER_BOUND('',#261,.T.);
#131=FACE_OUTER_BOUND('',#262,.T.);
#132=FACE_OUTER_BOUND('',#263,.T.);
#133=FACE_OUTER_BOUND('',#264,.T.);
#134=FACE_OUTER_BOUND('',#265,.T.);
#135=FACE_OUTER_BOUND('',#266,.T.);
#136=FACE_OUTER_BOUND('',#267,.T.);
#137=FACE_OUTER_BOUND('',#268,.T.);
#138=FACE_OUTER_BOUND('',#269,.T.);
#139=FACE_OUTER_BOUND('',#270,.T.);
#140=FACE_OUTER_BOUND('',#271,.T.);
#141=FACE_OUTER_BOUND('',#272,.T.);
#142=FACE_OUTER_BOUND('',#273,.T.);
#143=FACE_OUTER_BOUND('',#274,.T.);
#144=FACE_OUTER_BOUND('',#275,.T.);
#145=FACE_OUTER_BOUND('',#276,.T.);
#146=FACE_OUTER_BOUND('',#277,.T.);
#147=FACE_OUTER_BOUND('',#278,.T.);
#148=FACE_OUTER_BOUND('',#279,.T.);
#149=FACE_OUTER_BOUND('',#280,.T.);
#150=FACE_OUTER_BOUND('',#281,.T.);
#151=FACE_OUTER_BOUND('',#282,.T.);
#152=FACE_OUTER_BOUND('',#283,.T.);
#153=FACE_OUTER_BOUND('',#284,.T.);
#154=FACE_OUTER_BOUND('',#285,.T.);
#155=FACE_OUTER_BOUND('',#286,.T.);
#156=FACE_OUTER_BOUND('',#287,.T.);
#157=FACE_OUTER_BOUND('',#288,.T.);
#158=FACE_OUTER_BOUND('',#289,.T.);
#159=FACE_OUTER_BOUND('',#290,.T.);
#160=FACE_OUTER_BOUND('',#291,.T.);
#161=FACE_OUTER_BOUND('',#292,.T.);
#162=FACE_OUTER_BOUND('',#293,.T.);
#163=FACE_OUTER_BOUND('',#294,.T.);
#164=FACE_OUTER_BOUND('',#295,.T.);
#165=FACE_OUTER_BOUND('',#296,.T.);
#166=FACE_OUTER_BOUND('',#297,.T.);
#167=FACE_OUTER_BOUND('',#298,.T.);
#168=FACE_OUTER_BOUND('',#299,.T.);
#169=FACE_OUTER_BOUND('',#300,.T.);
#170=FACE_OUTER_BOUND('',#301,.T.);
#171=FACE_OUTER_BOUND('',#302,.T.);
#172=FACE_OUTER_BOUND('',#303,.T.);
#173=FACE_OUTER_BOUND('',#304,.T.);
#174=FACE_OUTER_BOUND('',#305,.T.);
#175=FACE_OUTER_BOUND('',#306,.T.);
#176=FACE_OUTER_BOUND('',#307,.T.);
#177=FACE_OUTER_BOUND('',#308,.T.);
#178=FACE_OUTER_BOUND('',#309,.T.);
#179=FACE_OUTER_BOUND('',#310,.T.);
#180=FACE_OUTER_BOUND('',#311,.T.);
#181=FACE_OUTER_BOUND('',#312,.T.);
#182=FACE_OUTER_BOUND('',#313,.T.);
#183=FACE_OUTER_BOUND('',#314,.T.);
#184=FACE_OUTER_BOUND('',#315,.T.);
#185=FACE_OUTER_BOUND('',#316,.T.);
#186=FACE_OUTER_BOUND('',#317,.T.);
#187=FACE_OUTER_BOUND('',#318,.T.);
#188=FACE_OUTER_BOUND('',#319,.T.);
#189=FACE_OUTER_BOUND('',#320,.T.);
#190=FACE_OUTER_BOUND('',#321,.T.);
#191=FACE_OUTER_BOUND('',#322,.T.);
#192=FACE_OUTER_BOUND('',#323,.T.);
#193=FACE_OUTER_BOUND('',#324,.T.);
#194=FACE_OUTER_BOUND('',#325,.T.);
#195=FACE_OUTER_BOUND('',#326,.T.);
#196=FACE_OUTER_BOUND('',#327,.T.);
#197=FACE_OUTER_BOUND('',#328,.T.);
#198=FACE_OUTER_BOUND('',#329,.T.);
#199=FACE_OUTER_BOUND('',#330,.T.);
#200=FACE_OUTER_BOUND('',#331,.T.);
#201=FACE_OUTER_BOUND('',#332,.T.);
#202=FACE_OUTER_BOUND('',#333,.T.);
#203=FACE_OUTER_BOUND('',#334,.T.);
#204=FACE_OUTER_BOUND('',#335,.T.);
#205=FACE_OUTER_BOUND('',#336,.T.);
#206=FACE_OUTER_BOUND('',#337,.T.);
#207=FACE_OUTER_BOUND('',#338,.T.);
#208=FACE_OUTER_BOUND('',#339,.T.);
#209=FACE_OUTER_BOUND('',#340,.T.);
#210=FACE_OUTER_BOUND('',#341,.T.);
#211=FACE_OUTER_BOUND('',#342,.T.);
#212=FACE_OUTER_BOUND('',#343,.T.);
#213=FACE_OUTER_BOUND('',#344,.T.);
#214=FACE_OUTER_BOUND('',#345,.T.);
#215=FACE_OUTER_BOUND('',#346,.T.);
#216=FACE_OUTER_BOUND('',#347,.T.);
#217=FACE_OUTER_BOUND('',#348,.T.);
#218=FACE_OUTER_BOUND('',#349,.T.);
#219=FACE_OUTER_BOUND('',#350,.T.);
#220=FACE_OUTER_BOUND('',#351,.T.);
#221=FACE_OUTER_BOUND('',#352,.T.);
#222=FACE_OUTER_BOUND('',#353,.T.);
#223=FACE_OUTER_BOUND('',#354,.T.);
#224=FACE_OUTER_BOUND('',#355,.T.);
#225=FACE_OUTER_BOUND('',#356,.T.);
#226=FACE_OUTER_BOUND('',#357,.T.);
#227=FACE_OUTER_BOUND('',#358,.T.);
#228=FACE_OUTER_BOUND('',#359,.T.);
#229=FACE_OUTER_BOUND('',#360,.T.);
#230=FACE_OUTER_BOUND('',#361,.T.);
#231=FACE_OUTER_BOUND('',#362,.T.);
#232=FACE_OUTER_BOUND('',#363,.T.);
#233=FACE_OUTER_BOUND('',#364,.T.);
#234=FACE_OUTER_BOUND('',#365,.T.);
#235=FACE_OUTER_BOUND('',#366,.T.);
#236=FACE_OUTER_BOUND('',#367,.T.);
#237=FACE_OUTER_BOUND('',#368,.T.);
#238=FACE_OUTER_BOUND('',#369,.T.);
#239=FACE_OUTER_BOUND('',#370,.T.);
#240=FACE_OUTER_BOUND('',#371,.T.);
#241=EDGE_LOOP('',(#1469,#1470,#1471,#1472));
#242=EDGE_LOOP('',(#1473,#1474,#1475,#1476));
#243=EDGE_LOOP('',(#1477,#1478,#1479,#1480,#1481,#1482,#1483,#1484,#1485,
#1486,#1487,#1488,#1489,#1490,#1491,#1492,#1493,#1494,#1495,#1496,#1497,
#1498,#1499,#1500,#1501,#1502,#1503,#1504,#1505,#1506,#1507,#1508,#1509,
#1510,#1511,#1512,#1513,#1514,#1515,#1516));
#244=EDGE_LOOP('',(#1517));
#245=EDGE_LOOP('',(#1518,#1519,#1520,#1521,#1522,#1523,#1524,#1525,#1526,
#1527));
#246=EDGE_LOOP('',(#1528,#1529,#1530,#1531,#1532,#1533,#1534));
#247=EDGE_LOOP('',(#1535,#1536,#1537,#1538,#1539,#1540,#1541));
#248=EDGE_LOOP('',(#1542,#1543,#1544,#1545,#1546,#1547,#1548));
#249=EDGE_LOOP('',(#1549,#1550,#1551,#1552,#1553,#1554));
#250=EDGE_LOOP('',(#1555));
#251=EDGE_LOOP('',(#1556,#1557,#1558,#1559));
#252=EDGE_LOOP('',(#1560,#1561,#1562,#1563,#1564,#1565,#1566,#1567));
#253=EDGE_LOOP('',(#1568,#1569,#1570,#1571,#1572,#1573,#1574,#1575,#1576,
#1577));
#254=EDGE_LOOP('',(#1578));
#255=EDGE_LOOP('',(#1579));
#256=EDGE_LOOP('',(#1580));
#257=EDGE_LOOP('',(#1581,#1582,#1583,#1584));
#258=EDGE_LOOP('',(#1585,#1586,#1587,#1588,#1589,#1590));
#259=EDGE_LOOP('',(#1591,#1592,#1593,#1594));
#260=EDGE_LOOP('',(#1595,#1596,#1597,#1598,#1599,#1600));
#261=EDGE_LOOP('',(#1601,#1602,#1603,#1604));
#262=EDGE_LOOP('',(#1605,#1606,#1607,#1608));
#263=EDGE_LOOP('',(#1609,#1610,#1611,#1612));
#264=EDGE_LOOP('',(#1613,#1614,#1615,#1616));
#265=EDGE_LOOP('',(#1617,#1618,#1619,#1620));
#266=EDGE_LOOP('',(#1621,#1622,#1623,#1624,#1625,#1626,#1627,#1628));
#267=EDGE_LOOP('',(#1629,#1630,#1631,#1632));
#268=EDGE_LOOP('',(#1633,#1634,#1635,#1636));
#269=EDGE_LOOP('',(#1637,#1638,#1639,#1640));
#270=EDGE_LOOP('',(#1641,#1642,#1643,#1644));
#271=EDGE_LOOP('',(#1645,#1646,#1647,#1648));
#272=EDGE_LOOP('',(#1649,#1650,#1651,#1652));
#273=EDGE_LOOP('',(#1653,#1654,#1655,#1656));
#274=EDGE_LOOP('',(#1657,#1658,#1659,#1660));
#275=EDGE_LOOP('',(#1661,#1662,#1663,#1664,#1665,#1666,#1667));
#276=EDGE_LOOP('',(#1668,#1669,#1670,#1671));
#277=EDGE_LOOP('',(#1672,#1673,#1674,#1675,#1676,#1677,#1678));
#278=EDGE_LOOP('',(#1679,#1680,#1681,#1682));
#279=EDGE_LOOP('',(#1683,#1684,#1685,#1686,#1687,#1688,#1689));
#280=EDGE_LOOP('',(#1690,#1691,#1692,#1693));
#281=EDGE_LOOP('',(#1694,#1695,#1696,#1697,#1698,#1699,#1700));
#282=EDGE_LOOP('',(#1701,#1702,#1703,#1704));
#283=EDGE_LOOP('',(#1705,#1706,#1707,#1708));
#284=EDGE_LOOP('',(#1709,#1710,#1711,#1712));
#285=EDGE_LOOP('',(#1713,#1714,#1715,#1716,#1717,#1718));
#286=EDGE_LOOP('',(#1719,#1720,#1721,#1722));
#287=EDGE_LOOP('',(#1723,#1724,#1725,#1726));
#288=EDGE_LOOP('',(#1727,#1728,#1729,#1730));
#289=EDGE_LOOP('',(#1731,#1732,#1733,#1734));
#290=EDGE_LOOP('',(#1735,#1736,#1737,#1738,#1739,#1740,#1741));
#291=EDGE_LOOP('',(#1742,#1743,#1744,#1745,#1746));
#292=EDGE_LOOP('',(#1747,#1748,#1749,#1750));
#293=EDGE_LOOP('',(#1751,#1752,#1753,#1754));
#294=EDGE_LOOP('',(#1755,#1756,#1757,#1758));
#295=EDGE_LOOP('',(#1759,#1760,#1761,#1762));
#296=EDGE_LOOP('',(#1763,#1764,#1765,#1766));
#297=EDGE_LOOP('',(#1767,#1768,#1769,#1770,#1771,#1772));
#298=EDGE_LOOP('',(#1773,#1774,#1775,#1776,#1777,#1778,#1779));
#299=EDGE_LOOP('',(#1780,#1781,#1782,#1783,#1784));
#300=EDGE_LOOP('',(#1785,#1786,#1787,#1788));
#301=EDGE_LOOP('',(#1789,#1790,#1791,#1792));
#302=EDGE_LOOP('',(#1793,#1794,#1795,#1796));
#303=EDGE_LOOP('',(#1797,#1798,#1799,#1800));
#304=EDGE_LOOP('',(#1801,#1802,#1803,#1804));
#305=EDGE_LOOP('',(#1805,#1806,#1807,#1808));
#306=EDGE_LOOP('',(#1809,#1810,#1811,#1812,#1813));
#307=EDGE_LOOP('',(#1814,#1815,#1816,#1817));
#308=EDGE_LOOP('',(#1818,#1819,#1820,#1821));
#309=EDGE_LOOP('',(#1822,#1823,#1824,#1825));
#310=EDGE_LOOP('',(#1826,#1827,#1828,#1829));
#311=EDGE_LOOP('',(#1830,#1831,#1832,#1833,#1834,#1835,#1836,#1837,#1838,
#1839,#1840,#1841,#1842));
#312=EDGE_LOOP('',(#1843,#1844,#1845,#1846,#1847));
#313=EDGE_LOOP('',(#1848,#1849,#1850,#1851));
#314=EDGE_LOOP('',(#1852,#1853,#1854,#1855));
#315=EDGE_LOOP('',(#1856,#1857,#1858,#1859));
#316=EDGE_LOOP('',(#1860,#1861,#1862,#1863));
#317=EDGE_LOOP('',(#1864,#1865,#1866,#1867));
#318=EDGE_LOOP('',(#1868,#1869,#1870,#1871,#1872,#1873,#1874,#1875,#1876,
#1877));
#319=EDGE_LOOP('',(#1878,#1879,#1880,#1881,#1882,#1883));
#320=EDGE_LOOP('',(#1884,#1885,#1886,#1887));
#321=EDGE_LOOP('',(#1888,#1889,#1890,#1891));
#322=EDGE_LOOP('',(#1892,#1893,#1894,#1895));
#323=EDGE_LOOP('',(#1896,#1897,#1898,#1899));
#324=EDGE_LOOP('',(#1900,#1901,#1902,#1903));
#325=EDGE_LOOP('',(#1904,#1905,#1906,#1907,#1908));
#326=EDGE_LOOP('',(#1909,#1910,#1911,#1912));
#327=EDGE_LOOP('',(#1913,#1914,#1915,#1916));
#328=EDGE_LOOP('',(#1917,#1918,#1919,#1920));
#329=EDGE_LOOP('',(#1921,#1922,#1923,#1924));
#330=EDGE_LOOP('',(#1925,#1926,#1927,#1928));
#331=EDGE_LOOP('',(#1929,#1930,#1931,#1932,#1933,#1934,#1935));
#332=EDGE_LOOP('',(#1936,#1937,#1938,#1939,#1940,#1941));
#333=EDGE_LOOP('',(#1942,#1943,#1944,#1945));
#334=EDGE_LOOP('',(#1946,#1947,#1948,#1949));
#335=EDGE_LOOP('',(#1950,#1951,#1952,#1953));
#336=EDGE_LOOP('',(#1954,#1955,#1956,#1957));
#337=EDGE_LOOP('',(#1958,#1959,#1960,#1961));
#338=EDGE_LOOP('',(#1962,#1963,#1964,#1965,#1966,#1967,#1968));
#339=EDGE_LOOP('',(#1969,#1970,#1971,#1972,#1973));
#340=EDGE_LOOP('',(#1974,#1975,#1976,#1977));
#341=EDGE_LOOP('',(#1978,#1979,#1980,#1981));
#342=EDGE_LOOP('',(#1982,#1983,#1984,#1985));
#343=EDGE_LOOP('',(#1986,#1987,#1988,#1989,#1990));
#344=EDGE_LOOP('',(#1991,#1992,#1993,#1994));
#345=EDGE_LOOP('',(#1995,#1996,#1997,#1998));
#346=EDGE_LOOP('',(#1999,#2000,#2001,#2002));
#347=EDGE_LOOP('',(#2003,#2004,#2005,#2006,#2007));
#348=EDGE_LOOP('',(#2008,#2009,#2010,#2011));
#349=EDGE_LOOP('',(#2012,#2013,#2014,#2015));
#350=EDGE_LOOP('',(#2016,#2017,#2018,#2019));
#351=EDGE_LOOP('',(#2020,#2021,#2022,#2023,#2024));
#352=EDGE_LOOP('',(#2025,#2026,#2027,#2028));
#353=EDGE_LOOP('',(#2029,#2030,#2031,#2032));
#354=EDGE_LOOP('',(#2033,#2034,#2035,#2036));
#355=EDGE_LOOP('',(#2037,#2038,#2039,#2040,#2041));
#356=EDGE_LOOP('',(#2042,#2043,#2044,#2045));
#357=EDGE_LOOP('',(#2046,#2047,#2048,#2049));
#358=EDGE_LOOP('',(#2050,#2051,#2052,#2053));
#359=EDGE_LOOP('',(#2054,#2055,#2056,#2057));
#360=EDGE_LOOP('',(#2058,#2059,#2060,#2061,#2062));
#361=EDGE_LOOP('',(#2063,#2064,#2065,#2066,#2067,#2068,#2069));
#362=EDGE_LOOP('',(#2070,#2071,#2072,#2073));
#363=EDGE_LOOP('',(#2074,#2075,#2076,#2077,#2078));
#364=EDGE_LOOP('',(#2079,#2080,#2081,#2082,#2083));
#365=EDGE_LOOP('',(#2084,#2085,#2086,#2087));
#366=EDGE_LOOP('',(#2088,#2089,#2090,#2091));
#367=EDGE_LOOP('',(#2092,#2093,#2094,#2095));
#368=EDGE_LOOP('',(#2096,#2097,#2098,#2099));
#369=EDGE_LOOP('',(#2100,#2101,#2102,#2103,#2104));
#370=EDGE_LOOP('',(#2105,#2106,#2107,#2108));
#371=EDGE_LOOP('',(#2109,#2110,#2111,#2112));
#372=LINE('',#3126,#619);
#373=LINE('',#3129,#620);
#374=LINE('',#3132,#621);
#375=LINE('',#3134,#622);
#376=LINE('',#3135,#623);
#377=LINE('',#3138,#624);
#378=LINE('',#3140,#625);
#379=LINE('',#3142,#626);
#380=LINE('',#3144,#627);
#381=LINE('',#3146,#628);
#382=LINE('',#3150,#629);
#383=LINE('',#3152,#630);
#384=LINE('',#3154,#631);
#385=LINE('',#3156,#632);
#386=LINE('',#3158,#633);
#387=LINE('',#3162,#634);
#388=LINE('',#3164,#635);
#389=LINE('',#3166,#636);
#390=LINE('',#3168,#637);
#391=LINE('',#3172,#638);
#392=LINE('',#3178,#639);
#393=LINE('',#3182,#640);
#394=LINE('',#3186,#641);
#395=LINE('',#3188,#642);
#396=LINE('',#3190,#643);
#397=LINE('',#3192,#644);
#398=LINE('',#3194,#645);
#399=LINE('',#3196,#646);
#400=LINE('',#3198,#647);
#401=LINE('',#3200,#648);
#402=LINE('',#3204,#649);
#403=LINE('',#3206,#650);
#404=LINE('',#3208,#651);
#405=LINE('',#3210,#652);
#406=LINE('',#3211,#653);
#407=LINE('',#3218,#654);
#408=LINE('',#3220,#655);
#409=LINE('',#3222,#656);
#410=LINE('',#3224,#657);
#411=LINE('',#3226,#658);
#412=LINE('',#3230,#659);
#413=LINE('',#3232,#660);
#414=LINE('',#3233,#661);
#415=LINE('',#3238,#662);
#416=LINE('',#3240,#663);
#417=LINE('',#3242,#664);
#418=LINE('',#3244,#665);
#419=LINE('',#3246,#666);
#420=LINE('',#3247,#667);
#421=LINE('',#3252,#668);
#422=LINE('',#3254,#669);
#423=LINE('',#3256,#670);
#424=LINE('',#3258,#671);
#425=LINE('',#3260,#672);
#426=LINE('',#3261,#673);
#427=LINE('',#3266,#674);
#428=LINE('',#3268,#675);
#429=LINE('',#3270,#676);
#430=LINE('',#3272,#677);
#431=LINE('',#3274,#678);
#432=LINE('',#3275,#679);
#433=LINE('',#3278,#680);
#434=LINE('',#3280,#681);
#435=LINE('',#3282,#682);
#436=LINE('',#3284,#683);
#437=LINE('',#3286,#684);
#438=LINE('',#3287,#685);
#439=LINE('',#3292,#686);
#440=LINE('',#3295,#687);
#441=LINE('',#3297,#688);
#442=LINE('',#3299,#689);
#443=LINE('',#3301,#690);
#444=LINE('',#3302,#691);
#445=LINE('',#3305,#692);
#446=LINE('',#3309,#693);
#447=LINE('',#3313,#694);
#448=LINE('',#3314,#695);
#449=LINE('',#3322,#696);
#450=LINE('',#3323,#697);
#451=LINE('',#3328,#698);
#452=LINE('',#3330,#699);
#453=LINE('',#3333,#700);
#454=LINE('',#3336,#701);
#455=LINE('',#3339,#702);
#456=LINE('',#3342,#703);
#457=LINE('',#3345,#704);
#458=LINE('',#3348,#705);
#459=LINE('',#3350,#706);
#460=LINE('',#3351,#707);
#461=LINE('',#3352,#708);
#462=LINE('',#3357,#709);
#463=LINE('',#3359,#710);
#464=LINE('',#3361,#711);
#465=LINE('',#3362,#712);
#466=LINE('',#3366,#713);
#467=LINE('',#3368,#714);
#468=LINE('',#3370,#715);
#469=LINE('',#3371,#716);
#470=LINE('',#3373,#717);
#471=LINE('',#3374,#718);
#472=LINE('',#3378,#719);
#473=LINE('',#3380,#720);
#474=LINE('',#3382,#721);
#475=LINE('',#3383,#722);
#476=LINE('',#3386,#723);
#477=LINE('',#3388,#724);
#478=LINE('',#3389,#725);
#479=LINE('',#3392,#726);
#480=LINE('',#3394,#727);
#481=LINE('',#3395,#728);
#482=LINE('',#3397,#729);
#483=LINE('',#3398,#730);
#484=LINE('',#3401,#731);
#485=LINE('',#3402,#732);
#486=LINE('',#3405,#733);
#487=LINE('',#3407,#734);
#488=LINE('',#3408,#735);
#489=LINE('',#3410,#736);
#490=LINE('',#3411,#737);
#491=LINE('',#3413,#738);
#492=LINE('',#3416,#739);
#493=LINE('',#3417,#740);
#494=LINE('',#3419,#741);
#495=LINE('',#3422,#742);
#496=LINE('',#3423,#743);
#497=LINE('',#3426,#744);
#498=LINE('',#3427,#745);
#499=LINE('',#3430,#746);
#500=LINE('',#3431,#747);
#501=LINE('',#3433,#748);
#502=LINE('',#3445,#749);
#503=LINE('',#3446,#750);
#504=LINE('',#3451,#751);
#505=LINE('',#3452,#752);
#506=LINE('',#3457,#753);
#507=LINE('',#3458,#754);
#508=LINE('',#3461,#755);
#509=LINE('',#3463,#756);
#510=LINE('',#3465,#757);
#511=LINE('',#3466,#758);
#512=LINE('',#3468,#759);
#513=LINE('',#3469,#760);
#514=LINE('',#3481,#761);
#515=LINE('',#3482,#762);
#516=LINE('',#3487,#763);
#517=LINE('',#3488,#764);
#518=LINE('',#3493,#765);
#519=LINE('',#3494,#766);
#520=LINE('',#3497,#767);
#521=LINE('',#3499,#768);
#522=LINE('',#3500,#769);
#523=LINE('',#3501,#770);
#524=LINE('',#3504,#771);
#525=LINE('',#3506,#772);
#526=LINE('',#3507,#773);
#527=LINE('',#3509,#774);
#528=LINE('',#3510,#775);
#529=LINE('',#3521,#776);
#530=LINE('',#3522,#777);
#531=LINE('',#3527,#778);
#532=LINE('',#3528,#779);
#533=LINE('',#3533,#780);
#534=LINE('',#3534,#781);
#535=LINE('',#3536,#782);
#536=LINE('',#3538,#783);
#537=LINE('',#3541,#784);
#538=LINE('',#3542,#785);
#539=LINE('',#3553,#786);
#540=LINE('',#3554,#787);
#541=LINE('',#3559,#788);
#542=LINE('',#3560,#789);
#543=LINE('',#3565,#790);
#544=LINE('',#3566,#791);
#545=LINE('',#3568,#792);
#546=LINE('',#3570,#793);
#547=LINE('',#3572,#794);
#548=LINE('',#3573,#795);
#549=LINE('',#3575,#796);
#550=LINE('',#3587,#797);
#551=LINE('',#3588,#798);
#552=LINE('',#3593,#799);
#553=LINE('',#3594,#800);
#554=LINE('',#3599,#801);
#555=LINE('',#3600,#802);
#556=LINE('',#3603,#803);
#557=LINE('',#3605,#804);
#558=LINE('',#3609,#805);
#559=LINE('',#3611,#806);
#560=LINE('',#3613,#807);
#561=LINE('',#3614,#808);
#562=LINE('',#3616,#809);
#563=LINE('',#3618,#810);
#564=LINE('',#3628,#811);
#565=LINE('',#3629,#812);
#566=LINE('',#3633,#813);
#567=LINE('',#3635,#814);
#568=LINE('',#3637,#815);
#569=LINE('',#3638,#816);
#570=LINE('',#3650,#817);
#571=LINE('',#3651,#818);
#572=LINE('',#3656,#819);
#573=LINE('',#3657,#820);
#574=LINE('',#3662,#821);
#575=LINE('',#3663,#822);
#576=LINE('',#3666,#823);
#577=LINE('',#3668,#824);
#578=LINE('',#3670,#825);
#579=LINE('',#3671,#826);
#580=LINE('',#3673,#827);
#581=LINE('',#3675,#828);
#582=LINE('',#3676,#829);
#583=LINE('',#3688,#830);
#584=LINE('',#3689,#831);
#585=LINE('',#3694,#832);
#586=LINE('',#3695,#833);
#587=LINE('',#3700,#834);
#588=LINE('',#3701,#835);
#589=LINE('',#3704,#836);
#590=LINE('',#3706,#837);
#591=LINE('',#3708,#838);
#592=LINE('',#3709,#839);
#593=LINE('',#3711,#840);
#594=LINE('',#3712,#841);
#595=LINE('',#3717,#842);
#596=LINE('',#3718,#843);
#597=LINE('',#3720,#844);
#598=LINE('',#3724,#845);
#599=LINE('',#3726,#846);
#600=LINE('',#3728,#847);
#601=LINE('',#3731,#848);
#602=LINE('',#3733,#849);
#603=LINE('',#3735,#850);
#604=LINE('',#3738,#851);
#605=LINE('',#3740,#852);
#606=LINE('',#3742,#853);
#607=LINE('',#3746,#854);
#608=LINE('',#3747,#855);
#609=LINE('',#3750,#856);
#610=LINE('',#3751,#857);
#611=LINE('',#3753,#858);
#612=LINE('',#3756,#859);
#613=LINE('',#3758,#860);
#614=LINE('',#3761,#861);
#615=LINE('',#3762,#862);
#616=LINE('',#3764,#863);
#617=LINE('',#3768,#864);
#618=LINE('',#3770,#865);
#619=VECTOR('',#2484,10.);
#620=VECTOR('',#2487,10.);
#621=VECTOR('',#2490,10.);
#622=VECTOR('',#2491,10.);
#623=VECTOR('',#2492,10.);
#624=VECTOR('',#2495,10.);
#625=VECTOR('',#2496,10.);
#626=VECTOR('',#2497,10.);
#627=VECTOR('',#2498,10.);
#628=VECTOR('',#2499,10.);
#629=VECTOR('',#2502,10.);
#630=VECTOR('',#2503,10.);
#631=VECTOR('',#2504,10.);
#632=VECTOR('',#2505,10.);
#633=VECTOR('',#2506,10.);
#634=VECTOR('',#2509,10.);
#635=VECTOR('',#2510,10.);
#636=VECTOR('',#2511,10.);
#637=VECTOR('',#2512,10.);
#638=VECTOR('',#2515,10.);
#639=VECTOR('',#2520,10.);
#640=VECTOR('',#2523,10.);
#641=VECTOR('',#2526,10.);
#642=VECTOR('',#2527,10.);
#643=VECTOR('',#2528,10.);
#644=VECTOR('',#2529,10.);
#645=VECTOR('',#2530,10.);
#646=VECTOR('',#2531,10.);
#647=VECTOR('',#2532,10.);
#648=VECTOR('',#2533,10.);
#649=VECTOR('',#2536,10.);
#650=VECTOR('',#2537,10.);
#651=VECTOR('',#2538,10.);
#652=VECTOR('',#2539,10.);
#653=VECTOR('',#2540,10.);
#654=VECTOR('',#2545,10.);
#655=VECTOR('',#2546,10.);
#656=VECTOR('',#2547,10.);
#657=VECTOR('',#2548,10.);
#658=VECTOR('',#2549,10.);
#659=VECTOR('',#2552,10.);
#660=VECTOR('',#2553,10.);
#661=VECTOR('',#2554,10.);
#662=VECTOR('',#2557,10.);
#663=VECTOR('',#2558,10.);
#664=VECTOR('',#2559,10.);
#665=VECTOR('',#2560,10.);
#666=VECTOR('',#2561,10.);
#667=VECTOR('',#2562,10.);
#668=VECTOR('',#2565,10.);
#669=VECTOR('',#2566,10.);
#670=VECTOR('',#2567,10.);
#671=VECTOR('',#2568,10.);
#672=VECTOR('',#2569,10.);
#673=VECTOR('',#2570,10.);
#674=VECTOR('',#2573,10.);
#675=VECTOR('',#2574,10.);
#676=VECTOR('',#2575,10.);
#677=VECTOR('',#2576,10.);
#678=VECTOR('',#2577,10.);
#679=VECTOR('',#2578,10.);
#680=VECTOR('',#2579,10.);
#681=VECTOR('',#2580,10.);
#682=VECTOR('',#2581,10.);
#683=VECTOR('',#2582,10.);
#684=VECTOR('',#2583,10.);
#685=VECTOR('',#2584,10.);
#686=VECTOR('',#2589,10.);
#687=VECTOR('',#2592,10.);
#688=VECTOR('',#2595,10.);
#689=VECTOR('',#2596,10.);
#690=VECTOR('',#2597,10.);
#691=VECTOR('',#2598,10.);
#692=VECTOR('',#2601,10.);
#693=VECTOR('',#2604,10.);
#694=VECTOR('',#2607,10.);
#695=VECTOR('',#2608,10.);
#696=VECTOR('',#2617,10.);
#697=VECTOR('',#2618,10.);
#698=VECTOR('',#2621,10.);
#699=VECTOR('',#2624,10.);
#700=VECTOR('',#2627,4.49999999999999);
#701=VECTOR('',#2632,3.5);
#702=VECTOR('',#2635,4.5);
#703=VECTOR('',#2640,3.5);
#704=VECTOR('',#2643,3.4);
#705=VECTOR('',#2648,2.4);
#706=VECTOR('',#2651,10.);
#707=VECTOR('',#2652,10.);
#708=VECTOR('',#2653,10.);
#709=VECTOR('',#2658,10.);
#710=VECTOR('',#2659,10.);
#711=VECTOR('',#2660,10.);
#712=VECTOR('',#2661,10.);
#713=VECTOR('',#2664,10.);
#714=VECTOR('',#2665,10.);
#715=VECTOR('',#2666,10.);
#716=VECTOR('',#2667,10.);
#717=VECTOR('',#2670,10.);
#718=VECTOR('',#2671,10.);
#719=VECTOR('',#2674,10.);
#720=VECTOR('',#2675,10.);
#721=VECTOR('',#2676,10.);
#722=VECTOR('',#2677,10.);
#723=VECTOR('',#2680,10.);
#724=VECTOR('',#2681,10.);
#725=VECTOR('',#2682,10.);
#726=VECTOR('',#2685,10.);
#727=VECTOR('',#2686,10.);
#728=VECTOR('',#2687,10.);
#729=VECTOR('',#2690,10.);
#730=VECTOR('',#2691,10.);
#731=VECTOR('',#2694,10.);
#732=VECTOR('',#2695,10.);
#733=VECTOR('',#2698,10.);
#734=VECTOR('',#2699,10.);
#735=VECTOR('',#2700,10.);
#736=VECTOR('',#2703,10.);
#737=VECTOR('',#2704,10.);
#738=VECTOR('',#2707,10.);
#739=VECTOR('',#2710,10.);
#740=VECTOR('',#2711,10.);
#741=VECTOR('',#2714,10.);
#742=VECTOR('',#2717,10.);
#743=VECTOR('',#2718,10.);
#744=VECTOR('',#2721,10.);
#745=VECTOR('',#2722,10.);
#746=VECTOR('',#2725,10.);
#747=VECTOR('',#2726,10.);
#748=VECTOR('',#2729,10.);
#749=VECTOR('',#2744,10.);
#750=VECTOR('',#2745,10.);
#751=VECTOR('',#2750,10.);
#752=VECTOR('',#2751,10.);
#753=VECTOR('',#2756,10.);
#754=VECTOR('',#2757,10.);
#755=VECTOR('',#2760,10.);
#756=VECTOR('',#2761,10.);
#757=VECTOR('',#2762,10.);
#758=VECTOR('',#2763,10.);
#759=VECTOR('',#2766,10.);
#760=VECTOR('',#2767,10.);
#761=VECTOR('',#2782,10.);
#762=VECTOR('',#2783,10.);
#763=VECTOR('',#2788,10.);
#764=VECTOR('',#2789,10.);
#765=VECTOR('',#2794,10.);
#766=VECTOR('',#2795,10.);
#767=VECTOR('',#2798,10.);
#768=VECTOR('',#2799,10.);
#769=VECTOR('',#2800,10.);
#770=VECTOR('',#2801,10.);
#771=VECTOR('',#2804,10.);
#772=VECTOR('',#2805,10.);
#773=VECTOR('',#2806,10.);
#774=VECTOR('',#2809,10.);
#775=VECTOR('',#2810,10.);
#776=VECTOR('',#2823,10.);
#777=VECTOR('',#2824,10.);
#778=VECTOR('',#2829,10.);
#779=VECTOR('',#2830,10.);
#780=VECTOR('',#2835,10.);
#781=VECTOR('',#2836,10.);
#782=VECTOR('',#2839,10.);
#783=VECTOR('',#2842,10.);
#784=VECTOR('',#2845,10.);
#785=VECTOR('',#2846,10.);
#786=VECTOR('',#2859,10.);
#787=VECTOR('',#2860,10.);
#788=VECTOR('',#2865,10.);
#789=VECTOR('',#2866,10.);
#790=VECTOR('',#2871,10.);
#791=VECTOR('',#2872,10.);
#792=VECTOR('',#2875,10.);
#793=VECTOR('',#2876,10.);
#794=VECTOR('',#2877,10.);
#795=VECTOR('',#2878,10.);
#796=VECTOR('',#2881,10.);
#797=VECTOR('',#2896,10.);
#798=VECTOR('',#2897,10.);
#799=VECTOR('',#2902,10.);
#800=VECTOR('',#2903,10.);
#801=VECTOR('',#2908,10.);
#802=VECTOR('',#2909,10.);
#803=VECTOR('',#2912,10.);
#804=VECTOR('',#2913,10.);
#805=VECTOR('',#2916,10.);
#806=VECTOR('',#2917,10.);
#807=VECTOR('',#2918,10.);
#808=VECTOR('',#2919,10.);
#809=VECTOR('',#2922,10.);
#810=VECTOR('',#2923,10.);
#811=VECTOR('',#2938,10.);
#812=VECTOR('',#2939,10.);
#813=VECTOR('',#2944,10.);
#814=VECTOR('',#2947,10.);
#815=VECTOR('',#2950,10.);
#816=VECTOR('',#2951,10.);
#817=VECTOR('',#2966,10.);
#818=VECTOR('',#2967,10.);
#819=VECTOR('',#2972,10.);
#820=VECTOR('',#2973,10.);
#821=VECTOR('',#2978,10.);
#822=VECTOR('',#2979,10.);
#823=VECTOR('',#2982,10.);
#824=VECTOR('',#2983,10.);
#825=VECTOR('',#2984,10.);
#826=VECTOR('',#2985,10.);
#827=VECTOR('',#2988,10.);
#828=VECTOR('',#2989,10.);
#829=VECTOR('',#2990,10.);
#830=VECTOR('',#3005,10.);
#831=VECTOR('',#3006,10.);
#832=VECTOR('',#3011,10.);
#833=VECTOR('',#3012,10.);
#834=VECTOR('',#3017,10.);
#835=VECTOR('',#3018,10.);
#836=VECTOR('',#3021,10.);
#837=VECTOR('',#3022,10.);
#838=VECTOR('',#3023,10.);
#839=VECTOR('',#3024,10.);
#840=VECTOR('',#3027,10.);
#841=VECTOR('',#3028,10.);
#842=VECTOR('',#3035,10.);
#843=VECTOR('',#3036,10.);
#844=VECTOR('',#3039,10.);
#845=VECTOR('',#3046,10.);
#846=VECTOR('',#3049,10.);
#847=VECTOR('',#3052,10.);
#848=VECTOR('',#3057,10.);
#849=VECTOR('',#3060,10.);
#850=VECTOR('',#3063,10.);
#851=VECTOR('',#3068,10.);
#852=VECTOR('',#3071,10.);
#853=VECTOR('',#3074,10.);
#854=VECTOR('',#3079,10.);
#855=VECTOR('',#3080,10.);
#856=VECTOR('',#3083,10.);
#857=VECTOR('',#3084,10.);
#858=VECTOR('',#3087,10.);
#859=VECTOR('',#3092,10.);
#860=VECTOR('',#3095,10.);
#861=VECTOR('',#3098,10.);
#862=VECTOR('',#3099,10.);
#863=VECTOR('',#3102,10.);
#864=VECTOR('',#3109,10.);
#865=VECTOR('',#3112,10.);
#866=CIRCLE('',#2281,3.);
#867=CIRCLE('',#2282,3.);
#868=CIRCLE('',#2285,0.5);
#869=CIRCLE('',#2286,0.5);
#870=CIRCLE('',#2287,3.);
#871=CIRCLE('',#2288,5.49999999999999);
#872=CIRCLE('',#2289,5.49999999999999);
#873=CIRCLE('',#2290,3.);
#874=CIRCLE('',#2291,3.);
#875=CIRCLE('',#2292,0.5);
#876=CIRCLE('',#2293,5.5);
#877=CIRCLE('',#2294,0.5);
#878=CIRCLE('',#2295,0.5);
#879=CIRCLE('',#2296,0.5);
#880=CIRCLE('',#2297,0.5);
#881=CIRCLE('',#2298,0.5);
#882=CIRCLE('',#2299,4.4);
#883=CIRCLE('',#2301,3.);
#884=CIRCLE('',#2304,3.);
#885=CIRCLE('',#2305,3.);
#886=CIRCLE('',#2306,2.4);
#887=CIRCLE('',#2307,3.5);
#888=CIRCLE('',#2308,3.5);
#889=CIRCLE('',#2313,3.5);
#890=CIRCLE('',#2316,3.5);
#891=CIRCLE('',#2319,2.4);
#892=CIRCLE('',#2342,0.500000000000007);
#893=CIRCLE('',#2343,0.499999999999998);
#894=CIRCLE('',#2344,0.5);
#895=CIRCLE('',#2345,0.999999999999996);
#896=CIRCLE('',#2348,0.5);
#897=CIRCLE('',#2350,0.5);
#898=CIRCLE('',#2355,0.500000000000007);
#899=CIRCLE('',#2356,0.500000000000007);
#900=CIRCLE('',#2357,0.5);
#901=CIRCLE('',#2358,1.00000000000001);
#902=CIRCLE('',#2361,0.5);
#903=CIRCLE('',#2363,0.5);
#904=CIRCLE('',#2368,0.499999999999998);
#905=CIRCLE('',#2369,0.499999999999998);
#906=CIRCLE('',#2370,0.5);
#907=CIRCLE('',#2371,1.);
#908=CIRCLE('',#2374,0.5);
#909=CIRCLE('',#2376,0.5);
#910=CIRCLE('',#2381,0.499999999999998);
#911=CIRCLE('',#2382,0.499999999999998);
#912=CIRCLE('',#2383,0.5);
#913=CIRCLE('',#2384,0.999999999999996);
#914=CIRCLE('',#2387,0.5);
#915=CIRCLE('',#2389,0.5);
#916=CIRCLE('',#2394,0.500000000000007);
#917=CIRCLE('',#2395,0.499999999999998);
#918=CIRCLE('',#2396,0.5);
#919=CIRCLE('',#2397,0.999999999999996);
#920=CIRCLE('',#2400,0.5);
#921=CIRCLE('',#2402,0.5);
#922=CIRCLE('',#2404,1.00000000000001);
#923=CIRCLE('',#2406,0.5);
#924=CIRCLE('',#2409,0.499999999999998);
#925=CIRCLE('',#2410,0.500000000000007);
#926=CIRCLE('',#2411,0.5);
#927=CIRCLE('',#2414,0.5);
#928=CIRCLE('',#2419,0.499999999999998);
#929=CIRCLE('',#2420,0.500000000000007);
#930=CIRCLE('',#2421,0.5);
#931=CIRCLE('',#2422,1.00000000000001);
#932=CIRCLE('',#2425,0.5);
#933=CIRCLE('',#2427,0.5);
#934=CIRCLE('',#2432,0.499999999999998);
#935=CIRCLE('',#2433,0.499999999999998);
#936=CIRCLE('',#2434,0.5);
#937=CIRCLE('',#2435,0.999999999999996);
#938=CIRCLE('',#2438,0.5);
#939=CIRCLE('',#2440,0.5);
#940=VERTEX_POINT('',#3122);
#941=VERTEX_POINT('',#3123);
#942=VERTEX_POINT('',#3125);
#943=VERTEX_POINT('',#3127);
#944=VERTEX_POINT('',#3131);
#945=VERTEX_POINT('',#3133);
#946=VERTEX_POINT('',#3137);
#947=VERTEX_POINT('',#3139);
#948=VERTEX_POINT('',#3141);
#949=VERTEX_POINT('',#3143);
#950=VERTEX_POINT('',#3145);
#951=VERTEX_POINT('',#3147);
#952=VERTEX_POINT('',#3149);
#953=VERTEX_POINT('',#3151);
#954=VERTEX_POINT('',#3153);
#955=VERTEX_POINT('',#3155);
#956=VERTEX_POINT('',#3157);
#957=VERTEX_POINT('',#3159);
#958=VERTEX_POINT('',#3161);
#959=VERTEX_POINT('',#3163);
#960=VERTEX_POINT('',#3165);
#961=VERTEX_POINT('',#3167);
#962=VERTEX_POINT('',#3169);
#963=VERTEX_POINT('',#3171);
#964=VERTEX_POINT('',#3173);
#965=VERTEX_POINT('',#3175);
#966=VERTEX_POINT('',#3177);
#967=VERTEX_POINT('',#3179);
#968=VERTEX_POINT('',#3181);
#969=VERTEX_POINT('',#3183);
#970=VERTEX_POINT('',#3185);
#971=VERTEX_POINT('',#3187);
#972=VERTEX_POINT('',#3189);
#973=VERTEX_POINT('',#3191);
#974=VERTEX_POINT('',#3193);
#975=VERTEX_POINT('',#3195);
#976=VERTEX_POINT('',#3197);
#977=VERTEX_POINT('',#3199);
#978=VERTEX_POINT('',#3201);
#979=VERTEX_POINT('',#3203);
#980=VERTEX_POINT('',#3205);
#981=VERTEX_POINT('',#3207);
#982=VERTEX_POINT('',#3209);
#983=VERTEX_POINT('',#3212);
#984=VERTEX_POINT('',#3214);
#985=VERTEX_POINT('',#3215);
#986=VERTEX_POINT('',#3217);
#987=VERTEX_POINT('',#3219);
#988=VERTEX_POINT('',#3221);
#989=VERTEX_POINT('',#3223);
#990=VERTEX_POINT('',#3225);
#991=VERTEX_POINT('',#3227);
#992=VERTEX_POINT('',#3229);
#993=VERTEX_POINT('',#3231);
#994=VERTEX_POINT('',#3234);
#995=VERTEX_POINT('',#3235);
#996=VERTEX_POINT('',#3237);
#997=VERTEX_POINT('',#3239);
#998=VERTEX_POINT('',#3241);
#999=VERTEX_POINT('',#3243);
#1000=VERTEX_POINT('',#3245);
#1001=VERTEX_POINT('',#3248);
#1002=VERTEX_POINT('',#3249);
#1003=VERTEX_POINT('',#3251);
#1004=VERTEX_POINT('',#3253);
#1005=VERTEX_POINT('',#3255);
#1006=VERTEX_POINT('',#3257);
#1007=VERTEX_POINT('',#3259);
#1008=VERTEX_POINT('',#3262);
#1009=VERTEX_POINT('',#3263);
#1010=VERTEX_POINT('',#3265);
#1011=VERTEX_POINT('',#3267);
#1012=VERTEX_POINT('',#3269);
#1013=VERTEX_POINT('',#3271);
#1014=VERTEX_POINT('',#3273);
#1015=VERTEX_POINT('',#3276);
#1016=VERTEX_POINT('',#3277);
#1017=VERTEX_POINT('',#3279);
#1018=VERTEX_POINT('',#3281);
#1019=VERTEX_POINT('',#3283);
#1020=VERTEX_POINT('',#3285);
#1021=VERTEX_POINT('',#3288);
#1022=VERTEX_POINT('',#3291);
#1023=VERTEX_POINT('',#3293);
#1024=VERTEX_POINT('',#3298);
#1025=VERTEX_POINT('',#3300);
#1026=VERTEX_POINT('',#3304);
#1027=VERTEX_POINT('',#3306);
#1028=VERTEX_POINT('',#3308);
#1029=VERTEX_POINT('',#3310);
#1030=VERTEX_POINT('',#3312);
#1031=VERTEX_POINT('',#3315);
#1032=VERTEX_POINT('',#3317);
#1033=VERTEX_POINT('',#3319);
#1034=VERTEX_POINT('',#3332);
#1035=VERTEX_POINT('',#3338);
#1036=VERTEX_POINT('',#3344);
#1037=VERTEX_POINT('',#3355);
#1038=VERTEX_POINT('',#3356);
#1039=VERTEX_POINT('',#3358);
#1040=VERTEX_POINT('',#3360);
#1041=VERTEX_POINT('',#3364);
#1042=VERTEX_POINT('',#3365);
#1043=VERTEX_POINT('',#3367);
#1044=VERTEX_POINT('',#3369);
#1045=VERTEX_POINT('',#3376);
#1046=VERTEX_POINT('',#3377);
#1047=VERTEX_POINT('',#3379);
#1048=VERTEX_POINT('',#3381);
#1049=VERTEX_POINT('',#3385);
#1050=VERTEX_POINT('',#3387);
#1051=VERTEX_POINT('',#3391);
#1052=VERTEX_POINT('',#3393);
#1053=VERTEX_POINT('',#3400);
#1054=VERTEX_POINT('',#3404);
#1055=VERTEX_POINT('',#3406);
#1056=VERTEX_POINT('',#3415);
#1057=VERTEX_POINT('',#3421);
#1058=VERTEX_POINT('',#3425);
#1059=VERTEX_POINT('',#3429);
#1060=VERTEX_POINT('',#3436);
#1061=VERTEX_POINT('',#3437);
#1062=VERTEX_POINT('',#3439);
#1063=VERTEX_POINT('',#3441);
#1064=VERTEX_POINT('',#3448);
#1065=VERTEX_POINT('',#3449);
#1066=VERTEX_POINT('',#3454);
#1067=VERTEX_POINT('',#3455);
#1068=VERTEX_POINT('',#3460);
#1069=VERTEX_POINT('',#3462);
#1070=VERTEX_POINT('',#3464);
#1071=VERTEX_POINT('',#3472);
#1072=VERTEX_POINT('',#3473);
#1073=VERTEX_POINT('',#3475);
#1074=VERTEX_POINT('',#3477);
#1075=VERTEX_POINT('',#3484);
#1076=VERTEX_POINT('',#3485);
#1077=VERTEX_POINT('',#3490);
#1078=VERTEX_POINT('',#3491);
#1079=VERTEX_POINT('',#3496);
#1080=VERTEX_POINT('',#3498);
#1081=VERTEX_POINT('',#3503);
#1082=VERTEX_POINT('',#3505);
#1083=VERTEX_POINT('',#3512);
#1084=VERTEX_POINT('',#3513);
#1085=VERTEX_POINT('',#3515);
#1086=VERTEX_POINT('',#3517);
#1087=VERTEX_POINT('',#3524);
#1088=VERTEX_POINT('',#3525);
#1089=VERTEX_POINT('',#3530);
#1090=VERTEX_POINT('',#3531);
#1091=VERTEX_POINT('',#3540);
#1092=VERTEX_POINT('',#3544);
#1093=VERTEX_POINT('',#3545);
#1094=VERTEX_POINT('',#3547);
#1095=VERTEX_POINT('',#3549);
#1096=VERTEX_POINT('',#3556);
#1097=VERTEX_POINT('',#3557);
#1098=VERTEX_POINT('',#3562);
#1099=VERTEX_POINT('',#3563);
#1100=VERTEX_POINT('',#3569);
#1101=VERTEX_POINT('',#3571);
#1102=VERTEX_POINT('',#3578);
#1103=VERTEX_POINT('',#3579);
#1104=VERTEX_POINT('',#3581);
#1105=VERTEX_POINT('',#3583);
#1106=VERTEX_POINT('',#3590);
#1107=VERTEX_POINT('',#3591);
#1108=VERTEX_POINT('',#3596);
#1109=VERTEX_POINT('',#3597);
#1110=VERTEX_POINT('',#3602);
#1111=VERTEX_POINT('',#3604);
#1112=VERTEX_POINT('',#3606);
#1113=VERTEX_POINT('',#3608);
#1114=VERTEX_POINT('',#3610);
#1115=VERTEX_POINT('',#3612);
#1116=VERTEX_POINT('',#3617);
#1117=VERTEX_POINT('',#3622);
#1118=VERTEX_POINT('',#3624);
#1119=VERTEX_POINT('',#3631);
#1120=VERTEX_POINT('',#3641);
#1121=VERTEX_POINT('',#3642);
#1122=VERTEX_POINT('',#3644);
#1123=VERTEX_POINT('',#3646);
#1124=VERTEX_POINT('',#3653);
#1125=VERTEX_POINT('',#3654);
#1126=VERTEX_POINT('',#3659);
#1127=VERTEX_POINT('',#3660);
#1128=VERTEX_POINT('',#3665);
#1129=VERTEX_POINT('',#3667);
#1130=VERTEX_POINT('',#3669);
#1131=VERTEX_POINT('',#3674);
#1132=VERTEX_POINT('',#3679);
#1133=VERTEX_POINT('',#3680);
#1134=VERTEX_POINT('',#3682);
#1135=VERTEX_POINT('',#3684);
#1136=VERTEX_POINT('',#3691);
#1137=VERTEX_POINT('',#3692);
#1138=VERTEX_POINT('',#3697);
#1139=VERTEX_POINT('',#3698);
#1140=VERTEX_POINT('',#3703);
#1141=VERTEX_POINT('',#3705);
#1142=VERTEX_POINT('',#3707);
#1143=VERTEX_POINT('',#3716);
#1144=VERTEX_POINT('',#3745);
#1145=VERTEX_POINT('',#3749);
#1146=VERTEX_POINT('',#3760);
#1147=EDGE_CURVE('',#940,#941,#866,.T.);
#1148=EDGE_CURVE('',#941,#942,#372,.T.);
#1149=EDGE_CURVE('',#942,#943,#867,.T.);
#1150=EDGE_CURVE('',#943,#940,#373,.T.);
#1151=EDGE_CURVE('',#944,#943,#374,.T.);
#1152=EDGE_CURVE('',#944,#945,#375,.T.);
#1153=EDGE_CURVE('',#945,#940,#376,.T.);
#1154=EDGE_CURVE('',#942,#946,#377,.T.);
#1155=EDGE_CURVE('',#946,#947,#378,.T.);
#1156=EDGE_CURVE('',#947,#948,#379,.T.);
#1157=EDGE_CURVE('',#948,#949,#380,.T.);
#1158=EDGE_CURVE('',#949,#950,#381,.T.);
#1159=EDGE_CURVE('',#950,#951,#868,.T.);
#1160=EDGE_CURVE('',#951,#952,#382,.T.);
#1161=EDGE_CURVE('',#952,#953,#383,.T.);
#1162=EDGE_CURVE('',#953,#954,#384,.T.);
#1163=EDGE_CURVE('',#954,#955,#385,.T.);
#1164=EDGE_CURVE('',#955,#956,#386,.T.);
#1165=EDGE_CURVE('',#956,#957,#869,.T.);
#1166=EDGE_CURVE('',#957,#958,#387,.T.);
#1167=EDGE_CURVE('',#958,#959,#388,.T.);
#1168=EDGE_CURVE('',#959,#960,#389,.T.);
#1169=EDGE_CURVE('',#960,#961,#390,.T.);
#1170=EDGE_CURVE('',#962,#961,#870,.T.);
#1171=EDGE_CURVE('',#962,#963,#391,.T.);
#1172=EDGE_CURVE('',#964,#963,#871,.T.);
#1173=EDGE_CURVE('',#965,#964,#872,.T.);
#1174=EDGE_CURVE('',#965,#966,#392,.T.);
#1175=EDGE_CURVE('',#967,#966,#873,.T.);
#1176=EDGE_CURVE('',#967,#968,#393,.T.);
#1177=EDGE_CURVE('',#969,#968,#874,.T.);
#1178=EDGE_CURVE('',#969,#970,#394,.T.);
#1179=EDGE_CURVE('',#970,#971,#395,.T.);
#1180=EDGE_CURVE('',#971,#972,#396,.T.);
#1181=EDGE_CURVE('',#972,#973,#397,.T.);
#1182=EDGE_CURVE('',#973,#974,#398,.T.);
#1183=EDGE_CURVE('',#974,#975,#399,.T.);
#1184=EDGE_CURVE('',#975,#976,#400,.T.);
#1185=EDGE_CURVE('',#976,#977,#401,.T.);
#1186=EDGE_CURVE('',#977,#978,#875,.T.);
#1187=EDGE_CURVE('',#978,#979,#402,.T.);
#1188=EDGE_CURVE('',#979,#980,#403,.T.);
#1189=EDGE_CURVE('',#980,#981,#404,.T.);
#1190=EDGE_CURVE('',#981,#982,#405,.T.);
#1191=EDGE_CURVE('',#982,#944,#406,.T.);
#1192=EDGE_CURVE('',#983,#983,#876,.T.);
#1193=EDGE_CURVE('',#984,#985,#877,.T.);
#1194=EDGE_CURVE('',#985,#986,#407,.T.);
#1195=EDGE_CURVE('',#986,#987,#408,.T.);
#1196=EDGE_CURVE('',#987,#988,#409,.T.);
#1197=EDGE_CURVE('',#988,#989,#410,.T.);
#1198=EDGE_CURVE('',#989,#990,#411,.T.);
#1199=EDGE_CURVE('',#990,#991,#878,.T.);
#1200=EDGE_CURVE('',#991,#992,#412,.T.);
#1201=EDGE_CURVE('',#992,#993,#413,.T.);
#1202=EDGE_CURVE('',#993,#984,#414,.T.);
#1203=EDGE_CURVE('',#994,#995,#879,.T.);
#1204=EDGE_CURVE('',#995,#996,#415,.T.);
#1205=EDGE_CURVE('',#996,#997,#416,.T.);
#1206=EDGE_CURVE('',#997,#998,#417,.T.);
#1207=EDGE_CURVE('',#998,#999,#418,.T.);
#1208=EDGE_CURVE('',#999,#1000,#419,.T.);
#1209=EDGE_CURVE('',#1000,#994,#420,.T.);
#1210=EDGE_CURVE('',#1001,#1002,#880,.T.);
#1211=EDGE_CURVE('',#1002,#1003,#421,.T.);
#1212=EDGE_CURVE('',#1003,#1004,#422,.T.);
#1213=EDGE_CURVE('',#1004,#1005,#423,.T.);
#1214=EDGE_CURVE('',#1005,#1006,#424,.T.);
#1215=EDGE_CURVE('',#1006,#1007,#425,.T.);
#1216=EDGE_CURVE('',#1007,#1001,#426,.T.);
#1217=EDGE_CURVE('',#1008,#1009,#881,.T.);
#1218=EDGE_CURVE('',#1009,#1010,#427,.T.);
#1219=EDGE_CURVE('',#1010,#1011,#428,.T.);
#1220=EDGE_CURVE('',#1011,#1012,#429,.T.);
#1221=EDGE_CURVE('',#1012,#1013,#430,.T.);
#1222=EDGE_CURVE('',#1013,#1014,#431,.T.);
#1223=EDGE_CURVE('',#1014,#1008,#432,.T.);
#1224=EDGE_CURVE('',#1015,#1016,#433,.T.);
#1225=EDGE_CURVE('',#1016,#1017,#434,.T.);
#1226=EDGE_CURVE('',#1017,#1018,#435,.T.);
#1227=EDGE_CURVE('',#1018,#1019,#436,.T.);
#1228=EDGE_CURVE('',#1019,#1020,#437,.T.);
#1229=EDGE_CURVE('',#1020,#1015,#438,.T.);
#1230=EDGE_CURVE('',#1021,#1021,#882,.T.);
#1231=EDGE_CURVE('',#968,#1022,#439,.T.);
#1232=EDGE_CURVE('',#1022,#1023,#883,.T.);
#1233=EDGE_CURVE('',#1023,#969,#440,.T.);
#1234=EDGE_CURVE('',#1023,#945,#441,.T.);
#1235=EDGE_CURVE('',#1024,#982,#442,.T.);
#1236=EDGE_CURVE('',#1025,#1024,#443,.T.);
#1237=EDGE_CURVE('',#970,#1025,#444,.T.);
#1238=EDGE_CURVE('',#1026,#1022,#445,.T.);
#1239=EDGE_CURVE('',#1027,#1026,#884,.T.);
#1240=EDGE_CURVE('',#1028,#1027,#446,.T.);
#1241=EDGE_CURVE('',#1029,#1028,#885,.T.);
#1242=EDGE_CURVE('',#1030,#1029,#447,.T.);
#1243=EDGE_CURVE('',#941,#1030,#448,.T.);
#1244=EDGE_CURVE('',#1031,#1031,#886,.T.);
#1245=EDGE_CURVE('',#1032,#1032,#887,.T.);
#1246=EDGE_CURVE('',#1033,#1033,#888,.T.);
#1247=EDGE_CURVE('',#966,#1027,#449,.T.);
#1248=EDGE_CURVE('',#1026,#967,#450,.T.);
#1249=EDGE_CURVE('',#963,#965,#30,.T.);
#1250=EDGE_CURVE('',#1028,#962,#451,.T.);
#1251=EDGE_CURVE('',#961,#1029,#452,.T.);
#1252=EDGE_CURVE('',#964,#1034,#453,.T.);
#1253=EDGE_CURVE('',#1034,#1034,#889,.T.);
#1254=EDGE_CURVE('',#1034,#1033,#454,.T.);
#1255=EDGE_CURVE('',#983,#1035,#455,.T.);
#1256=EDGE_CURVE('',#1035,#1035,#890,.T.);
#1257=EDGE_CURVE('',#1035,#1032,#456,.T.);
#1258=EDGE_CURVE('',#1021,#1036,#457,.T.);
#1259=EDGE_CURVE('',#1036,#1036,#891,.T.);
#1260=EDGE_CURVE('',#1036,#1031,#458,.T.);
#1261=EDGE_CURVE('',#954,#960,#459,.T.);
#1262=EDGE_CURVE('',#947,#953,#460,.T.);
#1263=EDGE_CURVE('',#946,#1030,#461,.T.);
#1264=EDGE_CURVE('',#1037,#1038,#462,.T.);
#1265=EDGE_CURVE('',#1039,#1037,#463,.T.);
#1266=EDGE_CURVE('',#1039,#1040,#464,.T.);
#1267=EDGE_CURVE('',#1038,#1040,#465,.T.);
#1268=EDGE_CURVE('',#1041,#1042,#466,.T.);
#1269=EDGE_CURVE('',#1041,#1043,#467,.T.);
#1270=EDGE_CURVE('',#1043,#1044,#468,.T.);
#1271=EDGE_CURVE('',#1042,#1044,#469,.T.);
#1272=EDGE_CURVE('',#1038,#1041,#470,.T.);
#1273=EDGE_CURVE('',#1040,#1043,#471,.T.);
#1274=EDGE_CURVE('',#1045,#1046,#472,.T.);
#1275=EDGE_CURVE('',#1045,#1047,#473,.T.);
#1276=EDGE_CURVE('',#1047,#1048,#474,.T.);
#1277=EDGE_CURVE('',#1046,#1048,#475,.T.);
#1278=EDGE_CURVE('',#1049,#1045,#476,.T.);
#1279=EDGE_CURVE('',#1049,#1050,#477,.T.);
#1280=EDGE_CURVE('',#1050,#1047,#478,.T.);
#1281=EDGE_CURVE('',#1051,#1049,#479,.T.);
#1282=EDGE_CURVE('',#1052,#1051,#480,.T.);
#1283=EDGE_CURVE('',#1052,#1050,#481,.T.);
#1284=EDGE_CURVE('',#1017,#1051,#482,.T.);
#1285=EDGE_CURVE('',#1016,#1052,#483,.T.);
#1286=EDGE_CURVE('',#1053,#1046,#484,.T.);
#1287=EDGE_CURVE('',#1018,#1053,#485,.T.);
#1288=EDGE_CURVE('',#975,#1054,#486,.T.);
#1289=EDGE_CURVE('',#974,#1055,#487,.T.);
#1290=EDGE_CURVE('',#1054,#1055,#488,.T.);
#1291=EDGE_CURVE('',#971,#1042,#489,.T.);
#1292=EDGE_CURVE('',#1037,#1025,#490,.T.);
#1293=EDGE_CURVE('',#972,#1044,#491,.T.);
#1294=EDGE_CURVE('',#1056,#1039,#492,.T.);
#1295=EDGE_CURVE('',#973,#1056,#493,.T.);
#1296=EDGE_CURVE('',#1055,#1056,#494,.T.);
#1297=EDGE_CURVE('',#1015,#1057,#495,.T.);
#1298=EDGE_CURVE('',#1048,#1057,#496,.T.);
#1299=EDGE_CURVE('',#1058,#1053,#497,.T.);
#1300=EDGE_CURVE('',#1019,#1058,#498,.T.);
#1301=EDGE_CURVE('',#1059,#1058,#499,.T.);
#1302=EDGE_CURVE('',#1020,#1059,#500,.T.);
#1303=EDGE_CURVE('',#1057,#1059,#501,.T.);
#1304=EDGE_CURVE('',#1060,#1061,#892,.T.);
#1305=EDGE_CURVE('',#1062,#1060,#893,.F.);
#1306=EDGE_CURVE('',#1063,#1062,#894,.T.);
#1307=EDGE_CURVE('',#1063,#1061,#895,.T.);
#1308=EDGE_CURVE('',#1008,#1062,#502,.T.);
#1309=EDGE_CURVE('',#1060,#1009,#503,.T.);
#1310=EDGE_CURVE('',#1064,#1065,#896,.T.);
#1311=EDGE_CURVE('',#1065,#1063,#504,.T.);
#1312=EDGE_CURVE('',#1062,#1064,#505,.T.);
#1313=EDGE_CURVE('',#1066,#1067,#897,.T.);
#1314=EDGE_CURVE('',#1067,#1060,#506,.T.);
#1315=EDGE_CURVE('',#1061,#1066,#507,.T.);
#1316=EDGE_CURVE('',#1065,#1068,#508,.T.);
#1317=EDGE_CURVE('',#1068,#1069,#509,.T.);
#1318=EDGE_CURVE('',#1069,#1070,#510,.T.);
#1319=EDGE_CURVE('',#1070,#1066,#511,.T.);
#1320=EDGE_CURVE('',#1014,#1064,#512,.T.);
#1321=EDGE_CURVE('',#1013,#1068,#513,.T.);
#1322=EDGE_CURVE('',#1071,#1072,#898,.T.);
#1323=EDGE_CURVE('',#1073,#1071,#899,.F.);
#1324=EDGE_CURVE('',#1074,#1073,#900,.T.);
#1325=EDGE_CURVE('',#1074,#1072,#901,.T.);
#1326=EDGE_CURVE('',#950,#1073,#514,.T.);
#1327=EDGE_CURVE('',#1071,#951,#515,.T.);
#1328=EDGE_CURVE('',#1075,#1076,#902,.T.);
#1329=EDGE_CURVE('',#1076,#1074,#516,.T.);
#1330=EDGE_CURVE('',#1073,#1075,#517,.T.);
#1331=EDGE_CURVE('',#1077,#1078,#903,.T.);
#1332=EDGE_CURVE('',#1078,#1071,#518,.T.);
#1333=EDGE_CURVE('',#1072,#1077,#519,.T.);
#1334=EDGE_CURVE('',#1079,#1077,#520,.T.);
#1335=EDGE_CURVE('',#1080,#1079,#521,.T.);
#1336=EDGE_CURVE('',#1080,#953,#522,.T.);
#1337=EDGE_CURVE('',#952,#1078,#523,.T.);
#1338=EDGE_CURVE('',#1076,#1081,#524,.T.);
#1339=EDGE_CURVE('',#1081,#1082,#525,.T.);
#1340=EDGE_CURVE('',#1082,#1079,#526,.T.);
#1341=EDGE_CURVE('',#949,#1075,#527,.T.);
#1342=EDGE_CURVE('',#948,#1081,#528,.T.);
#1343=EDGE_CURVE('',#1083,#1084,#904,.T.);
#1344=EDGE_CURVE('',#1085,#1083,#905,.F.);
#1345=EDGE_CURVE('',#1086,#1085,#906,.T.);
#1346=EDGE_CURVE('',#1086,#1084,#907,.T.);
#1347=EDGE_CURVE('',#1001,#1085,#529,.T.);
#1348=EDGE_CURVE('',#1083,#1002,#530,.T.);
#1349=EDGE_CURVE('',#1087,#1088,#908,.T.);
#1350=EDGE_CURVE('',#1088,#1086,#531,.T.);
#1351=EDGE_CURVE('',#1085,#1087,#532,.T.);
#1352=EDGE_CURVE('',#1089,#1090,#909,.T.);
#1353=EDGE_CURVE('',#1090,#1083,#533,.T.);
#1354=EDGE_CURVE('',#1084,#1089,#534,.T.);
#1355=EDGE_CURVE('',#1007,#1087,#535,.T.);
#1356=EDGE_CURVE('',#1003,#1090,#536,.T.);
#1357=EDGE_CURVE('',#1091,#1089,#537,.T.);
#1358=EDGE_CURVE('',#1004,#1091,#538,.T.);
#1359=EDGE_CURVE('',#1092,#1093,#910,.T.);
#1360=EDGE_CURVE('',#1094,#1092,#911,.F.);
#1361=EDGE_CURVE('',#1095,#1094,#912,.T.);
#1362=EDGE_CURVE('',#1095,#1093,#913,.T.);
#1363=EDGE_CURVE('',#977,#1094,#539,.T.);
#1364=EDGE_CURVE('',#1092,#978,#540,.T.);
#1365=EDGE_CURVE('',#1096,#1097,#914,.T.);
#1366=EDGE_CURVE('',#1097,#1095,#541,.T.);
#1367=EDGE_CURVE('',#1094,#1096,#542,.T.);
#1368=EDGE_CURVE('',#1098,#1099,#915,.T.);
#1369=EDGE_CURVE('',#1099,#1092,#543,.T.);
#1370=EDGE_CURVE('',#1093,#1098,#544,.T.);
#1371=EDGE_CURVE('',#1097,#1054,#545,.T.);
#1372=EDGE_CURVE('',#1024,#1100,#546,.T.);
#1373=EDGE_CURVE('',#1100,#1101,#547,.T.);
#1374=EDGE_CURVE('',#1101,#1098,#548,.T.);
#1375=EDGE_CURVE('',#976,#1096,#549,.T.);
#1376=EDGE_CURVE('',#1102,#1103,#916,.T.);
#1377=EDGE_CURVE('',#1104,#1102,#917,.F.);
#1378=EDGE_CURVE('',#1105,#1104,#918,.T.);
#1379=EDGE_CURVE('',#1105,#1103,#919,.T.);
#1380=EDGE_CURVE('',#984,#1104,#550,.T.);
#1381=EDGE_CURVE('',#1102,#985,#551,.T.);
#1382=EDGE_CURVE('',#1106,#1107,#920,.T.);
#1383=EDGE_CURVE('',#1107,#1105,#552,.T.);
#1384=EDGE_CURVE('',#1104,#1106,#553,.T.);
#1385=EDGE_CURVE('',#1108,#1109,#921,.T.);
#1386=EDGE_CURVE('',#1109,#1102,#554,.T.);
#1387=EDGE_CURVE('',#1103,#1108,#555,.T.);
#1388=EDGE_CURVE('',#1107,#1110,#556,.T.);
#1389=EDGE_CURVE('',#1111,#1110,#557,.T.);
#1390=EDGE_CURVE('',#1112,#1111,#922,.T.);
#1391=EDGE_CURVE('',#1113,#1112,#558,.T.);
#1392=EDGE_CURVE('',#1113,#1114,#559,.T.);
#1393=EDGE_CURVE('',#1114,#1115,#560,.T.);
#1394=EDGE_CURVE('',#1115,#1108,#561,.T.);
#1395=EDGE_CURVE('',#993,#1106,#562,.T.);
#1396=EDGE_CURVE('',#992,#1116,#563,.T.);
#1397=EDGE_CURVE('',#1110,#1116,#923,.T.);
#1398=EDGE_CURVE('',#1117,#1111,#924,.T.);
#1399=EDGE_CURVE('',#1118,#1117,#925,.F.);
#1400=EDGE_CURVE('',#1112,#1118,#926,.T.);
#1401=EDGE_CURVE('',#990,#1118,#564,.T.);
#1402=EDGE_CURVE('',#1117,#991,#565,.T.);
#1403=EDGE_CURVE('',#1119,#1113,#927,.T.);
#1404=EDGE_CURVE('',#1118,#1119,#566,.T.);
#1405=EDGE_CURVE('',#1116,#1117,#567,.T.);
#1406=EDGE_CURVE('',#989,#1119,#568,.T.);
#1407=EDGE_CURVE('',#988,#1114,#569,.T.);
#1408=EDGE_CURVE('',#1120,#1121,#928,.T.);
#1409=EDGE_CURVE('',#1122,#1120,#929,.F.);
#1410=EDGE_CURVE('',#1123,#1122,#930,.T.);
#1411=EDGE_CURVE('',#1123,#1121,#931,.T.);
#1412=EDGE_CURVE('',#956,#1122,#570,.T.);
#1413=EDGE_CURVE('',#1120,#957,#571,.T.);
#1414=EDGE_CURVE('',#1124,#1125,#932,.T.);
#1415=EDGE_CURVE('',#1125,#1123,#572,.T.);
#1416=EDGE_CURVE('',#1122,#1124,#573,.T.);
#1417=EDGE_CURVE('',#1126,#1127,#933,.T.);
#1418=EDGE_CURVE('',#1127,#1120,#574,.T.);
#1419=EDGE_CURVE('',#1121,#1126,#575,.T.);
#1420=EDGE_CURVE('',#1125,#1128,#576,.T.);
#1421=EDGE_CURVE('',#1128,#1129,#577,.T.);
#1422=EDGE_CURVE('',#1129,#1130,#578,.T.);
#1423=EDGE_CURVE('',#1130,#1126,#579,.T.);
#1424=EDGE_CURVE('',#955,#1124,#580,.T.);
#1425=EDGE_CURVE('',#954,#1131,#581,.T.);
#1426=EDGE_CURVE('',#1131,#1128,#582,.T.);
#1427=EDGE_CURVE('',#1132,#1133,#934,.T.);
#1428=EDGE_CURVE('',#1134,#1132,#935,.F.);
#1429=EDGE_CURVE('',#1135,#1134,#936,.T.);
#1430=EDGE_CURVE('',#1135,#1133,#937,.T.);
#1431=EDGE_CURVE('',#994,#1134,#583,.T.);
#1432=EDGE_CURVE('',#1132,#995,#584,.T.);
#1433=EDGE_CURVE('',#1136,#1137,#938,.T.);
#1434=EDGE_CURVE('',#1137,#1135,#585,.T.);
#1435=EDGE_CURVE('',#1134,#1136,#586,.T.);
#1436=EDGE_CURVE('',#1138,#1139,#939,.T.);
#1437=EDGE_CURVE('',#1139,#1132,#587,.T.);
#1438=EDGE_CURVE('',#1133,#1138,#588,.T.);
#1439=EDGE_CURVE('',#1137,#1140,#589,.T.);
#1440=EDGE_CURVE('',#1140,#1141,#590,.T.);
#1441=EDGE_CURVE('',#1141,#1142,#591,.T.);
#1442=EDGE_CURVE('',#1142,#1138,#592,.T.);
#1443=EDGE_CURVE('',#1000,#1136,#593,.T.);
#1444=EDGE_CURVE('',#999,#1140,#594,.T.);
#1445=EDGE_CURVE('',#1143,#1080,#595,.T.);
#1446=EDGE_CURVE('',#1143,#1082,#596,.T.);
#1447=EDGE_CURVE('',#947,#1143,#597,.T.);
#1448=EDGE_CURVE('',#979,#1099,#598,.T.);
#1449=EDGE_CURVE('',#980,#1101,#599,.T.);
#1450=EDGE_CURVE('',#981,#1100,#600,.T.);
#1451=EDGE_CURVE('',#996,#1139,#601,.T.);
#1452=EDGE_CURVE('',#997,#1142,#602,.T.);
#1453=EDGE_CURVE('',#998,#1141,#603,.T.);
#1454=EDGE_CURVE('',#1010,#1067,#604,.T.);
#1455=EDGE_CURVE('',#1011,#1070,#605,.T.);
#1456=EDGE_CURVE('',#1012,#1069,#606,.T.);
#1457=EDGE_CURVE('',#1144,#1091,#607,.T.);
#1458=EDGE_CURVE('',#1005,#1144,#608,.T.);
#1459=EDGE_CURVE('',#1145,#1144,#609,.T.);
#1460=EDGE_CURVE('',#1006,#1145,#610,.T.);
#1461=EDGE_CURVE('',#1088,#1145,#611,.T.);
#1462=EDGE_CURVE('',#958,#1127,#612,.T.);
#1463=EDGE_CURVE('',#959,#1130,#613,.T.);
#1464=EDGE_CURVE('',#1146,#960,#614,.T.);
#1465=EDGE_CURVE('',#1146,#1129,#615,.T.);
#1466=EDGE_CURVE('',#1131,#1146,#616,.T.);
#1467=EDGE_CURVE('',#986,#1109,#617,.T.);
#1468=EDGE_CURVE('',#987,#1115,#618,.T.);
#1469=ORIENTED_EDGE('',*,*,#1147,.T.);
#1470=ORIENTED_EDGE('',*,*,#1148,.T.);
#1471=ORIENTED_EDGE('',*,*,#1149,.T.);
#1472=ORIENTED_EDGE('',*,*,#1150,.T.);
#1473=ORIENTED_EDGE('',*,*,#1150,.F.);
#1474=ORIENTED_EDGE('',*,*,#1151,.F.);
#1475=ORIENTED_EDGE('',*,*,#1152,.T.);
#1476=ORIENTED_EDGE('',*,*,#1153,.T.);
#1477=ORIENTED_EDGE('',*,*,#1149,.F.);
#1478=ORIENTED_EDGE('',*,*,#1154,.T.);
#1479=ORIENTED_EDGE('',*,*,#1155,.T.);
#1480=ORIENTED_EDGE('',*,*,#1156,.T.);
#1481=ORIENTED_EDGE('',*,*,#1157,.T.);
#1482=ORIENTED_EDGE('',*,*,#1158,.T.);
#1483=ORIENTED_EDGE('',*,*,#1159,.T.);
#1484=ORIENTED_EDGE('',*,*,#1160,.T.);
#1485=ORIENTED_EDGE('',*,*,#1161,.T.);
#1486=ORIENTED_EDGE('',*,*,#1162,.T.);
#1487=ORIENTED_EDGE('',*,*,#1163,.T.);
#1488=ORIENTED_EDGE('',*,*,#1164,.T.);
#1489=ORIENTED_EDGE('',*,*,#1165,.T.);
#1490=ORIENTED_EDGE('',*,*,#1166,.T.);
#1491=ORIENTED_EDGE('',*,*,#1167,.T.);
#1492=ORIENTED_EDGE('',*,*,#1168,.T.);
#1493=ORIENTED_EDGE('',*,*,#1169,.T.);
#1494=ORIENTED_EDGE('',*,*,#1170,.F.);
#1495=ORIENTED_EDGE('',*,*,#1171,.T.);
#1496=ORIENTED_EDGE('',*,*,#1172,.F.);
#1497=ORIENTED_EDGE('',*,*,#1173,.F.);
#1498=ORIENTED_EDGE('',*,*,#1174,.T.);
#1499=ORIENTED_EDGE('',*,*,#1175,.F.);
#1500=ORIENTED_EDGE('',*,*,#1176,.T.);
#1501=ORIENTED_EDGE('',*,*,#1177,.F.);
#1502=ORIENTED_EDGE('',*,*,#1178,.T.);
#1503=ORIENTED_EDGE('',*,*,#1179,.T.);
#1504=ORIENTED_EDGE('',*,*,#1180,.T.);
#1505=ORIENTED_EDGE('',*,*,#1181,.T.);
#1506=ORIENTED_EDGE('',*,*,#1182,.T.);
#1507=ORIENTED_EDGE('',*,*,#1183,.T.);
#1508=ORIENTED_EDGE('',*,*,#1184,.T.);
#1509=ORIENTED_EDGE('',*,*,#1185,.T.);
#1510=ORIENTED_EDGE('',*,*,#1186,.T.);
#1511=ORIENTED_EDGE('',*,*,#1187,.T.);
#1512=ORIENTED_EDGE('',*,*,#1188,.T.);
#1513=ORIENTED_EDGE('',*,*,#1189,.T.);
#1514=ORIENTED_EDGE('',*,*,#1190,.T.);
#1515=ORIENTED_EDGE('',*,*,#1191,.T.);
#1516=ORIENTED_EDGE('',*,*,#1151,.T.);
#1517=ORIENTED_EDGE('',*,*,#1192,.F.);
#1518=ORIENTED_EDGE('',*,*,#1193,.T.);
#1519=ORIENTED_EDGE('',*,*,#1194,.T.);
#1520=ORIENTED_EDGE('',*,*,#1195,.T.);
#1521=ORIENTED_EDGE('',*,*,#1196,.T.);
#1522=ORIENTED_EDGE('',*,*,#1197,.T.);
#1523=ORIENTED_EDGE('',*,*,#1198,.T.);
#1524=ORIENTED_EDGE('',*,*,#1199,.T.);
#1525=ORIENTED_EDGE('',*,*,#1200,.T.);
#1526=ORIENTED_EDGE('',*,*,#1201,.T.);
#1527=ORIENTED_EDGE('',*,*,#1202,.T.);
#1528=ORIENTED_EDGE('',*,*,#1203,.T.);
#1529=ORIENTED_EDGE('',*,*,#1204,.T.);
#1530=ORIENTED_EDGE('',*,*,#1205,.T.);
#1531=ORIENTED_EDGE('',*,*,#1206,.T.);
#1532=ORIENTED_EDGE('',*,*,#1207,.T.);
#1533=ORIENTED_EDGE('',*,*,#1208,.T.);
#1534=ORIENTED_EDGE('',*,*,#1209,.T.);
#1535=ORIENTED_EDGE('',*,*,#1210,.T.);
#1536=ORIENTED_EDGE('',*,*,#1211,.T.);
#1537=ORIENTED_EDGE('',*,*,#1212,.T.);
#1538=ORIENTED_EDGE('',*,*,#1213,.T.);
#1539=ORIENTED_EDGE('',*,*,#1214,.T.);
#1540=ORIENTED_EDGE('',*,*,#1215,.T.);
#1541=ORIENTED_EDGE('',*,*,#1216,.T.);
#1542=ORIENTED_EDGE('',*,*,#1217,.T.);
#1543=ORIENTED_EDGE('',*,*,#1218,.T.);
#1544=ORIENTED_EDGE('',*,*,#1219,.T.);
#1545=ORIENTED_EDGE('',*,*,#1220,.T.);
#1546=ORIENTED_EDGE('',*,*,#1221,.T.);
#1547=ORIENTED_EDGE('',*,*,#1222,.T.);
#1548=ORIENTED_EDGE('',*,*,#1223,.T.);
#1549=ORIENTED_EDGE('',*,*,#1224,.T.);
#1550=ORIENTED_EDGE('',*,*,#1225,.T.);
#1551=ORIENTED_EDGE('',*,*,#1226,.T.);
#1552=ORIENTED_EDGE('',*,*,#1227,.T.);
#1553=ORIENTED_EDGE('',*,*,#1228,.T.);
#1554=ORIENTED_EDGE('',*,*,#1229,.T.);
#1555=ORIENTED_EDGE('',*,*,#1230,.F.);
#1556=ORIENTED_EDGE('',*,*,#1177,.T.);
#1557=ORIENTED_EDGE('',*,*,#1231,.T.);
#1558=ORIENTED_EDGE('',*,*,#1232,.T.);
#1559=ORIENTED_EDGE('',*,*,#1233,.T.);
#1560=ORIENTED_EDGE('',*,*,#1233,.F.);
#1561=ORIENTED_EDGE('',*,*,#1234,.T.);
#1562=ORIENTED_EDGE('',*,*,#1152,.F.);
#1563=ORIENTED_EDGE('',*,*,#1191,.F.);
#1564=ORIENTED_EDGE('',*,*,#1235,.F.);
#1565=ORIENTED_EDGE('',*,*,#1236,.F.);
#1566=ORIENTED_EDGE('',*,*,#1237,.F.);
#1567=ORIENTED_EDGE('',*,*,#1178,.F.);
#1568=ORIENTED_EDGE('',*,*,#1147,.F.);
#1569=ORIENTED_EDGE('',*,*,#1153,.F.);
#1570=ORIENTED_EDGE('',*,*,#1234,.F.);
#1571=ORIENTED_EDGE('',*,*,#1232,.F.);
#1572=ORIENTED_EDGE('',*,*,#1238,.F.);
#1573=ORIENTED_EDGE('',*,*,#1239,.F.);
#1574=ORIENTED_EDGE('',*,*,#1240,.F.);
#1575=ORIENTED_EDGE('',*,*,#1241,.F.);
#1576=ORIENTED_EDGE('',*,*,#1242,.F.);
#1577=ORIENTED_EDGE('',*,*,#1243,.F.);
#1578=ORIENTED_EDGE('',*,*,#1244,.F.);
#1579=ORIENTED_EDGE('',*,*,#1245,.T.);
#1580=ORIENTED_EDGE('',*,*,#1246,.T.);
#1581=ORIENTED_EDGE('',*,*,#1175,.T.);
#1582=ORIENTED_EDGE('',*,*,#1247,.T.);
#1583=ORIENTED_EDGE('',*,*,#1239,.T.);
#1584=ORIENTED_EDGE('',*,*,#1248,.T.);
#1585=ORIENTED_EDGE('',*,*,#1247,.F.);
#1586=ORIENTED_EDGE('',*,*,#1174,.F.);
#1587=ORIENTED_EDGE('',*,*,#1249,.F.);
#1588=ORIENTED_EDGE('',*,*,#1171,.F.);
#1589=ORIENTED_EDGE('',*,*,#1250,.F.);
#1590=ORIENTED_EDGE('',*,*,#1240,.T.);
#1591=ORIENTED_EDGE('',*,*,#1170,.T.);
#1592=ORIENTED_EDGE('',*,*,#1251,.T.);
#1593=ORIENTED_EDGE('',*,*,#1241,.T.);
#1594=ORIENTED_EDGE('',*,*,#1250,.T.);
#1595=ORIENTED_EDGE('',*,*,#1249,.T.);
#1596=ORIENTED_EDGE('',*,*,#1173,.T.);
#1597=ORIENTED_EDGE('',*,*,#1252,.T.);
#1598=ORIENTED_EDGE('',*,*,#1253,.T.);
#1599=ORIENTED_EDGE('',*,*,#1252,.F.);
#1600=ORIENTED_EDGE('',*,*,#1172,.T.);
#1601=ORIENTED_EDGE('',*,*,#1253,.F.);
#1602=ORIENTED_EDGE('',*,*,#1254,.T.);
#1603=ORIENTED_EDGE('',*,*,#1246,.F.);
#1604=ORIENTED_EDGE('',*,*,#1254,.F.);
#1605=ORIENTED_EDGE('',*,*,#1192,.T.);
#1606=ORIENTED_EDGE('',*,*,#1255,.T.);
#1607=ORIENTED_EDGE('',*,*,#1256,.T.);
#1608=ORIENTED_EDGE('',*,*,#1255,.F.);
#1609=ORIENTED_EDGE('',*,*,#1256,.F.);
#1610=ORIENTED_EDGE('',*,*,#1257,.T.);
#1611=ORIENTED_EDGE('',*,*,#1245,.F.);
#1612=ORIENTED_EDGE('',*,*,#1257,.F.);
#1613=ORIENTED_EDGE('',*,*,#1230,.T.);
#1614=ORIENTED_EDGE('',*,*,#1258,.T.);
#1615=ORIENTED_EDGE('',*,*,#1259,.T.);
#1616=ORIENTED_EDGE('',*,*,#1258,.F.);
#1617=ORIENTED_EDGE('',*,*,#1259,.F.);
#1618=ORIENTED_EDGE('',*,*,#1260,.T.);
#1619=ORIENTED_EDGE('',*,*,#1244,.T.);
#1620=ORIENTED_EDGE('',*,*,#1260,.F.);
#1621=ORIENTED_EDGE('',*,*,#1251,.F.);
#1622=ORIENTED_EDGE('',*,*,#1169,.F.);
#1623=ORIENTED_EDGE('',*,*,#1261,.F.);
#1624=ORIENTED_EDGE('',*,*,#1162,.F.);
#1625=ORIENTED_EDGE('',*,*,#1262,.F.);
#1626=ORIENTED_EDGE('',*,*,#1155,.F.);
#1627=ORIENTED_EDGE('',*,*,#1263,.T.);
#1628=ORIENTED_EDGE('',*,*,#1242,.T.);
#1629=ORIENTED_EDGE('',*,*,#1231,.F.);
#1630=ORIENTED_EDGE('',*,*,#1176,.F.);
#1631=ORIENTED_EDGE('',*,*,#1248,.F.);
#1632=ORIENTED_EDGE('',*,*,#1238,.T.);
#1633=ORIENTED_EDGE('',*,*,#1264,.F.);
#1634=ORIENTED_EDGE('',*,*,#1265,.F.);
#1635=ORIENTED_EDGE('',*,*,#1266,.T.);
#1636=ORIENTED_EDGE('',*,*,#1267,.F.);
#1637=ORIENTED_EDGE('',*,*,#1268,.F.);
#1638=ORIENTED_EDGE('',*,*,#1269,.T.);
#1639=ORIENTED_EDGE('',*,*,#1270,.T.);
#1640=ORIENTED_EDGE('',*,*,#1271,.F.);
#1641=ORIENTED_EDGE('',*,*,#1272,.F.);
#1642=ORIENTED_EDGE('',*,*,#1267,.T.);
#1643=ORIENTED_EDGE('',*,*,#1273,.T.);
#1644=ORIENTED_EDGE('',*,*,#1269,.F.);
#1645=ORIENTED_EDGE('',*,*,#1274,.F.);
#1646=ORIENTED_EDGE('',*,*,#1275,.T.);
#1647=ORIENTED_EDGE('',*,*,#1276,.T.);
#1648=ORIENTED_EDGE('',*,*,#1277,.F.);
#1649=ORIENTED_EDGE('',*,*,#1278,.F.);
#1650=ORIENTED_EDGE('',*,*,#1279,.T.);
#1651=ORIENTED_EDGE('',*,*,#1280,.T.);
#1652=ORIENTED_EDGE('',*,*,#1275,.F.);
#1653=ORIENTED_EDGE('',*,*,#1281,.F.);
#1654=ORIENTED_EDGE('',*,*,#1282,.F.);
#1655=ORIENTED_EDGE('',*,*,#1283,.T.);
#1656=ORIENTED_EDGE('',*,*,#1279,.F.);
#1657=ORIENTED_EDGE('',*,*,#1282,.T.);
#1658=ORIENTED_EDGE('',*,*,#1284,.F.);
#1659=ORIENTED_EDGE('',*,*,#1225,.F.);
#1660=ORIENTED_EDGE('',*,*,#1285,.T.);
#1661=ORIENTED_EDGE('',*,*,#1281,.T.);
#1662=ORIENTED_EDGE('',*,*,#1278,.T.);
#1663=ORIENTED_EDGE('',*,*,#1274,.T.);
#1664=ORIENTED_EDGE('',*,*,#1286,.F.);
#1665=ORIENTED_EDGE('',*,*,#1287,.F.);
#1666=ORIENTED_EDGE('',*,*,#1226,.F.);
#1667=ORIENTED_EDGE('',*,*,#1284,.T.);
#1668=ORIENTED_EDGE('',*,*,#1288,.F.);
#1669=ORIENTED_EDGE('',*,*,#1183,.F.);
#1670=ORIENTED_EDGE('',*,*,#1289,.T.);
#1671=ORIENTED_EDGE('',*,*,#1290,.F.);
#1672=ORIENTED_EDGE('',*,*,#1268,.T.);
#1673=ORIENTED_EDGE('',*,*,#1291,.F.);
#1674=ORIENTED_EDGE('',*,*,#1179,.F.);
#1675=ORIENTED_EDGE('',*,*,#1237,.T.);
#1676=ORIENTED_EDGE('',*,*,#1292,.F.);
#1677=ORIENTED_EDGE('',*,*,#1264,.T.);
#1678=ORIENTED_EDGE('',*,*,#1272,.T.);
#1679=ORIENTED_EDGE('',*,*,#1271,.T.);
#1680=ORIENTED_EDGE('',*,*,#1293,.F.);
#1681=ORIENTED_EDGE('',*,*,#1180,.F.);
#1682=ORIENTED_EDGE('',*,*,#1291,.T.);
#1683=ORIENTED_EDGE('',*,*,#1181,.F.);
#1684=ORIENTED_EDGE('',*,*,#1293,.T.);
#1685=ORIENTED_EDGE('',*,*,#1270,.F.);
#1686=ORIENTED_EDGE('',*,*,#1273,.F.);
#1687=ORIENTED_EDGE('',*,*,#1266,.F.);
#1688=ORIENTED_EDGE('',*,*,#1294,.F.);
#1689=ORIENTED_EDGE('',*,*,#1295,.F.);
#1690=ORIENTED_EDGE('',*,*,#1182,.F.);
#1691=ORIENTED_EDGE('',*,*,#1295,.T.);
#1692=ORIENTED_EDGE('',*,*,#1296,.F.);
#1693=ORIENTED_EDGE('',*,*,#1289,.F.);
#1694=ORIENTED_EDGE('',*,*,#1224,.F.);
#1695=ORIENTED_EDGE('',*,*,#1297,.T.);
#1696=ORIENTED_EDGE('',*,*,#1298,.F.);
#1697=ORIENTED_EDGE('',*,*,#1276,.F.);
#1698=ORIENTED_EDGE('',*,*,#1280,.F.);
#1699=ORIENTED_EDGE('',*,*,#1283,.F.);
#1700=ORIENTED_EDGE('',*,*,#1285,.F.);
#1701=ORIENTED_EDGE('',*,*,#1227,.F.);
#1702=ORIENTED_EDGE('',*,*,#1287,.T.);
#1703=ORIENTED_EDGE('',*,*,#1299,.F.);
#1704=ORIENTED_EDGE('',*,*,#1300,.F.);
#1705=ORIENTED_EDGE('',*,*,#1228,.F.);
#1706=ORIENTED_EDGE('',*,*,#1300,.T.);
#1707=ORIENTED_EDGE('',*,*,#1301,.F.);
#1708=ORIENTED_EDGE('',*,*,#1302,.F.);
#1709=ORIENTED_EDGE('',*,*,#1229,.F.);
#1710=ORIENTED_EDGE('',*,*,#1302,.T.);
#1711=ORIENTED_EDGE('',*,*,#1303,.F.);
#1712=ORIENTED_EDGE('',*,*,#1297,.F.);
#1713=ORIENTED_EDGE('',*,*,#1303,.T.);
#1714=ORIENTED_EDGE('',*,*,#1301,.T.);
#1715=ORIENTED_EDGE('',*,*,#1299,.T.);
#1716=ORIENTED_EDGE('',*,*,#1286,.T.);
#1717=ORIENTED_EDGE('',*,*,#1277,.T.);
#1718=ORIENTED_EDGE('',*,*,#1298,.T.);
#1719=ORIENTED_EDGE('',*,*,#1304,.F.);
#1720=ORIENTED_EDGE('',*,*,#1305,.F.);
#1721=ORIENTED_EDGE('',*,*,#1306,.F.);
#1722=ORIENTED_EDGE('',*,*,#1307,.T.);
#1723=ORIENTED_EDGE('',*,*,#1217,.F.);
#1724=ORIENTED_EDGE('',*,*,#1308,.T.);
#1725=ORIENTED_EDGE('',*,*,#1305,.T.);
#1726=ORIENTED_EDGE('',*,*,#1309,.T.);
#1727=ORIENTED_EDGE('',*,*,#1310,.T.);
#1728=ORIENTED_EDGE('',*,*,#1311,.T.);
#1729=ORIENTED_EDGE('',*,*,#1306,.T.);
#1730=ORIENTED_EDGE('',*,*,#1312,.T.);
#1731=ORIENTED_EDGE('',*,*,#1313,.T.);
#1732=ORIENTED_EDGE('',*,*,#1314,.T.);
#1733=ORIENTED_EDGE('',*,*,#1304,.T.);
#1734=ORIENTED_EDGE('',*,*,#1315,.T.);
#1735=ORIENTED_EDGE('',*,*,#1315,.F.);
#1736=ORIENTED_EDGE('',*,*,#1307,.F.);
#1737=ORIENTED_EDGE('',*,*,#1311,.F.);
#1738=ORIENTED_EDGE('',*,*,#1316,.T.);
#1739=ORIENTED_EDGE('',*,*,#1317,.T.);
#1740=ORIENTED_EDGE('',*,*,#1318,.T.);
#1741=ORIENTED_EDGE('',*,*,#1319,.T.);
#1742=ORIENTED_EDGE('',*,*,#1310,.F.);
#1743=ORIENTED_EDGE('',*,*,#1320,.F.);
#1744=ORIENTED_EDGE('',*,*,#1222,.F.);
#1745=ORIENTED_EDGE('',*,*,#1321,.T.);
#1746=ORIENTED_EDGE('',*,*,#1316,.F.);
#1747=ORIENTED_EDGE('',*,*,#1312,.F.);
#1748=ORIENTED_EDGE('',*,*,#1308,.F.);
#1749=ORIENTED_EDGE('',*,*,#1223,.F.);
#1750=ORIENTED_EDGE('',*,*,#1320,.T.);
#1751=ORIENTED_EDGE('',*,*,#1322,.F.);
#1752=ORIENTED_EDGE('',*,*,#1323,.F.);
#1753=ORIENTED_EDGE('',*,*,#1324,.F.);
#1754=ORIENTED_EDGE('',*,*,#1325,.T.);
#1755=ORIENTED_EDGE('',*,*,#1159,.F.);
#1756=ORIENTED_EDGE('',*,*,#1326,.T.);
#1757=ORIENTED_EDGE('',*,*,#1323,.T.);
#1758=ORIENTED_EDGE('',*,*,#1327,.T.);
#1759=ORIENTED_EDGE('',*,*,#1328,.T.);
#1760=ORIENTED_EDGE('',*,*,#1329,.T.);
#1761=ORIENTED_EDGE('',*,*,#1324,.T.);
#1762=ORIENTED_EDGE('',*,*,#1330,.T.);
#1763=ORIENTED_EDGE('',*,*,#1331,.T.);
#1764=ORIENTED_EDGE('',*,*,#1332,.T.);
#1765=ORIENTED_EDGE('',*,*,#1322,.T.);
#1766=ORIENTED_EDGE('',*,*,#1333,.T.);
#1767=ORIENTED_EDGE('',*,*,#1331,.F.);
#1768=ORIENTED_EDGE('',*,*,#1334,.F.);
#1769=ORIENTED_EDGE('',*,*,#1335,.F.);
#1770=ORIENTED_EDGE('',*,*,#1336,.T.);
#1771=ORIENTED_EDGE('',*,*,#1161,.F.);
#1772=ORIENTED_EDGE('',*,*,#1337,.T.);
#1773=ORIENTED_EDGE('',*,*,#1333,.F.);
#1774=ORIENTED_EDGE('',*,*,#1325,.F.);
#1775=ORIENTED_EDGE('',*,*,#1329,.F.);
#1776=ORIENTED_EDGE('',*,*,#1338,.T.);
#1777=ORIENTED_EDGE('',*,*,#1339,.T.);
#1778=ORIENTED_EDGE('',*,*,#1340,.T.);
#1779=ORIENTED_EDGE('',*,*,#1334,.T.);
#1780=ORIENTED_EDGE('',*,*,#1328,.F.);
#1781=ORIENTED_EDGE('',*,*,#1341,.F.);
#1782=ORIENTED_EDGE('',*,*,#1157,.F.);
#1783=ORIENTED_EDGE('',*,*,#1342,.T.);
#1784=ORIENTED_EDGE('',*,*,#1338,.F.);
#1785=ORIENTED_EDGE('',*,*,#1343,.F.);
#1786=ORIENTED_EDGE('',*,*,#1344,.F.);
#1787=ORIENTED_EDGE('',*,*,#1345,.F.);
#1788=ORIENTED_EDGE('',*,*,#1346,.T.);
#1789=ORIENTED_EDGE('',*,*,#1210,.F.);
#1790=ORIENTED_EDGE('',*,*,#1347,.T.);
#1791=ORIENTED_EDGE('',*,*,#1344,.T.);
#1792=ORIENTED_EDGE('',*,*,#1348,.T.);
#1793=ORIENTED_EDGE('',*,*,#1349,.T.);
#1794=ORIENTED_EDGE('',*,*,#1350,.T.);
#1795=ORIENTED_EDGE('',*,*,#1345,.T.);
#1796=ORIENTED_EDGE('',*,*,#1351,.T.);
#1797=ORIENTED_EDGE('',*,*,#1352,.T.);
#1798=ORIENTED_EDGE('',*,*,#1353,.T.);
#1799=ORIENTED_EDGE('',*,*,#1343,.T.);
#1800=ORIENTED_EDGE('',*,*,#1354,.T.);
#1801=ORIENTED_EDGE('',*,*,#1351,.F.);
#1802=ORIENTED_EDGE('',*,*,#1347,.F.);
#1803=ORIENTED_EDGE('',*,*,#1216,.F.);
#1804=ORIENTED_EDGE('',*,*,#1355,.T.);
#1805=ORIENTED_EDGE('',*,*,#1348,.F.);
#1806=ORIENTED_EDGE('',*,*,#1353,.F.);
#1807=ORIENTED_EDGE('',*,*,#1356,.F.);
#1808=ORIENTED_EDGE('',*,*,#1211,.F.);
#1809=ORIENTED_EDGE('',*,*,#1352,.F.);
#1810=ORIENTED_EDGE('',*,*,#1357,.F.);
#1811=ORIENTED_EDGE('',*,*,#1358,.F.);
#1812=ORIENTED_EDGE('',*,*,#1212,.F.);
#1813=ORIENTED_EDGE('',*,*,#1356,.T.);
#1814=ORIENTED_EDGE('',*,*,#1359,.F.);
#1815=ORIENTED_EDGE('',*,*,#1360,.F.);
#1816=ORIENTED_EDGE('',*,*,#1361,.F.);
#1817=ORIENTED_EDGE('',*,*,#1362,.T.);
#1818=ORIENTED_EDGE('',*,*,#1186,.F.);
#1819=ORIENTED_EDGE('',*,*,#1363,.T.);
#1820=ORIENTED_EDGE('',*,*,#1360,.T.);
#1821=ORIENTED_EDGE('',*,*,#1364,.T.);
#1822=ORIENTED_EDGE('',*,*,#1365,.T.);
#1823=ORIENTED_EDGE('',*,*,#1366,.T.);
#1824=ORIENTED_EDGE('',*,*,#1361,.T.);
#1825=ORIENTED_EDGE('',*,*,#1367,.T.);
#1826=ORIENTED_EDGE('',*,*,#1368,.T.);
#1827=ORIENTED_EDGE('',*,*,#1369,.T.);
#1828=ORIENTED_EDGE('',*,*,#1359,.T.);
#1829=ORIENTED_EDGE('',*,*,#1370,.T.);
#1830=ORIENTED_EDGE('',*,*,#1370,.F.);
#1831=ORIENTED_EDGE('',*,*,#1362,.F.);
#1832=ORIENTED_EDGE('',*,*,#1366,.F.);
#1833=ORIENTED_EDGE('',*,*,#1371,.T.);
#1834=ORIENTED_EDGE('',*,*,#1290,.T.);
#1835=ORIENTED_EDGE('',*,*,#1296,.T.);
#1836=ORIENTED_EDGE('',*,*,#1294,.T.);
#1837=ORIENTED_EDGE('',*,*,#1265,.T.);
#1838=ORIENTED_EDGE('',*,*,#1292,.T.);
#1839=ORIENTED_EDGE('',*,*,#1236,.T.);
#1840=ORIENTED_EDGE('',*,*,#1372,.T.);
#1841=ORIENTED_EDGE('',*,*,#1373,.T.);
#1842=ORIENTED_EDGE('',*,*,#1374,.T.);
#1843=ORIENTED_EDGE('',*,*,#1365,.F.);
#1844=ORIENTED_EDGE('',*,*,#1375,.F.);
#1845=ORIENTED_EDGE('',*,*,#1184,.F.);
#1846=ORIENTED_EDGE('',*,*,#1288,.T.);
#1847=ORIENTED_EDGE('',*,*,#1371,.F.);
#1848=ORIENTED_EDGE('',*,*,#1367,.F.);
#1849=ORIENTED_EDGE('',*,*,#1363,.F.);
#1850=ORIENTED_EDGE('',*,*,#1185,.F.);
#1851=ORIENTED_EDGE('',*,*,#1375,.T.);
#1852=ORIENTED_EDGE('',*,*,#1376,.F.);
#1853=ORIENTED_EDGE('',*,*,#1377,.F.);
#1854=ORIENTED_EDGE('',*,*,#1378,.F.);
#1855=ORIENTED_EDGE('',*,*,#1379,.T.);
#1856=ORIENTED_EDGE('',*,*,#1193,.F.);
#1857=ORIENTED_EDGE('',*,*,#1380,.T.);
#1858=ORIENTED_EDGE('',*,*,#1377,.T.);
#1859=ORIENTED_EDGE('',*,*,#1381,.T.);
#1860=ORIENTED_EDGE('',*,*,#1382,.T.);
#1861=ORIENTED_EDGE('',*,*,#1383,.T.);
#1862=ORIENTED_EDGE('',*,*,#1378,.T.);
#1863=ORIENTED_EDGE('',*,*,#1384,.T.);
#1864=ORIENTED_EDGE('',*,*,#1385,.T.);
#1865=ORIENTED_EDGE('',*,*,#1386,.T.);
#1866=ORIENTED_EDGE('',*,*,#1376,.T.);
#1867=ORIENTED_EDGE('',*,*,#1387,.T.);
#1868=ORIENTED_EDGE('',*,*,#1387,.F.);
#1869=ORIENTED_EDGE('',*,*,#1379,.F.);
#1870=ORIENTED_EDGE('',*,*,#1383,.F.);
#1871=ORIENTED_EDGE('',*,*,#1388,.T.);
#1872=ORIENTED_EDGE('',*,*,#1389,.F.);
#1873=ORIENTED_EDGE('',*,*,#1390,.F.);
#1874=ORIENTED_EDGE('',*,*,#1391,.F.);
#1875=ORIENTED_EDGE('',*,*,#1392,.T.);
#1876=ORIENTED_EDGE('',*,*,#1393,.T.);
#1877=ORIENTED_EDGE('',*,*,#1394,.T.);
#1878=ORIENTED_EDGE('',*,*,#1382,.F.);
#1879=ORIENTED_EDGE('',*,*,#1395,.F.);
#1880=ORIENTED_EDGE('',*,*,#1201,.F.);
#1881=ORIENTED_EDGE('',*,*,#1396,.T.);
#1882=ORIENTED_EDGE('',*,*,#1397,.F.);
#1883=ORIENTED_EDGE('',*,*,#1388,.F.);
#1884=ORIENTED_EDGE('',*,*,#1384,.F.);
#1885=ORIENTED_EDGE('',*,*,#1380,.F.);
#1886=ORIENTED_EDGE('',*,*,#1202,.F.);
#1887=ORIENTED_EDGE('',*,*,#1395,.T.);
#1888=ORIENTED_EDGE('',*,*,#1398,.F.);
#1889=ORIENTED_EDGE('',*,*,#1399,.F.);
#1890=ORIENTED_EDGE('',*,*,#1400,.F.);
#1891=ORIENTED_EDGE('',*,*,#1390,.T.);
#1892=ORIENTED_EDGE('',*,*,#1199,.F.);
#1893=ORIENTED_EDGE('',*,*,#1401,.T.);
#1894=ORIENTED_EDGE('',*,*,#1399,.T.);
#1895=ORIENTED_EDGE('',*,*,#1402,.T.);
#1896=ORIENTED_EDGE('',*,*,#1403,.T.);
#1897=ORIENTED_EDGE('',*,*,#1391,.T.);
#1898=ORIENTED_EDGE('',*,*,#1400,.T.);
#1899=ORIENTED_EDGE('',*,*,#1404,.T.);
#1900=ORIENTED_EDGE('',*,*,#1397,.T.);
#1901=ORIENTED_EDGE('',*,*,#1405,.T.);
#1902=ORIENTED_EDGE('',*,*,#1398,.T.);
#1903=ORIENTED_EDGE('',*,*,#1389,.T.);
#1904=ORIENTED_EDGE('',*,*,#1403,.F.);
#1905=ORIENTED_EDGE('',*,*,#1406,.F.);
#1906=ORIENTED_EDGE('',*,*,#1197,.F.);
#1907=ORIENTED_EDGE('',*,*,#1407,.T.);
#1908=ORIENTED_EDGE('',*,*,#1392,.F.);
#1909=ORIENTED_EDGE('',*,*,#1404,.F.);
#1910=ORIENTED_EDGE('',*,*,#1401,.F.);
#1911=ORIENTED_EDGE('',*,*,#1198,.F.);
#1912=ORIENTED_EDGE('',*,*,#1406,.T.);
#1913=ORIENTED_EDGE('',*,*,#1408,.F.);
#1914=ORIENTED_EDGE('',*,*,#1409,.F.);
#1915=ORIENTED_EDGE('',*,*,#1410,.F.);
#1916=ORIENTED_EDGE('',*,*,#1411,.T.);
#1917=ORIENTED_EDGE('',*,*,#1165,.F.);
#1918=ORIENTED_EDGE('',*,*,#1412,.T.);
#1919=ORIENTED_EDGE('',*,*,#1409,.T.);
#1920=ORIENTED_EDGE('',*,*,#1413,.T.);
#1921=ORIENTED_EDGE('',*,*,#1414,.T.);
#1922=ORIENTED_EDGE('',*,*,#1415,.T.);
#1923=ORIENTED_EDGE('',*,*,#1410,.T.);
#1924=ORIENTED_EDGE('',*,*,#1416,.T.);
#1925=ORIENTED_EDGE('',*,*,#1417,.T.);
#1926=ORIENTED_EDGE('',*,*,#1418,.T.);
#1927=ORIENTED_EDGE('',*,*,#1408,.T.);
#1928=ORIENTED_EDGE('',*,*,#1419,.T.);
#1929=ORIENTED_EDGE('',*,*,#1419,.F.);
#1930=ORIENTED_EDGE('',*,*,#1411,.F.);
#1931=ORIENTED_EDGE('',*,*,#1415,.F.);
#1932=ORIENTED_EDGE('',*,*,#1420,.T.);
#1933=ORIENTED_EDGE('',*,*,#1421,.T.);
#1934=ORIENTED_EDGE('',*,*,#1422,.T.);
#1935=ORIENTED_EDGE('',*,*,#1423,.T.);
#1936=ORIENTED_EDGE('',*,*,#1414,.F.);
#1937=ORIENTED_EDGE('',*,*,#1424,.F.);
#1938=ORIENTED_EDGE('',*,*,#1163,.F.);
#1939=ORIENTED_EDGE('',*,*,#1425,.T.);
#1940=ORIENTED_EDGE('',*,*,#1426,.T.);
#1941=ORIENTED_EDGE('',*,*,#1420,.F.);
#1942=ORIENTED_EDGE('',*,*,#1416,.F.);
#1943=ORIENTED_EDGE('',*,*,#1412,.F.);
#1944=ORIENTED_EDGE('',*,*,#1164,.F.);
#1945=ORIENTED_EDGE('',*,*,#1424,.T.);
#1946=ORIENTED_EDGE('',*,*,#1427,.F.);
#1947=ORIENTED_EDGE('',*,*,#1428,.F.);
#1948=ORIENTED_EDGE('',*,*,#1429,.F.);
#1949=ORIENTED_EDGE('',*,*,#1430,.T.);
#1950=ORIENTED_EDGE('',*,*,#1203,.F.);
#1951=ORIENTED_EDGE('',*,*,#1431,.T.);
#1952=ORIENTED_EDGE('',*,*,#1428,.T.);
#1953=ORIENTED_EDGE('',*,*,#1432,.T.);
#1954=ORIENTED_EDGE('',*,*,#1433,.T.);
#1955=ORIENTED_EDGE('',*,*,#1434,.T.);
#1956=ORIENTED_EDGE('',*,*,#1429,.T.);
#1957=ORIENTED_EDGE('',*,*,#1435,.T.);
#1958=ORIENTED_EDGE('',*,*,#1436,.T.);
#1959=ORIENTED_EDGE('',*,*,#1437,.T.);
#1960=ORIENTED_EDGE('',*,*,#1427,.T.);
#1961=ORIENTED_EDGE('',*,*,#1438,.T.);
#1962=ORIENTED_EDGE('',*,*,#1438,.F.);
#1963=ORIENTED_EDGE('',*,*,#1430,.F.);
#1964=ORIENTED_EDGE('',*,*,#1434,.F.);
#1965=ORIENTED_EDGE('',*,*,#1439,.T.);
#1966=ORIENTED_EDGE('',*,*,#1440,.T.);
#1967=ORIENTED_EDGE('',*,*,#1441,.T.);
#1968=ORIENTED_EDGE('',*,*,#1442,.T.);
#1969=ORIENTED_EDGE('',*,*,#1433,.F.);
#1970=ORIENTED_EDGE('',*,*,#1443,.F.);
#1971=ORIENTED_EDGE('',*,*,#1208,.F.);
#1972=ORIENTED_EDGE('',*,*,#1444,.T.);
#1973=ORIENTED_EDGE('',*,*,#1439,.F.);
#1974=ORIENTED_EDGE('',*,*,#1435,.F.);
#1975=ORIENTED_EDGE('',*,*,#1431,.F.);
#1976=ORIENTED_EDGE('',*,*,#1209,.F.);
#1977=ORIENTED_EDGE('',*,*,#1443,.T.);
#1978=ORIENTED_EDGE('',*,*,#1332,.F.);
#1979=ORIENTED_EDGE('',*,*,#1337,.F.);
#1980=ORIENTED_EDGE('',*,*,#1160,.F.);
#1981=ORIENTED_EDGE('',*,*,#1327,.F.);
#1982=ORIENTED_EDGE('',*,*,#1445,.T.);
#1983=ORIENTED_EDGE('',*,*,#1335,.T.);
#1984=ORIENTED_EDGE('',*,*,#1340,.F.);
#1985=ORIENTED_EDGE('',*,*,#1446,.F.);
#1986=ORIENTED_EDGE('',*,*,#1156,.F.);
#1987=ORIENTED_EDGE('',*,*,#1447,.T.);
#1988=ORIENTED_EDGE('',*,*,#1446,.T.);
#1989=ORIENTED_EDGE('',*,*,#1339,.F.);
#1990=ORIENTED_EDGE('',*,*,#1342,.F.);
#1991=ORIENTED_EDGE('',*,*,#1326,.F.);
#1992=ORIENTED_EDGE('',*,*,#1158,.F.);
#1993=ORIENTED_EDGE('',*,*,#1341,.T.);
#1994=ORIENTED_EDGE('',*,*,#1330,.F.);
#1995=ORIENTED_EDGE('',*,*,#1262,.T.);
#1996=ORIENTED_EDGE('',*,*,#1336,.F.);
#1997=ORIENTED_EDGE('',*,*,#1445,.F.);
#1998=ORIENTED_EDGE('',*,*,#1447,.F.);
#1999=ORIENTED_EDGE('',*,*,#1369,.F.);
#2000=ORIENTED_EDGE('',*,*,#1448,.F.);
#2001=ORIENTED_EDGE('',*,*,#1187,.F.);
#2002=ORIENTED_EDGE('',*,*,#1364,.F.);
#2003=ORIENTED_EDGE('',*,*,#1368,.F.);
#2004=ORIENTED_EDGE('',*,*,#1374,.F.);
#2005=ORIENTED_EDGE('',*,*,#1449,.F.);
#2006=ORIENTED_EDGE('',*,*,#1188,.F.);
#2007=ORIENTED_EDGE('',*,*,#1448,.T.);
#2008=ORIENTED_EDGE('',*,*,#1189,.F.);
#2009=ORIENTED_EDGE('',*,*,#1449,.T.);
#2010=ORIENTED_EDGE('',*,*,#1373,.F.);
#2011=ORIENTED_EDGE('',*,*,#1450,.F.);
#2012=ORIENTED_EDGE('',*,*,#1235,.T.);
#2013=ORIENTED_EDGE('',*,*,#1190,.F.);
#2014=ORIENTED_EDGE('',*,*,#1450,.T.);
#2015=ORIENTED_EDGE('',*,*,#1372,.F.);
#2016=ORIENTED_EDGE('',*,*,#1437,.F.);
#2017=ORIENTED_EDGE('',*,*,#1451,.F.);
#2018=ORIENTED_EDGE('',*,*,#1204,.F.);
#2019=ORIENTED_EDGE('',*,*,#1432,.F.);
#2020=ORIENTED_EDGE('',*,*,#1436,.F.);
#2021=ORIENTED_EDGE('',*,*,#1442,.F.);
#2022=ORIENTED_EDGE('',*,*,#1452,.F.);
#2023=ORIENTED_EDGE('',*,*,#1205,.F.);
#2024=ORIENTED_EDGE('',*,*,#1451,.T.);
#2025=ORIENTED_EDGE('',*,*,#1206,.F.);
#2026=ORIENTED_EDGE('',*,*,#1452,.T.);
#2027=ORIENTED_EDGE('',*,*,#1441,.F.);
#2028=ORIENTED_EDGE('',*,*,#1453,.F.);
#2029=ORIENTED_EDGE('',*,*,#1207,.F.);
#2030=ORIENTED_EDGE('',*,*,#1453,.T.);
#2031=ORIENTED_EDGE('',*,*,#1440,.F.);
#2032=ORIENTED_EDGE('',*,*,#1444,.F.);
#2033=ORIENTED_EDGE('',*,*,#1314,.F.);
#2034=ORIENTED_EDGE('',*,*,#1454,.F.);
#2035=ORIENTED_EDGE('',*,*,#1218,.F.);
#2036=ORIENTED_EDGE('',*,*,#1309,.F.);
#2037=ORIENTED_EDGE('',*,*,#1313,.F.);
#2038=ORIENTED_EDGE('',*,*,#1319,.F.);
#2039=ORIENTED_EDGE('',*,*,#1455,.F.);
#2040=ORIENTED_EDGE('',*,*,#1219,.F.);
#2041=ORIENTED_EDGE('',*,*,#1454,.T.);
#2042=ORIENTED_EDGE('',*,*,#1220,.F.);
#2043=ORIENTED_EDGE('',*,*,#1455,.T.);
#2044=ORIENTED_EDGE('',*,*,#1318,.F.);
#2045=ORIENTED_EDGE('',*,*,#1456,.F.);
#2046=ORIENTED_EDGE('',*,*,#1221,.F.);
#2047=ORIENTED_EDGE('',*,*,#1456,.T.);
#2048=ORIENTED_EDGE('',*,*,#1317,.F.);
#2049=ORIENTED_EDGE('',*,*,#1321,.F.);
#2050=ORIENTED_EDGE('',*,*,#1213,.F.);
#2051=ORIENTED_EDGE('',*,*,#1358,.T.);
#2052=ORIENTED_EDGE('',*,*,#1457,.F.);
#2053=ORIENTED_EDGE('',*,*,#1458,.F.);
#2054=ORIENTED_EDGE('',*,*,#1214,.F.);
#2055=ORIENTED_EDGE('',*,*,#1458,.T.);
#2056=ORIENTED_EDGE('',*,*,#1459,.F.);
#2057=ORIENTED_EDGE('',*,*,#1460,.F.);
#2058=ORIENTED_EDGE('',*,*,#1349,.F.);
#2059=ORIENTED_EDGE('',*,*,#1355,.F.);
#2060=ORIENTED_EDGE('',*,*,#1215,.F.);
#2061=ORIENTED_EDGE('',*,*,#1460,.T.);
#2062=ORIENTED_EDGE('',*,*,#1461,.F.);
#2063=ORIENTED_EDGE('',*,*,#1350,.F.);
#2064=ORIENTED_EDGE('',*,*,#1461,.T.);
#2065=ORIENTED_EDGE('',*,*,#1459,.T.);
#2066=ORIENTED_EDGE('',*,*,#1457,.T.);
#2067=ORIENTED_EDGE('',*,*,#1357,.T.);
#2068=ORIENTED_EDGE('',*,*,#1354,.F.);
#2069=ORIENTED_EDGE('',*,*,#1346,.F.);
#2070=ORIENTED_EDGE('',*,*,#1418,.F.);
#2071=ORIENTED_EDGE('',*,*,#1462,.F.);
#2072=ORIENTED_EDGE('',*,*,#1166,.F.);
#2073=ORIENTED_EDGE('',*,*,#1413,.F.);
#2074=ORIENTED_EDGE('',*,*,#1417,.F.);
#2075=ORIENTED_EDGE('',*,*,#1423,.F.);
#2076=ORIENTED_EDGE('',*,*,#1463,.F.);
#2077=ORIENTED_EDGE('',*,*,#1167,.F.);
#2078=ORIENTED_EDGE('',*,*,#1462,.T.);
#2079=ORIENTED_EDGE('',*,*,#1464,.T.);
#2080=ORIENTED_EDGE('',*,*,#1168,.F.);
#2081=ORIENTED_EDGE('',*,*,#1463,.T.);
#2082=ORIENTED_EDGE('',*,*,#1422,.F.);
#2083=ORIENTED_EDGE('',*,*,#1465,.F.);
#2084=ORIENTED_EDGE('',*,*,#1466,.T.);
#2085=ORIENTED_EDGE('',*,*,#1465,.T.);
#2086=ORIENTED_EDGE('',*,*,#1421,.F.);
#2087=ORIENTED_EDGE('',*,*,#1426,.F.);
#2088=ORIENTED_EDGE('',*,*,#1261,.T.);
#2089=ORIENTED_EDGE('',*,*,#1464,.F.);
#2090=ORIENTED_EDGE('',*,*,#1466,.F.);
#2091=ORIENTED_EDGE('',*,*,#1425,.F.);
#2092=ORIENTED_EDGE('',*,*,#1405,.F.);
#2093=ORIENTED_EDGE('',*,*,#1396,.F.);
#2094=ORIENTED_EDGE('',*,*,#1200,.F.);
#2095=ORIENTED_EDGE('',*,*,#1402,.F.);
#2096=ORIENTED_EDGE('',*,*,#1386,.F.);
#2097=ORIENTED_EDGE('',*,*,#1467,.F.);
#2098=ORIENTED_EDGE('',*,*,#1194,.F.);
#2099=ORIENTED_EDGE('',*,*,#1381,.F.);
#2100=ORIENTED_EDGE('',*,*,#1385,.F.);
#2101=ORIENTED_EDGE('',*,*,#1394,.F.);
#2102=ORIENTED_EDGE('',*,*,#1468,.F.);
#2103=ORIENTED_EDGE('',*,*,#1195,.F.);
#2104=ORIENTED_EDGE('',*,*,#1467,.T.);
#2105=ORIENTED_EDGE('',*,*,#1196,.F.);
#2106=ORIENTED_EDGE('',*,*,#1468,.T.);
#2107=ORIENTED_EDGE('',*,*,#1393,.F.);
#2108=ORIENTED_EDGE('',*,*,#1407,.F.);
#2109=ORIENTED_EDGE('',*,*,#1148,.F.);
#2110=ORIENTED_EDGE('',*,*,#1243,.T.);
#2111=ORIENTED_EDGE('',*,*,#1263,.F.);
#2112=ORIENTED_EDGE('',*,*,#1154,.F.);
#2113=CYLINDRICAL_SURFACE('',#2280,3.);
#2114=CYLINDRICAL_SURFACE('',#2300,3.);
#2115=CYLINDRICAL_SURFACE('',#2309,3.);
#2116=CYLINDRICAL_SURFACE('',#2311,3.);
#2117=CYLINDRICAL_SURFACE('',#2314,3.5);
#2118=CYLINDRICAL_SURFACE('',#2317,3.5);
#2119=CYLINDRICAL_SURFACE('',#2320,2.4);
#2120=CYLINDRICAL_SURFACE('',#2346,0.5);
#2121=CYLINDRICAL_SURFACE('',#2347,0.5);
#2122=CYLINDRICAL_SURFACE('',#2349,0.5);
#2123=CYLINDRICAL_SURFACE('',#2359,0.5);
#2124=CYLINDRICAL_SURFACE('',#2360,0.5);
#2125=CYLINDRICAL_SURFACE('',#2362,0.5);
#2126=CYLINDRICAL_SURFACE('',#2372,0.5);
#2127=CYLINDRICAL_SURFACE('',#2373,0.5);
#2128=CYLINDRICAL_SURFACE('',#2375,0.5);
#2129=CYLINDRICAL_SURFACE('',#2385,0.5);
#2130=CYLINDRICAL_SURFACE('',#2386,0.5);
#2131=CYLINDRICAL_SURFACE('',#2388,0.5);
#2132=CYLINDRICAL_SURFACE('',#2398,0.5);
#2133=CYLINDRICAL_SURFACE('',#2399,0.5);
#2134=CYLINDRICAL_SURFACE('',#2401,0.5);
#2135=CYLINDRICAL_SURFACE('',#2412,0.5);
#2136=CYLINDRICAL_SURFACE('',#2413,0.5);
#2137=CYLINDRICAL_SURFACE('',#2415,0.5);
#2138=CYLINDRICAL_SURFACE('',#2423,0.5);
#2139=CYLINDRICAL_SURFACE('',#2424,0.5);
#2140=CYLINDRICAL_SURFACE('',#2426,0.5);
#2141=CYLINDRICAL_SURFACE('',#2436,0.5);
#2142=CYLINDRICAL_SURFACE('',#2437,0.5);
#2143=CYLINDRICAL_SURFACE('',#2439,0.5);
#2144=ADVANCED_FACE('',(#120),#2113,.T.);
#2145=ADVANCED_FACE('',(#121),#41,.F.);
#2146=ADVANCED_FACE('',(#122,#31,#32,#33,#34,#35,#36,#37),#42,.T.);
#2147=ADVANCED_FACE('',(#123),#2114,.T.);
#2148=ADVANCED_FACE('',(#124),#43,.F.);
#2149=ADVANCED_FACE('',(#125,#38,#39,#40),#44,.T.);
#2150=ADVANCED_FACE('',(#126),#2115,.T.);
#2151=ADVANCED_FACE('',(#127),#45,.T.);
#2152=ADVANCED_FACE('',(#128),#2116,.T.);
#2153=ADVANCED_FACE('',(#129),#27,.F.);
#2154=ADVANCED_FACE('',(#130),#2117,.F.);
#2155=ADVANCED_FACE('',(#131),#28,.F.);
#2156=ADVANCED_FACE('',(#132),#2118,.F.);
#2157=ADVANCED_FACE('',(#133),#29,.F.);
#2158=ADVANCED_FACE('',(#134),#2119,.F.);
#2159=ADVANCED_FACE('',(#135),#46,.T.);
#2160=ADVANCED_FACE('',(#136),#47,.T.);
#2161=ADVANCED_FACE('',(#137),#48,.F.);
#2162=ADVANCED_FACE('',(#138),#49,.F.);
#2163=ADVANCED_FACE('',(#139),#50,.F.);
#2164=ADVANCED_FACE('',(#140),#51,.F.);
#2165=ADVANCED_FACE('',(#141),#52,.F.);
#2166=ADVANCED_FACE('',(#142),#53,.F.);
#2167=ADVANCED_FACE('',(#143),#54,.T.);
#2168=ADVANCED_FACE('',(#144),#55,.T.);
#2169=ADVANCED_FACE('',(#145),#56,.T.);
#2170=ADVANCED_FACE('',(#146),#57,.T.);
#2171=ADVANCED_FACE('',(#147),#58,.T.);
#2172=ADVANCED_FACE('',(#148),#59,.T.);
#2173=ADVANCED_FACE('',(#149),#60,.T.);
#2174=ADVANCED_FACE('',(#150),#61,.T.);
#2175=ADVANCED_FACE('',(#151),#62,.T.);
#2176=ADVANCED_FACE('',(#152),#63,.T.);
#2177=ADVANCED_FACE('',(#153),#64,.T.);
#2178=ADVANCED_FACE('',(#154),#65,.T.);
#2179=ADVANCED_FACE('',(#155),#19,.T.);
#2180=ADVANCED_FACE('',(#156),#2120,.F.);
#2181=ADVANCED_FACE('',(#157),#2121,.T.);
#2182=ADVANCED_FACE('',(#158),#2122,.T.);
#2183=ADVANCED_FACE('',(#159),#66,.T.);
#2184=ADVANCED_FACE('',(#160),#67,.T.);
#2185=ADVANCED_FACE('',(#161),#68,.T.);
#2186=ADVANCED_FACE('',(#162),#20,.T.);
#2187=ADVANCED_FACE('',(#163),#2123,.F.);
#2188=ADVANCED_FACE('',(#164),#2124,.T.);
#2189=ADVANCED_FACE('',(#165),#2125,.T.);
#2190=ADVANCED_FACE('',(#166),#69,.T.);
#2191=ADVANCED_FACE('',(#167),#70,.T.);
#2192=ADVANCED_FACE('',(#168),#71,.T.);
#2193=ADVANCED_FACE('',(#169),#21,.T.);
#2194=ADVANCED_FACE('',(#170),#2126,.F.);
#2195=ADVANCED_FACE('',(#171),#2127,.T.);
#2196=ADVANCED_FACE('',(#172),#2128,.T.);
#2197=ADVANCED_FACE('',(#173),#72,.T.);
#2198=ADVANCED_FACE('',(#174),#73,.T.);
#2199=ADVANCED_FACE('',(#175),#74,.T.);
#2200=ADVANCED_FACE('',(#176),#22,.T.);
#2201=ADVANCED_FACE('',(#177),#2129,.F.);
#2202=ADVANCED_FACE('',(#178),#2130,.T.);
#2203=ADVANCED_FACE('',(#179),#2131,.T.);
#2204=ADVANCED_FACE('',(#180),#75,.T.);
#2205=ADVANCED_FACE('',(#181),#76,.T.);
#2206=ADVANCED_FACE('',(#182),#77,.T.);
#2207=ADVANCED_FACE('',(#183),#23,.T.);
#2208=ADVANCED_FACE('',(#184),#2132,.F.);
#2209=ADVANCED_FACE('',(#185),#2133,.T.);
#2210=ADVANCED_FACE('',(#186),#2134,.T.);
#2211=ADVANCED_FACE('',(#187),#78,.T.);
#2212=ADVANCED_FACE('',(#188),#79,.T.);
#2213=ADVANCED_FACE('',(#189),#80,.T.);
#2214=ADVANCED_FACE('',(#190),#24,.T.);
#2215=ADVANCED_FACE('',(#191),#2135,.F.);
#2216=ADVANCED_FACE('',(#192),#2136,.T.);
#2217=ADVANCED_FACE('',(#193),#2137,.T.);
#2218=ADVANCED_FACE('',(#194),#81,.T.);
#2219=ADVANCED_FACE('',(#195),#82,.T.);
#2220=ADVANCED_FACE('',(#196),#25,.T.);
#2221=ADVANCED_FACE('',(#197),#2138,.F.);
#2222=ADVANCED_FACE('',(#198),#2139,.T.);
#2223=ADVANCED_FACE('',(#199),#2140,.T.);
#2224=ADVANCED_FACE('',(#200),#83,.T.);
#2225=ADVANCED_FACE('',(#201),#84,.T.);
#2226=ADVANCED_FACE('',(#202),#85,.T.);
#2227=ADVANCED_FACE('',(#203),#26,.T.);
#2228=ADVANCED_FACE('',(#204),#2141,.F.);
#2229=ADVANCED_FACE('',(#205),#2142,.T.);
#2230=ADVANCED_FACE('',(#206),#2143,.T.);
#2231=ADVANCED_FACE('',(#207),#86,.T.);
#2232=ADVANCED_FACE('',(#208),#87,.T.);
#2233=ADVANCED_FACE('',(#209),#88,.T.);
#2234=ADVANCED_FACE('',(#210),#89,.T.);
#2235=ADVANCED_FACE('',(#211),#90,.T.);
#2236=ADVANCED_FACE('',(#212),#91,.T.);
#2237=ADVANCED_FACE('',(#213),#92,.T.);
#2238=ADVANCED_FACE('',(#214),#93,.F.);
#2239=ADVANCED_FACE('',(#215),#94,.T.);
#2240=ADVANCED_FACE('',(#216),#95,.T.);
#2241=ADVANCED_FACE('',(#217),#96,.T.);
#2242=ADVANCED_FACE('',(#218),#97,.T.);
#2243=ADVANCED_FACE('',(#219),#98,.T.);
#2244=ADVANCED_FACE('',(#220),#99,.T.);
#2245=ADVANCED_FACE('',(#221),#100,.T.);
#2246=ADVANCED_FACE('',(#222),#101,.T.);
#2247=ADVANCED_FACE('',(#223),#102,.T.);
#2248=ADVANCED_FACE('',(#224),#103,.T.);
#2249=ADVANCED_FACE('',(#225),#104,.T.);
#2250=ADVANCED_FACE('',(#226),#105,.T.);
#2251=ADVANCED_FACE('',(#227),#106,.T.);
#2252=ADVANCED_FACE('',(#228),#107,.T.);
#2253=ADVANCED_FACE('',(#229),#108,.T.);
#2254=ADVANCED_FACE('',(#230),#109,.T.);
#2255=ADVANCED_FACE('',(#231),#110,.T.);
#2256=ADVANCED_FACE('',(#232),#111,.T.);
#2257=ADVANCED_FACE('',(#233),#112,.T.);
#2258=ADVANCED_FACE('',(#234),#113,.T.);
#2259=ADVANCED_FACE('',(#235),#114,.F.);
#2260=ADVANCED_FACE('',(#236),#115,.T.);
#2261=ADVANCED_FACE('',(#237),#116,.T.);
#2262=ADVANCED_FACE('',(#238),#117,.T.);
#2263=ADVANCED_FACE('',(#239),#118,.T.);
#2264=ADVANCED_FACE('',(#240),#119,.T.);
#2265=CLOSED_SHELL('',(#2144,#2145,#2146,#2147,#2148,#2149,#2150,#2151,
#2152,#2153,#2154,#2155,#2156,#2157,#2158,#2159,#2160,#2161,#2162,#2163,
#2164,#2165,#2166,#2167,#2168,#2169,#2170,#2171,#2172,#2173,#2174,#2175,
#2176,#2177,#2178,#2179,#2180,#2181,#2182,#2183,#2184,#2185,#2186,#2187,
#2188,#2189,#2190,#2191,#2192,#2193,#2194,#2195,#2196,#2197,#2198,#2199,
#2200,#2201,#2202,#2203,#2204,#2205,#2206,#2207,#2208,#2209,#2210,#2211,
#2212,#2213,#2214,#2215,#2216,#2217,#2218,#2219,#2220,#2221,#2222,#2223,
#2224,#2225,#2226,#2227,#2228,#2229,#2230,#2231,#2232,#2233,#2234,#2235,
#2236,#2237,#2238,#2239,#2240,#2241,#2242,#2243,#2244,#2245,#2246,#2247,
#2248,#2249,#2250,#2251,#2252,#2253,#2254,#2255,#2256,#2257,#2258,#2259,
#2260,#2261,#2262,#2263,#2264));
#2266=DERIVED_UNIT_ELEMENT(#2268,1.);
#2267=DERIVED_UNIT_ELEMENT(#3781,-3.);
#2268=(
MASS_UNIT()
NAMED_UNIT(*)
SI_UNIT(.KILO.,.GRAM.)
);
#2269=DERIVED_UNIT((#2266,#2267));
#2270=MEASURE_REPRESENTATION_ITEM('density measure',
POSITIVE_RATIO_MEASURE(7850.),#2269);
#2271=PROPERTY_DEFINITION_REPRESENTATION(#2276,#2273);
#2272=PROPERTY_DEFINITION_REPRESENTATION(#2277,#2274);
#2273=REPRESENTATION('material name',(#2275),#3778);
#2274=REPRESENTATION('density',(#2270),#3778);
#2275=DESCRIPTIVE_REPRESENTATION_ITEM('Steel','Steel');
#2276=PROPERTY_DEFINITION('material property','material name',#3793);
#2277=PROPERTY_DEFINITION('material property','density of part',#3793);
#2278=AXIS2_PLACEMENT_3D('',#3119,#2476,#2477);
#2279=AXIS2_PLACEMENT_3D('',#3120,#2478,#2479);
#2280=AXIS2_PLACEMENT_3D('',#3121,#2480,#2481);
#2281=AXIS2_PLACEMENT_3D('',#3124,#2482,#2483);
#2282=AXIS2_PLACEMENT_3D('',#3128,#2485,#2486);
#2283=AXIS2_PLACEMENT_3D('',#3130,#2488,#2489);
#2284=AXIS2_PLACEMENT_3D('',#3136,#2493,#2494);
#2285=AXIS2_PLACEMENT_3D('',#3148,#2500,#2501);
#2286=AXIS2_PLACEMENT_3D('',#3160,#2507,#2508);
#2287=AXIS2_PLACEMENT_3D('',#3170,#2513,#2514);
#2288=AXIS2_PLACEMENT_3D('',#3174,#2516,#2517);
#2289=AXIS2_PLACEMENT_3D('',#3176,#2518,#2519);
#2290=AXIS2_PLACEMENT_3D('',#3180,#2521,#2522);
#2291=AXIS2_PLACEMENT_3D('',#3184,#2524,#2525);
#2292=AXIS2_PLACEMENT_3D('',#3202,#2534,#2535);
#2293=AXIS2_PLACEMENT_3D('',#3213,#2541,#2542);
#2294=AXIS2_PLACEMENT_3D('',#3216,#2543,#2544);
#2295=AXIS2_PLACEMENT_3D('',#3228,#2550,#2551);
#2296=AXIS2_PLACEMENT_3D('',#3236,#2555,#2556);
#2297=AXIS2_PLACEMENT_3D('',#3250,#2563,#2564);
#2298=AXIS2_PLACEMENT_3D('',#3264,#2571,#2572);
#2299=AXIS2_PLACEMENT_3D('',#3289,#2585,#2586);
#2300=AXIS2_PLACEMENT_3D('',#3290,#2587,#2588);
#2301=AXIS2_PLACEMENT_3D('',#3294,#2590,#2591);
#2302=AXIS2_PLACEMENT_3D('',#3296,#2593,#2594);
#2303=AXIS2_PLACEMENT_3D('',#3303,#2599,#2600);
#2304=AXIS2_PLACEMENT_3D('',#3307,#2602,#2603);
#2305=AXIS2_PLACEMENT_3D('',#3311,#2605,#2606);
#2306=AXIS2_PLACEMENT_3D('',#3316,#2609,#2610);
#2307=AXIS2_PLACEMENT_3D('',#3318,#2611,#2612);
#2308=AXIS2_PLACEMENT_3D('',#3320,#2613,#2614);
#2309=AXIS2_PLACEMENT_3D('',#3321,#2615,#2616);
#2310=AXIS2_PLACEMENT_3D('',#3324,#2619,#2620);
#2311=AXIS2_PLACEMENT_3D('',#3329,#2622,#2623);
#2312=AXIS2_PLACEMENT_3D('',#3331,#2625,#2626);
#2313=AXIS2_PLACEMENT_3D('',#3334,#2628,#2629);
#2314=AXIS2_PLACEMENT_3D('',#3335,#2630,#2631);
#2315=AXIS2_PLACEMENT_3D('',#3337,#2633,#2634);
#2316=AXIS2_PLACEMENT_3D('',#3340,#2636,#2637);
#2317=AXIS2_PLACEMENT_3D('',#3341,#2638,#2639);
#2318=AXIS2_PLACEMENT_3D('',#3343,#2641,#2642);
#2319=AXIS2_PLACEMENT_3D('',#3346,#2644,#2645);
#2320=AXIS2_PLACEMENT_3D('',#3347,#2646,#2647);
#2321=AXIS2_PLACEMENT_3D('',#3349,#2649,#2650);
#2322=AXIS2_PLACEMENT_3D('',#3353,#2654,#2655);
#2323=AXIS2_PLACEMENT_3D('',#3354,#2656,#2657);
#2324=AXIS2_PLACEMENT_3D('',#3363,#2662,#2663);
#2325=AXIS2_PLACEMENT_3D('',#3372,#2668,#2669);
#2326=AXIS2_PLACEMENT_3D('',#3375,#2672,#2673);
#2327=AXIS2_PLACEMENT_3D('',#3384,#2678,#2679);
#2328=AXIS2_PLACEMENT_3D('',#3390,#2683,#2684);
#2329=AXIS2_PLACEMENT_3D('',#3396,#2688,#2689);
#2330=AXIS2_PLACEMENT_3D('',#3399,#2692,#2693);
#2331=AXIS2_PLACEMENT_3D('',#3403,#2696,#2697);
#2332=AXIS2_PLACEMENT_3D('',#3409,#2701,#2702);
#2333=AXIS2_PLACEMENT_3D('',#3412,#2705,#2706);
#2334=AXIS2_PLACEMENT_3D('',#3414,#2708,#2709);
#2335=AXIS2_PLACEMENT_3D('',#3418,#2712,#2713);
#2336=AXIS2_PLACEMENT_3D('',#3420,#2715,#2716);
#2337=AXIS2_PLACEMENT_3D('',#3424,#2719,#2720);
#2338=AXIS2_PLACEMENT_3D('',#3428,#2723,#2724);
#2339=AXIS2_PLACEMENT_3D('',#3432,#2727,#2728);
#2340=AXIS2_PLACEMENT_3D('',#3434,#2730,#2731);
#2341=AXIS2_PLACEMENT_3D('',#3435,#2732,#2733);
#2342=AXIS2_PLACEMENT_3D('',#3438,#2734,#2735);
#2343=AXIS2_PLACEMENT_3D('',#3440,#2736,#2737);
#2344=AXIS2_PLACEMENT_3D('',#3442,#2738,#2739);
#2345=AXIS2_PLACEMENT_3D('',#3443,#2740,#2741);
#2346=AXIS2_PLACEMENT_3D('',#3444,#2742,#2743);
#2347=AXIS2_PLACEMENT_3D('',#3447,#2746,#2747);
#2348=AXIS2_PLACEMENT_3D('',#3450,#2748,#2749);
#2349=AXIS2_PLACEMENT_3D('',#3453,#2752,#2753);
#2350=AXIS2_PLACEMENT_3D('',#3456,#2754,#2755);
#2351=AXIS2_PLACEMENT_3D('',#3459,#2758,#2759);
#2352=AXIS2_PLACEMENT_3D('',#3467,#2764,#2765);
#2353=AXIS2_PLACEMENT_3D('',#3470,#2768,#2769);
#2354=AXIS2_PLACEMENT_3D('',#3471,#2770,#2771);
#2355=AXIS2_PLACEMENT_3D('',#3474,#2772,#2773);
#2356=AXIS2_PLACEMENT_3D('',#3476,#2774,#2775);
#2357=AXIS2_PLACEMENT_3D('',#3478,#2776,#2777);
#2358=AXIS2_PLACEMENT_3D('',#3479,#2778,#2779);
#2359=AXIS2_PLACEMENT_3D('',#3480,#2780,#2781);
#2360=AXIS2_PLACEMENT_3D('',#3483,#2784,#2785);
#2361=AXIS2_PLACEMENT_3D('',#3486,#2786,#2787);
#2362=AXIS2_PLACEMENT_3D('',#3489,#2790,#2791);
#2363=AXIS2_PLACEMENT_3D('',#3492,#2792,#2793);
#2364=AXIS2_PLACEMENT_3D('',#3495,#2796,#2797);
#2365=AXIS2_PLACEMENT_3D('',#3502,#2802,#2803);
#2366=AXIS2_PLACEMENT_3D('',#3508,#2807,#2808);
#2367=AXIS2_PLACEMENT_3D('',#3511,#2811,#2812);
#2368=AXIS2_PLACEMENT_3D('',#3514,#2813,#2814);
#2369=AXIS2_PLACEMENT_3D('',#3516,#2815,#2816);
#2370=AXIS2_PLACEMENT_3D('',#3518,#2817,#2818);
#2371=AXIS2_PLACEMENT_3D('',#3519,#2819,#2820);
#2372=AXIS2_PLACEMENT_3D('',#3520,#2821,#2822);
#2373=AXIS2_PLACEMENT_3D('',#3523,#2825,#2826);
#2374=AXIS2_PLACEMENT_3D('',#3526,#2827,#2828);
#2375=AXIS2_PLACEMENT_3D('',#3529,#2831,#2832);
#2376=AXIS2_PLACEMENT_3D('',#3532,#2833,#2834);
#2377=AXIS2_PLACEMENT_3D('',#3535,#2837,#2838);
#2378=AXIS2_PLACEMENT_3D('',#3537,#2840,#2841);
#2379=AXIS2_PLACEMENT_3D('',#3539,#2843,#2844);
#2380=AXIS2_PLACEMENT_3D('',#3543,#2847,#2848);
#2381=AXIS2_PLACEMENT_3D('',#3546,#2849,#2850);
#2382=AXIS2_PLACEMENT_3D('',#3548,#2851,#2852);
#2383=AXIS2_PLACEMENT_3D('',#3550,#2853,#2854);
#2384=AXIS2_PLACEMENT_3D('',#3551,#2855,#2856);
#2385=AXIS2_PLACEMENT_3D('',#3552,#2857,#2858);
#2386=AXIS2_PLACEMENT_3D('',#3555,#2861,#2862);
#2387=AXIS2_PLACEMENT_3D('',#3558,#2863,#2864);
#2388=AXIS2_PLACEMENT_3D('',#3561,#2867,#2868);
#2389=AXIS2_PLACEMENT_3D('',#3564,#2869,#2870);
#2390=AXIS2_PLACEMENT_3D('',#3567,#2873,#2874);
#2391=AXIS2_PLACEMENT_3D('',#3574,#2879,#2880);
#2392=AXIS2_PLACEMENT_3D('',#3576,#2882,#2883);
#2393=AXIS2_PLACEMENT_3D('',#3577,#2884,#2885);
#2394=AXIS2_PLACEMENT_3D('',#3580,#2886,#2887);
#2395=AXIS2_PLACEMENT_3D('',#3582,#2888,#2889);
#2396=AXIS2_PLACEMENT_3D('',#3584,#2890,#2891);
#2397=AXIS2_PLACEMENT_3D('',#3585,#2892,#2893);
#2398=AXIS2_PLACEMENT_3D('',#3586,#2894,#2895);
#2399=AXIS2_PLACEMENT_3D('',#3589,#2898,#2899);
#2400=AXIS2_PLACEMENT_3D('',#3592,#2900,#2901);
#2401=AXIS2_PLACEMENT_3D('',#3595,#2904,#2905);
#2402=AXIS2_PLACEMENT_3D('',#3598,#2906,#2907);
#2403=AXIS2_PLACEMENT_3D('',#3601,#2910,#2911);
#2404=AXIS2_PLACEMENT_3D('',#3607,#2914,#2915);
#2405=AXIS2_PLACEMENT_3D('',#3615,#2920,#2921);
#2406=AXIS2_PLACEMENT_3D('',#3619,#2924,#2925);
#2407=AXIS2_PLACEMENT_3D('',#3620,#2926,#2927);
#2408=AXIS2_PLACEMENT_3D('',#3621,#2928,#2929);
#2409=AXIS2_PLACEMENT_3D('',#3623,#2930,#2931);
#2410=AXIS2_PLACEMENT_3D('',#3625,#2932,#2933);
#2411=AXIS2_PLACEMENT_3D('',#3626,#2934,#2935);
#2412=AXIS2_PLACEMENT_3D('',#3627,#2936,#2937);
#2413=AXIS2_PLACEMENT_3D('',#3630,#2940,#2941);
#2414=AXIS2_PLACEMENT_3D('',#3632,#2942,#2943);
#2415=AXIS2_PLACEMENT_3D('',#3634,#2945,#2946);
#2416=AXIS2_PLACEMENT_3D('',#3636,#2948,#2949);
#2417=AXIS2_PLACEMENT_3D('',#3639,#2952,#2953);
#2418=AXIS2_PLACEMENT_3D('',#3640,#2954,#2955);
#2419=AXIS2_PLACEMENT_3D('',#3643,#2956,#2957);
#2420=AXIS2_PLACEMENT_3D('',#3645,#2958,#2959);
#2421=AXIS2_PLACEMENT_3D('',#3647,#2960,#2961);
#2422=AXIS2_PLACEMENT_3D('',#3648,#2962,#2963);
#2423=AXIS2_PLACEMENT_3D('',#3649,#2964,#2965);
#2424=AXIS2_PLACEMENT_3D('',#3652,#2968,#2969);
#2425=AXIS2_PLACEMENT_3D('',#3655,#2970,#2971);
#2426=AXIS2_PLACEMENT_3D('',#3658,#2974,#2975);
#2427=AXIS2_PLACEMENT_3D('',#3661,#2976,#2977);
#2428=AXIS2_PLACEMENT_3D('',#3664,#2980,#2981);
#2429=AXIS2_PLACEMENT_3D('',#3672,#2986,#2987);
#2430=AXIS2_PLACEMENT_3D('',#3677,#2991,#2992);
#2431=AXIS2_PLACEMENT_3D('',#3678,#2993,#2994);
#2432=AXIS2_PLACEMENT_3D('',#3681,#2995,#2996);
#2433=AXIS2_PLACEMENT_3D('',#3683,#2997,#2998);
#2434=AXIS2_PLACEMENT_3D('',#3685,#2999,#3000);
#2435=AXIS2_PLACEMENT_3D('',#3686,#3001,#3002);
#2436=AXIS2_PLACEMENT_3D('',#3687,#3003,#3004);
#2437=AXIS2_PLACEMENT_3D('',#3690,#3007,#3008);
#2438=AXIS2_PLACEMENT_3D('',#3693,#3009,#3010);
#2439=AXIS2_PLACEMENT_3D('',#3696,#3013,#3014);
#2440=AXIS2_PLACEMENT_3D('',#3699,#3015,#3016);
#2441=AXIS2_PLACEMENT_3D('',#3702,#3019,#3020);
#2442=AXIS2_PLACEMENT_3D('',#3710,#3025,#3026);
#2443=AXIS2_PLACEMENT_3D('',#3713,#3029,#3030);
#2444=AXIS2_PLACEMENT_3D('',#3714,#3031,#3032);
#2445=AXIS2_PLACEMENT_3D('',#3715,#3033,#3034);
#2446=AXIS2_PLACEMENT_3D('',#3719,#3037,#3038);
#2447=AXIS2_PLACEMENT_3D('',#3721,#3040,#3041);
#2448=AXIS2_PLACEMENT_3D('',#3722,#3042,#3043);
#2449=AXIS2_PLACEMENT_3D('',#3723,#3044,#3045);
#2450=AXIS2_PLACEMENT_3D('',#3725,#3047,#3048);
#2451=AXIS2_PLACEMENT_3D('',#3727,#3050,#3051);
#2452=AXIS2_PLACEMENT_3D('',#3729,#3053,#3054);
#2453=AXIS2_PLACEMENT_3D('',#3730,#3055,#3056);
#2454=AXIS2_PLACEMENT_3D('',#3732,#3058,#3059);
#2455=AXIS2_PLACEMENT_3D('',#3734,#3061,#3062);
#2456=AXIS2_PLACEMENT_3D('',#3736,#3064,#3065);
#2457=AXIS2_PLACEMENT_3D('',#3737,#3066,#3067);
#2458=AXIS2_PLACEMENT_3D('',#3739,#3069,#3070);
#2459=AXIS2_PLACEMENT_3D('',#3741,#3072,#3073);
#2460=AXIS2_PLACEMENT_3D('',#3743,#3075,#3076);
#2461=AXIS2_PLACEMENT_3D('',#3744,#3077,#3078);
#2462=AXIS2_PLACEMENT_3D('',#3748,#3081,#3082);
#2463=AXIS2_PLACEMENT_3D('',#3752,#3085,#3086);
#2464=AXIS2_PLACEMENT_3D('',#3754,#3088,#3089);
#2465=AXIS2_PLACEMENT_3D('',#3755,#3090,#3091);
#2466=AXIS2_PLACEMENT_3D('',#3757,#3093,#3094);
#2467=AXIS2_PLACEMENT_3D('',#3759,#3096,#3097);
#2468=AXIS2_PLACEMENT_3D('',#3763,#3100,#3101);
#2469=AXIS2_PLACEMENT_3D('',#3765,#3103,#3104);
#2470=AXIS2_PLACEMENT_3D('',#3766,#3105,#3106);
#2471=AXIS2_PLACEMENT_3D('',#3767,#3107,#3108);
#2472=AXIS2_PLACEMENT_3D('',#3769,#3110,#3111);
#2473=AXIS2_PLACEMENT_3D('',#3771,#3113,#3114);
#2474=AXIS2_PLACEMENT_3D('',#3772,#3115,#3116);
#2475=AXIS2_PLACEMENT_3D('',#3773,#3117,#3118);
#2476=DIRECTION('axis',(0.,0.,1.));
#2477=DIRECTION('refdir',(1.,0.,0.));
#2478=DIRECTION('axis',(0.,0.,1.));
#2479=DIRECTION('refdir',(1.,0.,0.));
#2480=DIRECTION('center_axis',(0.,0.,-1.));
#2481=DIRECTION('ref_axis',(0.707106781186548,-0.707106781186548,0.));
#2482=DIRECTION('center_axis',(0.,0.,1.));
#2483=DIRECTION('ref_axis',(0.707106781186548,-0.707106781186548,0.));
#2484=DIRECTION('',(0.,0.,1.));
#2485=DIRECTION('center_axis',(0.,0.,-1.));
#2486=DIRECTION('ref_axis',(0.707106781186548,-0.707106781186548,0.));
#2487=DIRECTION('',(0.,0.,-1.));
#2488=DIRECTION('center_axis',(9.8249825188067E-17,1.,0.));
#2489=DIRECTION('ref_axis',(1.,-9.8249825188067E-17,0.));
#2490=DIRECTION('',(1.,-9.8249825188067E-17,0.));
#2491=DIRECTION('',(0.,0.,-1.));
#2492=DIRECTION('',(1.,-9.8249825188067E-17,0.));
#2493=DIRECTION('center_axis',(0.,0.,1.));
#2494=DIRECTION('ref_axis',(1.,0.,0.));
#2495=DIRECTION('',(8.45884209238214E-17,1.,0.));
#2496=DIRECTION('',(-1.,0.,0.));
#2497=DIRECTION('',(0.,-1.,0.));
#2498=DIRECTION('',(-1.,0.,0.));
#2499=DIRECTION('',(0.,1.,0.));
#2500=DIRECTION('center_axis',(0.,0.,1.));
#2501=DIRECTION('ref_axis',(0.707106781186548,0.707106781186548,0.));
#2502=DIRECTION('',(-1.,0.,0.));
#2503=DIRECTION('',(0.,1.,0.));
#2504=DIRECTION('',(-1.,0.,0.));
#2505=DIRECTION('',(0.,-1.,0.));
#2506=DIRECTION('',(-1.,0.,0.));
#2507=DIRECTION('center_axis',(0.,0.,1.));
#2508=DIRECTION('ref_axis',(-0.707106781186548,0.707106781186548,0.));
#2509=DIRECTION('',(0.,-1.,0.));
#2510=DIRECTION('',(-1.,0.,0.));
#2511=DIRECTION('',(0.,1.,0.));
#2512=DIRECTION('',(-1.,0.,0.));
#2513=DIRECTION('center_axis',(0.,0.,-1.));
#2514=DIRECTION('ref_axis',(-0.707106781186548,0.707106781186548,0.));
#2515=DIRECTION('',(3.38353683695286E-16,-1.,0.));
#2516=DIRECTION('center_axis',(0.,0.,1.));
#2517=DIRECTION('ref_axis',(-1.,0.,0.));
#2518=DIRECTION('center_axis',(0.,0.,1.));
#2519=DIRECTION('ref_axis',(-1.,0.,0.));
#2520=DIRECTION('',(3.38353683695286E-16,-1.,0.));
#2521=DIRECTION('center_axis',(0.,0.,-1.));
#2522=DIRECTION('ref_axis',(-0.707106781186548,-0.707106781186548,0.));
#2523=DIRECTION('',(1.,-8.45884209238215E-17,0.));
#2524=DIRECTION('center_axis',(0.,0.,-1.));
#2525=DIRECTION('ref_axis',(0.707106781186543,-0.707106781186552,0.));
#2526=DIRECTION('',(0.,1.,0.));
#2527=DIRECTION('',(-1.,1.77635683940025E-15,0.));
#2528=DIRECTION('',(1.66533453693773E-15,1.,0.));
#2529=DIRECTION('',(-1.,1.77635683940025E-15,0.));
#2530=DIRECTION('',(1.66533453693774E-15,1.,0.));
#2531=DIRECTION('',(1.,-1.77635683940025E-15,0.));
#2532=DIRECTION('',(0.,1.,0.));
#2533=DIRECTION('',(1.,0.,0.));
#2534=DIRECTION('center_axis',(0.,0.,1.));
#2535=DIRECTION('ref_axis',(0.707106781186548,-0.707106781186548,0.));
#2536=DIRECTION('',(0.,1.,0.));
#2537=DIRECTION('',(1.,8.8817841970012E-16,0.));
#2538=DIRECTION('',(-2.089831575765E-15,-1.,0.));
#2539=DIRECTION('',(-1.,1.77635683940025E-15,0.));
#2540=DIRECTION('',(-1.77635683940025E-15,-1.,0.));
#2541=DIRECTION('center_axis',(0.,0.,1.));
#2542=DIRECTION('ref_axis',(-1.,0.,0.));
#2543=DIRECTION('center_axis',(0.,0.,1.));
#2544=DIRECTION('ref_axis',(0.707106781186541,0.707106781186554,0.));
#2545=DIRECTION('',(-1.,0.,0.));
#2546=DIRECTION('',(-4.58104808541748E-16,1.,0.));
#2547=DIRECTION('',(1.,0.,0.));
#2548=DIRECTION('',(0.,-1.,0.));
#2549=DIRECTION('',(-1.,0.,0.));
#2550=DIRECTION('center_axis',(0.,0.,1.));
#2551=DIRECTION('ref_axis',(-0.707106781186548,0.707106781186548,0.));
#2552=DIRECTION('',(8.92753200003601E-16,-1.,0.));
#2553=DIRECTION('',(-1.,0.,0.));
#2554=DIRECTION('',(0.,1.,0.));
#2555=DIRECTION('center_axis',(0.,0.,1.));
#2556=DIRECTION('ref_axis',(-0.707106781186554,-0.707106781186541,0.));
#2557=DIRECTION('',(1.,1.1842378929335E-15,0.));
#2558=DIRECTION('',(0.,-1.,0.));
#2559=DIRECTION('',(-1.,-4.44089209850063E-16,0.));
#2560=DIRECTION('',(0.,1.,0.));
#2561=DIRECTION('',(1.,4.44089209850063E-15,0.));
#2562=DIRECTION('',(0.,-1.,0.));
#2563=DIRECTION('center_axis',(0.,0.,1.));
#2564=DIRECTION('ref_axis',(-0.707106781186544,-0.707106781186551,0.));
#2565=DIRECTION('',(1.,-3.25665420556713E-15,0.));
#2566=DIRECTION('',(3.5527136788005E-15,-1.,0.));
#2567=DIRECTION('',(-1.,-4.44089209850063E-16,0.));
#2568=DIRECTION('',(0.,1.,0.));
#2569=DIRECTION('',(1.,-2.66453525910039E-15,0.));
#2570=DIRECTION('',(5.92118946466753E-16,-1.,0.));
#2571=DIRECTION('center_axis',(0.,0.,1.));
#2572=DIRECTION('ref_axis',(0.707106781186554,-0.707106781186541,0.));
#2573=DIRECTION('',(0.,1.,0.));
#2574=DIRECTION('',(1.,1.55431223447522E-15,0.));
#2575=DIRECTION('',(8.88178419700125E-16,-1.,0.));
#2576=DIRECTION('',(-1.,1.55431223447522E-15,0.));
#2577=DIRECTION('',(-3.5527136788005E-15,1.,0.));
#2578=DIRECTION('',(1.,1.1842378929335E-15,0.));
#2579=DIRECTION('',(-1.,0.,0.));
#2580=DIRECTION('',(0.,-1.,0.));
#2581=DIRECTION('',(-1.,0.,0.));
#2582=DIRECTION('',(0.,1.,0.));
#2583=DIRECTION('',(1.,0.,0.));
#2584=DIRECTION('',(0.,-1.,0.));
#2585=DIRECTION('center_axis',(0.,0.,1.));
#2586=DIRECTION('ref_axis',(-1.,0.,0.));
#2587=DIRECTION('center_axis',(0.,0.,1.));
#2588=DIRECTION('ref_axis',(0.707106781186543,-0.707106781186552,0.));
#2589=DIRECTION('',(0.,0.,-1.));
#2590=DIRECTION('center_axis',(0.,0.,1.));
#2591=DIRECTION('ref_axis',(0.707106781186543,-0.707106781186552,0.));
#2592=DIRECTION('',(0.,0.,1.));
#2593=DIRECTION('center_axis',(-1.,0.,0.));
#2594=DIRECTION('ref_axis',(0.,1.,0.));
#2595=DIRECTION('',(0.,1.,0.));
#2596=DIRECTION('',(0.,0.,-1.));
#2597=DIRECTION('',(1.77635683940025E-15,1.,0.));
#2598=DIRECTION('',(0.,0.,1.));
#2599=DIRECTION('center_axis',(0.,0.,-1.));
#2600=DIRECTION('ref_axis',(-1.,0.,0.));
#2601=DIRECTION('',(1.,-8.45884209238215E-17,0.));
#2602=DIRECTION('center_axis',(0.,0.,1.));
#2603=DIRECTION('ref_axis',(-0.707106781186548,-0.707106781186548,0.));
#2604=DIRECTION('',(3.38353683695286E-16,-1.,0.));
#2605=DIRECTION('center_axis',(0.,0.,1.));
#2606=DIRECTION('ref_axis',(-0.707106781186548,0.707106781186548,0.));
#2607=DIRECTION('',(-1.,0.,0.));
#2608=DIRECTION('',(8.45884209238214E-17,1.,0.));
#2609=DIRECTION('center_axis',(0.,0.,-1.));
#2610=DIRECTION('ref_axis',(-1.,0.,0.));
#2611=DIRECTION('center_axis',(0.,0.,1.));
#2612=DIRECTION('ref_axis',(-1.,0.,0.));
#2613=DIRECTION('center_axis',(0.,0.,1.));
#2614=DIRECTION('ref_axis',(-1.,0.,0.));
#2615=DIRECTION('center_axis',(0.,0.,1.));
#2616=DIRECTION('ref_axis',(-0.707106781186548,-0.707106781186548,0.));
#2617=DIRECTION('',(0.,0.,-1.));
#2618=DIRECTION('',(0.,0.,1.));
#2619=DIRECTION('center_axis',(-1.,-3.38353683695286E-16,0.));
#2620=DIRECTION('ref_axis',(3.38353683695286E-16,-1.,0.));
#2621=DIRECTION('',(0.,0.,1.));
#2622=DIRECTION('center_axis',(0.,0.,1.));
#2623=DIRECTION('ref_axis',(-0.707106781186548,0.707106781186548,0.));
#2624=DIRECTION('',(0.,0.,-1.));
#2625=DIRECTION('center_axis',(0.,0.,1.));
#2626=DIRECTION('ref_axis',(-1.,0.,0.));
#2627=DIRECTION('',(-0.824041924199367,-1.00916030483398E-16,-0.566528822887067));
#2628=DIRECTION('center_axis',(0.,0.,-1.));
#2629=DIRECTION('ref_axis',(-1.,0.,0.));
#2630=DIRECTION('center_axis',(0.,0.,-1.));
#2631=DIRECTION('ref_axis',(-1.,0.,0.));
#2632=DIRECTION('',(0.,0.,-1.));
#2633=DIRECTION('center_axis',(0.,0.,1.));
#2634=DIRECTION('ref_axis',(-1.,0.,0.));
#2635=DIRECTION('',(-0.824041924199368,-1.00916030483398E-16,-0.566528822887065));
#2636=DIRECTION('center_axis',(0.,0.,-1.));
#2637=DIRECTION('ref_axis',(-1.,0.,0.));
#2638=DIRECTION('center_axis',(0.,0.,-1.));
#2639=DIRECTION('ref_axis',(-1.,0.,0.));
#2640=DIRECTION('',(0.,0.,-1.));
#2641=DIRECTION('center_axis',(0.,0.,1.));
#2642=DIRECTION('ref_axis',(-1.,0.,0.));
#2643=DIRECTION('',(-0.824041924199367,-1.00916030483398E-16,-0.566528822887067));
#2644=DIRECTION('center_axis',(0.,0.,-1.));
#2645=DIRECTION('ref_axis',(-1.,0.,0.));
#2646=DIRECTION('center_axis',(0.,0.,-1.));
#2647=DIRECTION('ref_axis',(-1.,0.,0.));
#2648=DIRECTION('',(0.,0.,-1.));
#2649=DIRECTION('center_axis',(0.,1.,0.));
#2650=DIRECTION('ref_axis',(-1.,0.,0.));
#2651=DIRECTION('',(-1.,0.,0.));
#2652=DIRECTION('',(-1.,0.,0.));
#2653=DIRECTION('',(0.,0.,-1.));
#2654=DIRECTION('center_axis',(-8.45884209238215E-17,-1.,0.));
#2655=DIRECTION('ref_axis',(1.,-8.45884209238215E-17,0.));
#2656=DIRECTION('center_axis',(0.707106781186547,-1.27570012268057E-15,
0.707106781186548));
#2657=DIRECTION('ref_axis',(0.707106781186548,-1.25607396694702E-15,-0.707106781186547));
#2658=DIRECTION('',(0.707106781186548,-1.25607396694702E-15,-0.707106781186547));
#2659=DIRECTION('',(-1.66533453693773E-15,-1.,0.));
#2660=DIRECTION('',(0.707106781186548,-1.25607396694702E-15,-0.707106781186547));
#2661=DIRECTION('',(1.80411241501588E-15,1.,0.));
#2662=DIRECTION('center_axis',(0.707106781186548,-1.27570012268057E-15,
-0.707106781186547));
#2663=DIRECTION('ref_axis',(-0.707106781186547,1.25607396694702E-15,-0.707106781186548));
#2664=DIRECTION('',(-0.707106781186547,1.25607396694702E-15,-0.707106781186548));
#2665=DIRECTION('',(1.80411241501588E-15,1.,0.));
#2666=DIRECTION('',(-0.707106781186547,1.25607396694702E-15,-0.707106781186548));
#2667=DIRECTION('',(1.66533453693773E-15,1.,-1.38777878078146E-16));
#2668=DIRECTION('center_axis',(1.,-1.80411241501588E-15,-8.88178419700125E-16));
#2669=DIRECTION('ref_axis',(-8.88178419700125E-16,1.57772181044202E-30,
-1.));
#2670=DIRECTION('',(-8.88178419700125E-16,1.57772181044202E-30,-1.));
#2671=DIRECTION('',(-8.88178419700125E-16,1.57772181044202E-30,-1.));
#2672=DIRECTION('center_axis',(-0.707106781186551,1.57009245868378E-15,
0.707106781186544));
#2673=DIRECTION('ref_axis',(0.707106781186544,-1.25607396694701E-15,0.707106781186551));
#2674=DIRECTION('',(0.707106781186544,0.,0.707106781186551));
#2675=DIRECTION('',(2.22044604925031E-15,1.,0.));
#2676=DIRECTION('',(0.707106781186544,-1.25607396694701E-15,0.707106781186551));
#2677=DIRECTION('',(0.,1.,0.));
#2678=DIRECTION('center_axis',(-1.,2.22044604925031E-15,0.));
#2679=DIRECTION('ref_axis',(0.,0.,1.));
#2680=DIRECTION('',(0.,0.,1.));
#2681=DIRECTION('',(2.22044604925031E-15,1.,0.));
#2682=DIRECTION('',(0.,0.,1.));
#2683=DIRECTION('center_axis',(-0.707106781186549,1.57009245868378E-15,
-0.707106781186546));
#2684=DIRECTION('ref_axis',(-0.707106781186546,1.25607396694702E-15,0.707106781186549));
#2685=DIRECTION('',(-0.707106781186546,0.,0.707106781186549));
#2686=DIRECTION('',(0.,-1.,-2.22044604925032E-15));
#2687=DIRECTION('',(-0.707106781186546,1.25607396694702E-15,0.707106781186549));
#2688=DIRECTION('center_axis',(1.,0.,0.));
#2689=DIRECTION('ref_axis',(0.,1.,0.));
#2690=DIRECTION('',(0.,0.,1.));
#2691=DIRECTION('',(0.,0.,1.));
#2692=DIRECTION('center_axis',(0.,-1.,0.));
#2693=DIRECTION('ref_axis',(1.,0.,0.));
#2694=DIRECTION('',(1.,0.,0.));
#2695=DIRECTION('',(0.,0.,1.));
#2696=DIRECTION('center_axis',(1.77635683940025E-15,1.,0.));
#2697=DIRECTION('ref_axis',(-1.,1.77635683940025E-15,0.));
#2698=DIRECTION('',(0.,0.,1.));
#2699=DIRECTION('',(0.,0.,1.));
#2700=DIRECTION('',(-1.,1.77635683940025E-15,0.));
#2701=DIRECTION('center_axis',(-1.77635683940025E-15,-1.,0.));
#2702=DIRECTION('ref_axis',(1.,-1.77635683940025E-15,0.));
#2703=DIRECTION('',(0.,0.,1.));
#2704=DIRECTION('',(1.,-1.77635683940025E-15,0.));
#2705=DIRECTION('center_axis',(-1.,1.66533453693773E-15,0.));
#2706=DIRECTION('ref_axis',(-1.66533453693773E-15,-1.,0.));
#2707=DIRECTION('',(0.,0.,1.));
#2708=DIRECTION('center_axis',(-1.77635683940025E-15,-1.,0.));
#2709=DIRECTION('ref_axis',(1.,-1.77635683940025E-15,0.));
#2710=DIRECTION('',(1.,-1.77635683940025E-15,0.));
#2711=DIRECTION('',(0.,0.,1.));
#2712=DIRECTION('center_axis',(-1.,1.66533453693774E-15,0.));
#2713=DIRECTION('ref_axis',(-1.66533453693774E-15,-1.,0.));
#2714=DIRECTION('',(-1.66533453693774E-15,-1.,0.));
#2715=DIRECTION('center_axis',(0.,-1.,0.));
#2716=DIRECTION('ref_axis',(1.,0.,0.));
#2717=DIRECTION('',(0.,0.,1.));
#2718=DIRECTION('',(1.,0.,0.));
#2719=DIRECTION('center_axis',(-1.,0.,0.));
#2720=DIRECTION('ref_axis',(0.,-1.,0.));
#2721=DIRECTION('',(0.,-1.,0.));
#2722=DIRECTION('',(0.,0.,1.));
#2723=DIRECTION('center_axis',(0.,1.,0.));
#2724=DIRECTION('ref_axis',(-1.,0.,0.));
#2725=DIRECTION('',(-1.,0.,0.));
#2726=DIRECTION('',(0.,0.,1.));
#2727=DIRECTION('center_axis',(1.,0.,0.));
#2728=DIRECTION('ref_axis',(0.,1.,0.));
#2729=DIRECTION('',(0.,1.,0.));
#2730=DIRECTION('center_axis',(0.,0.,1.));
#2731=DIRECTION('ref_axis',(1.,0.,0.));
#2732=DIRECTION('center_axis',(0.,0.,-1.));
#2733=DIRECTION('ref_axis',(-1.,0.,0.));
#2734=DIRECTION('center_axis',(0.,1.,0.));
#2735=DIRECTION('ref_axis',(-1.,0.,0.));
#2736=DIRECTION('center_axis',(0.,0.,-1.));
#2737=DIRECTION('ref_axis',(0.,-1.,0.));
#2738=DIRECTION('center_axis',(-1.,0.,0.));
#2739=DIRECTION('ref_axis',(0.,0.,1.));
#2740=DIRECTION('center_axis',(0.,0.,1.));
#2741=DIRECTION('ref_axis',(0.707106781186554,-0.707106781186541,0.));
#2742=DIRECTION('center_axis',(0.,0.,1.));
#2743=DIRECTION('ref_axis',(0.707106781186554,-0.707106781186541,0.));
#2744=DIRECTION('',(0.,0.,1.));
#2745=DIRECTION('',(0.,0.,-1.));
#2746=DIRECTION('center_axis',(-1.,-1.1842378929335E-15,0.));
#2747=DIRECTION('ref_axis',(0.,0.707106781186544,0.707106781186551));
#2748=DIRECTION('center_axis',(1.,3.5527136788005E-15,0.));
#2749=DIRECTION('ref_axis',(0.,0.707106781186544,0.707106781186551));
#2750=DIRECTION('',(1.,1.1842378929335E-15,0.));
#2751=DIRECTION('',(-1.,-1.1842378929335E-15,0.));
#2752=DIRECTION('center_axis',(0.,-1.,0.));
#2753=DIRECTION('ref_axis',(-0.707106781186551,0.,0.707106781186544));
#2754=DIRECTION('center_axis',(1.55431223447522E-15,-1.,0.));
#2755=DIRECTION('ref_axis',(-0.707106781186551,0.,0.707106781186544));
#2756=DIRECTION('',(0.,-1.,0.));
#2757=DIRECTION('',(0.,1.,0.));
#2758=DIRECTION('center_axis',(0.,0.,1.));
#2759=DIRECTION('ref_axis',(1.,0.,0.));
#2760=DIRECTION('',(3.5527136788005E-15,-1.,0.));
#2761=DIRECTION('',(1.,-1.55431223447522E-15,0.));
#2762=DIRECTION('',(-8.88178419700125E-16,1.,0.));
#2763=DIRECTION('',(-1.,-1.55431223447522E-15,0.));
#2764=DIRECTION('center_axis',(-1.,-3.5527136788005E-15,0.));
#2765=DIRECTION('ref_axis',(3.5527136788005E-15,-1.,0.));
#2766=DIRECTION('',(0.,0.,1.));
#2767=DIRECTION('',(0.,0.,1.));
#2768=DIRECTION('center_axis',(-1.1842378929335E-15,1.,0.));
#2769=DIRECTION('ref_axis',(-1.,-1.1842378929335E-15,0.));
#2770=DIRECTION('center_axis',(0.,0.,-1.));
#2771=DIRECTION('ref_axis',(-1.,0.,0.));
#2772=DIRECTION('center_axis',(-1.,0.,0.));
#2773=DIRECTION('ref_axis',(0.,-1.,0.));
#2774=DIRECTION('center_axis',(0.,0.,-1.));
#2775=DIRECTION('ref_axis',(1.,0.,0.));
#2776=DIRECTION('center_axis',(0.,-1.,0.));
#2777=DIRECTION('ref_axis',(0.,0.,1.));
#2778=DIRECTION('center_axis',(0.,0.,1.));
#2779=DIRECTION('ref_axis',(0.707106781186548,0.707106781186548,0.));
#2780=DIRECTION('center_axis',(0.,0.,1.));
#2781=DIRECTION('ref_axis',(0.707106781186548,0.707106781186548,0.));
#2782=DIRECTION('',(0.,0.,1.));
#2783=DIRECTION('',(0.,0.,-1.));
#2784=DIRECTION('center_axis',(0.,-1.,0.));
#2785=DIRECTION('ref_axis',(-0.707106781186551,0.,0.707106781186544));
#2786=DIRECTION('center_axis',(0.,1.,0.));
#2787=DIRECTION('ref_axis',(-0.707106781186551,0.,0.707106781186544));
#2788=DIRECTION('',(0.,1.,0.));
#2789=DIRECTION('',(0.,-1.,0.));
#2790=DIRECTION('center_axis',(1.,0.,0.));
#2791=DIRECTION('ref_axis',(0.,-0.707106781186551,0.707106781186544));
#2792=DIRECTION('center_axis',(1.,0.,0.));
#2793=DIRECTION('ref_axis',(0.,-0.707106781186551,0.707106781186544));
#2794=DIRECTION('',(1.,0.,0.));
#2795=DIRECTION('',(-1.,0.,0.));
#2796=DIRECTION('center_axis',(-1.,0.,0.));
#2797=DIRECTION('ref_axis',(0.,-1.,0.));
#2798=DIRECTION('',(0.,-1.,0.));
#2799=DIRECTION('',(0.,0.,1.));
#2800=DIRECTION('',(0.,-1.,0.));
#2801=DIRECTION('',(0.,0.,1.));
#2802=DIRECTION('center_axis',(0.,0.,1.));
#2803=DIRECTION('ref_axis',(1.,0.,0.));
#2804=DIRECTION('',(1.,0.,0.));
#2805=DIRECTION('',(0.,1.,0.));
#2806=DIRECTION('',(-1.,0.,0.));
#2807=DIRECTION('center_axis',(0.,-1.,0.));
#2808=DIRECTION('ref_axis',(1.,0.,0.));
#2809=DIRECTION('',(0.,0.,1.));
#2810=DIRECTION('',(0.,0.,1.));
#2811=DIRECTION('center_axis',(0.,0.,-1.));
#2812=DIRECTION('ref_axis',(-1.,0.,0.));
#2813=DIRECTION('center_axis',(1.,0.,0.));
#2814=DIRECTION('ref_axis',(0.,1.,0.));
#2815=DIRECTION('center_axis',(0.,0.,-1.));
#2816=DIRECTION('ref_axis',(-1.,0.,0.));
#2817=DIRECTION('center_axis',(0.,1.,0.));
#2818=DIRECTION('ref_axis',(0.,0.,1.));
#2819=DIRECTION('center_axis',(0.,0.,1.));
#2820=DIRECTION('ref_axis',(-0.707106781186549,-0.707106781186546,0.));
#2821=DIRECTION('center_axis',(0.,0.,1.));
#2822=DIRECTION('ref_axis',(-0.707106781186544,-0.707106781186551,0.));
#2823=DIRECTION('',(0.,0.,1.));
#2824=DIRECTION('',(0.,0.,-1.));
#2825=DIRECTION('center_axis',(-5.92118946466753E-16,1.,0.));
#2826=DIRECTION('ref_axis',(0.707106781186544,0.,0.707106781186551));
#2827=DIRECTION('center_axis',(-2.66453525910039E-15,-1.,0.));
#2828=DIRECTION('ref_axis',(0.707106781186544,0.,0.707106781186551));
#2829=DIRECTION('',(5.92118946466753E-16,-1.,0.));
#2830=DIRECTION('',(-5.92118946466753E-16,1.,0.));
#2831=DIRECTION('center_axis',(-1.,3.25665420556713E-15,0.));
#2832=DIRECTION('ref_axis',(0.,0.707106781186544,0.707106781186551));
#2833=DIRECTION('center_axis',(-1.,-3.5527136788005E-15,0.));
#2834=DIRECTION('ref_axis',(0.,0.707106781186544,0.707106781186551));
#2835=DIRECTION('',(-1.,3.25665420556713E-15,0.));
#2836=DIRECTION('',(1.,-3.25665420556713E-15,0.));
#2837=DIRECTION('center_axis',(1.,5.92118946466753E-16,0.));
#2838=DIRECTION('ref_axis',(-5.92118946466753E-16,1.,0.));
#2839=DIRECTION('',(0.,0.,1.));
#2840=DIRECTION('center_axis',(3.25665420556713E-15,1.,0.));
#2841=DIRECTION('ref_axis',(-1.,3.25665420556713E-15,0.));
#2842=DIRECTION('',(0.,0.,1.));
#2843=DIRECTION('center_axis',(1.,3.5527136788005E-15,0.));
#2844=DIRECTION('ref_axis',(-3.5527136788005E-15,1.,0.));
#2845=DIRECTION('',(-3.5527136788005E-15,1.,0.));
#2846=DIRECTION('',(0.,0.,1.));
#2847=DIRECTION('center_axis',(0.,0.,-1.));
#2848=DIRECTION('ref_axis',(-1.,0.,0.));
#2849=DIRECTION('center_axis',(0.,1.,0.));
#2850=DIRECTION('ref_axis',(-1.,0.,0.));
#2851=DIRECTION('center_axis',(0.,0.,-1.));
#2852=DIRECTION('ref_axis',(0.,-1.,0.));
#2853=DIRECTION('center_axis',(-1.,0.,0.));
#2854=DIRECTION('ref_axis',(0.,0.,1.));
#2855=DIRECTION('center_axis',(0.,0.,1.));
#2856=DIRECTION('ref_axis',(0.707106781186548,-0.707106781186548,0.));
#2857=DIRECTION('center_axis',(0.,0.,1.));
#2858=DIRECTION('ref_axis',(0.707106781186548,-0.707106781186548,0.));
#2859=DIRECTION('',(0.,0.,1.));
#2860=DIRECTION('',(0.,0.,-1.));
#2861=DIRECTION('center_axis',(-1.,0.,0.));
#2862=DIRECTION('ref_axis',(0.,0.707106781186544,0.707106781186551));
#2863=DIRECTION('center_axis',(1.,0.,0.));
#2864=DIRECTION('ref_axis',(0.,0.707106781186544,0.707106781186551));
#2865=DIRECTION('',(1.,0.,0.));
#2866=DIRECTION('',(-1.,0.,0.));
#2867=DIRECTION('center_axis',(0.,-1.,0.));
#2868=DIRECTION('ref_axis',(-0.707106781186544,0.,0.707106781186551));
#2869=DIRECTION('center_axis',(8.8817841970012E-16,-1.,0.));
#2870=DIRECTION('ref_axis',(-0.707106781186544,0.,0.707106781186551));
#2871=DIRECTION('',(0.,-1.,0.));
#2872=DIRECTION('',(0.,1.,0.));
#2873=DIRECTION('center_axis',(0.,0.,1.));
#2874=DIRECTION('ref_axis',(1.,0.,0.));
#2875=DIRECTION('',(0.,-1.,0.));
#2876=DIRECTION('',(1.,-1.77635683940025E-15,0.));
#2877=DIRECTION('',(2.089831575765E-15,1.,0.));
#2878=DIRECTION('',(-1.,-8.8817841970012E-16,0.));
#2879=DIRECTION('center_axis',(-1.,0.,0.));
#2880=DIRECTION('ref_axis',(0.,-1.,0.));
#2881=DIRECTION('',(0.,0.,1.));
#2882=DIRECTION('center_axis',(0.,1.,0.));
#2883=DIRECTION('ref_axis',(-1.,0.,0.));
#2884=DIRECTION('center_axis',(0.,0.,-1.));
#2885=DIRECTION('ref_axis',(-1.,0.,0.));
#2886=DIRECTION('center_axis',(-1.,0.,0.));
#2887=DIRECTION('ref_axis',(0.,-1.,0.));
#2888=DIRECTION('center_axis',(0.,0.,-1.));
#2889=DIRECTION('ref_axis',(1.,0.,0.));
#2890=DIRECTION('center_axis',(0.,-1.,0.));
#2891=DIRECTION('ref_axis',(0.,0.,1.));
#2892=DIRECTION('center_axis',(0.,0.,1.));
#2893=DIRECTION('ref_axis',(0.707106781186541,0.707106781186554,0.));
#2894=DIRECTION('center_axis',(0.,0.,1.));
#2895=DIRECTION('ref_axis',(0.707106781186541,0.707106781186554,0.));
#2896=DIRECTION('',(0.,0.,1.));
#2897=DIRECTION('',(0.,0.,-1.));
#2898=DIRECTION('center_axis',(0.,-1.,0.));
#2899=DIRECTION('ref_axis',(-0.707106781186544,0.,0.707106781186551));
#2900=DIRECTION('center_axis',(0.,1.,0.));
#2901=DIRECTION('ref_axis',(-0.707106781186544,0.,0.707106781186551));
#2902=DIRECTION('',(0.,1.,0.));
#2903=DIRECTION('',(0.,-1.,0.));
#2904=DIRECTION('center_axis',(1.,0.,0.));
#2905=DIRECTION('ref_axis',(0.,-0.707106781186551,0.707106781186544));
#2906=DIRECTION('center_axis',(1.,4.58104808541748E-16,0.));
#2907=DIRECTION('ref_axis',(0.,-0.707106781186551,0.707106781186544));
#2908=DIRECTION('',(1.,0.,0.));
#2909=DIRECTION('',(-1.,0.,0.));
#2910=DIRECTION('center_axis',(0.,0.,1.));
#2911=DIRECTION('ref_axis',(1.,0.,0.));
#2912=DIRECTION('',(1.,0.,0.));
#2913=DIRECTION('',(8.92753200003601E-16,-1.,0.));
#2914=DIRECTION('center_axis',(0.,0.,1.));
#2915=DIRECTION('ref_axis',(-0.707106781186541,0.707106781186554,0.));
#2916=DIRECTION('',(-1.,0.,0.));
#2917=DIRECTION('',(0.,1.,0.));
#2918=DIRECTION('',(-1.,0.,0.));
#2919=DIRECTION('',(4.58104808541748E-16,-1.,0.));
#2920=DIRECTION('center_axis',(0.,-1.,0.));
#2921=DIRECTION('ref_axis',(1.,0.,0.));
#2922=DIRECTION('',(0.,0.,1.));
#2923=DIRECTION('',(0.,0.,1.));
#2924=DIRECTION('center_axis',(0.,1.,0.));
#2925=DIRECTION('ref_axis',(0.707106781186544,0.,0.707106781186551));
#2926=DIRECTION('center_axis',(-1.,0.,0.));
#2927=DIRECTION('ref_axis',(0.,-1.,0.));
#2928=DIRECTION('center_axis',(0.,0.,-1.));
#2929=DIRECTION('ref_axis',(-1.,0.,0.));
#2930=DIRECTION('center_axis',(0.,-1.,0.));
#2931=DIRECTION('ref_axis',(1.,0.,0.));
#2932=DIRECTION('center_axis',(0.,0.,-1.));
#2933=DIRECTION('ref_axis',(0.,1.,0.));
#2934=DIRECTION('center_axis',(1.,0.,0.));
#2935=DIRECTION('ref_axis',(0.,0.,1.));
#2936=DIRECTION('center_axis',(0.,0.,1.));
#2937=DIRECTION('ref_axis',(-0.707106781186548,0.707106781186548,0.));
#2938=DIRECTION('',(0.,0.,1.));
#2939=DIRECTION('',(0.,0.,-1.));
#2940=DIRECTION('center_axis',(1.,0.,0.));
#2941=DIRECTION('ref_axis',(0.,-0.707106781186551,0.707106781186544));
#2942=DIRECTION('center_axis',(-1.,0.,0.));
#2943=DIRECTION('ref_axis',(0.,-0.707106781186551,0.707106781186544));
#2944=DIRECTION('',(1.,0.,0.));
#2945=DIRECTION('center_axis',(-8.92753200003601E-16,1.,0.));
#2946=DIRECTION('ref_axis',(0.707106781186544,0.,0.707106781186551));
#2947=DIRECTION('',(-8.92753200003601E-16,1.,0.));
#2948=DIRECTION('center_axis',(1.,0.,0.));
#2949=DIRECTION('ref_axis',(0.,1.,0.));
#2950=DIRECTION('',(0.,0.,1.));
#2951=DIRECTION('',(0.,0.,1.));
#2952=DIRECTION('center_axis',(0.,-1.,0.));
#2953=DIRECTION('ref_axis',(1.,0.,0.));
#2954=DIRECTION('center_axis',(0.,0.,-1.));
#2955=DIRECTION('ref_axis',(-1.,0.,0.));
#2956=DIRECTION('center_axis',(0.,-1.,0.));
#2957=DIRECTION('ref_axis',(1.,0.,0.));
#2958=DIRECTION('center_axis',(0.,0.,-1.));
#2959=DIRECTION('ref_axis',(0.,1.,0.));
#2960=DIRECTION('center_axis',(1.,0.,0.));
#2961=DIRECTION('ref_axis',(0.,0.,1.));
#2962=DIRECTION('center_axis',(0.,0.,1.));
#2963=DIRECTION('ref_axis',(-0.707106781186541,0.707106781186554,0.));
#2964=DIRECTION('center_axis',(0.,0.,1.));
#2965=DIRECTION('ref_axis',(-0.707106781186548,0.707106781186548,0.));
#2966=DIRECTION('',(0.,0.,1.));
#2967=DIRECTION('',(0.,0.,-1.));
#2968=DIRECTION('center_axis',(1.,0.,0.));
#2969=DIRECTION('ref_axis',(0.,-0.707106781186551,0.707106781186544));
#2970=DIRECTION('center_axis',(-1.,0.,0.));
#2971=DIRECTION('ref_axis',(0.,-0.707106781186551,0.707106781186544));
#2972=DIRECTION('',(-1.,0.,0.));
#2973=DIRECTION('',(1.,0.,0.));
#2974=DIRECTION('center_axis',(0.,1.,0.));
#2975=DIRECTION('ref_axis',(0.707106781186551,0.,0.707106781186544));
#2976=DIRECTION('center_axis',(0.,1.,0.));
#2977=DIRECTION('ref_axis',(0.707106781186551,0.,0.707106781186544));
#2978=DIRECTION('',(0.,1.,0.));
#2979=DIRECTION('',(0.,-1.,0.));
#2980=DIRECTION('center_axis',(0.,0.,1.));
#2981=DIRECTION('ref_axis',(1.,0.,0.));
#2982=DIRECTION('',(0.,1.,0.));
#2983=DIRECTION('',(-1.,0.,0.));
#2984=DIRECTION('',(0.,-1.,0.));
#2985=DIRECTION('',(1.,0.,0.));
#2986=DIRECTION('center_axis',(1.,0.,0.));
#2987=DIRECTION('ref_axis',(0.,1.,0.));
#2988=DIRECTION('',(0.,0.,1.));
#2989=DIRECTION('',(0.,1.,0.));
#2990=DIRECTION('',(0.,0.,1.));
#2991=DIRECTION('center_axis',(0.,-1.,0.));
#2992=DIRECTION('ref_axis',(1.,0.,0.));
#2993=DIRECTION('center_axis',(0.,0.,-1.));
#2994=DIRECTION('ref_axis',(-1.,0.,0.));
#2995=DIRECTION('center_axis',(1.,0.,0.));
#2996=DIRECTION('ref_axis',(0.,1.,0.));
#2997=DIRECTION('center_axis',(0.,0.,-1.));
#2998=DIRECTION('ref_axis',(-1.,0.,0.));
#2999=DIRECTION('center_axis',(0.,1.,0.));
#3000=DIRECTION('ref_axis',(0.,0.,1.));
#3001=DIRECTION('center_axis',(0.,0.,1.));
#3002=DIRECTION('ref_axis',(-0.707106781186548,-0.707106781186548,0.));
#3003=DIRECTION('center_axis',(0.,0.,1.));
#3004=DIRECTION('ref_axis',(-0.707106781186554,-0.707106781186541,0.));
#3005=DIRECTION('',(0.,0.,1.));
#3006=DIRECTION('',(0.,0.,-1.));
#3007=DIRECTION('center_axis',(0.,1.,0.));
#3008=DIRECTION('ref_axis',(0.707106781186551,0.,0.707106781186544));
#3009=DIRECTION('center_axis',(4.44089209850063E-15,-1.,0.));
#3010=DIRECTION('ref_axis',(0.707106781186551,0.,0.707106781186544));
#3011=DIRECTION('',(0.,-1.,0.));
#3012=DIRECTION('',(0.,1.,0.));
#3013=DIRECTION('center_axis',(-1.,-1.1842378929335E-15,0.));
#3014=DIRECTION('ref_axis',(0.,0.707106781186544,0.707106781186551));
#3015=DIRECTION('center_axis',(-1.,0.,0.));
#3016=DIRECTION('ref_axis',(0.,0.707106781186544,0.707106781186551));
#3017=DIRECTION('',(-1.,-1.1842378929335E-15,0.));
#3018=DIRECTION('',(1.,1.1842378929335E-15,0.));
#3019=DIRECTION('center_axis',(0.,0.,1.));
#3020=DIRECTION('ref_axis',(1.,0.,0.));
#3021=DIRECTION('',(-1.,-4.44089209850063E-15,0.));
#3022=DIRECTION('',(0.,-1.,0.));
#3023=DIRECTION('',(1.,4.44089209850063E-16,0.));
#3024=DIRECTION('',(0.,1.,0.));
#3025=DIRECTION('center_axis',(-4.44089209850063E-15,1.,0.));
#3026=DIRECTION('ref_axis',(-1.,-4.44089209850063E-15,0.));
#3027=DIRECTION('',(0.,0.,1.));
#3028=DIRECTION('',(0.,0.,1.));
#3029=DIRECTION('center_axis',(1.,0.,0.));
#3030=DIRECTION('ref_axis',(0.,1.,0.));
#3031=DIRECTION('center_axis',(0.,-1.,0.));
#3032=DIRECTION('ref_axis',(1.,0.,0.));
#3033=DIRECTION('center_axis',(0.,1.,0.));
#3034=DIRECTION('ref_axis',(-1.,0.,0.));
#3035=DIRECTION('',(-1.,0.,0.));
#3036=DIRECTION('',(0.,0.,1.));
#3037=DIRECTION('center_axis',(1.,0.,0.));
#3038=DIRECTION('ref_axis',(0.,1.,0.));
#3039=DIRECTION('',(0.,1.,0.));
#3040=DIRECTION('center_axis',(-1.,0.,0.));
#3041=DIRECTION('ref_axis',(0.,-1.,0.));
#3042=DIRECTION('center_axis',(0.,0.,1.));
#3043=DIRECTION('ref_axis',(-1.,0.,0.));
#3044=DIRECTION('center_axis',(-1.,0.,0.));
#3045=DIRECTION('ref_axis',(0.,-1.,0.));
#3046=DIRECTION('',(0.,0.,1.));
#3047=DIRECTION('center_axis',(-8.8817841970012E-16,1.,0.));
#3048=DIRECTION('ref_axis',(-1.,-8.8817841970012E-16,0.));
#3049=DIRECTION('',(0.,0.,1.));
#3050=DIRECTION('center_axis',(1.,-2.089831575765E-15,0.));
#3051=DIRECTION('ref_axis',(2.089831575765E-15,1.,0.));
#3052=DIRECTION('',(0.,0.,1.));
#3053=DIRECTION('center_axis',(-1.77635683940025E-15,-1.,0.));
#3054=DIRECTION('ref_axis',(1.,-1.77635683940025E-15,0.));
#3055=DIRECTION('center_axis',(-1.1842378929335E-15,1.,0.));
#3056=DIRECTION('ref_axis',(-1.,-1.1842378929335E-15,0.));
#3057=DIRECTION('',(0.,0.,1.));
#3058=DIRECTION('center_axis',(1.,0.,0.));
#3059=DIRECTION('ref_axis',(0.,1.,0.));
#3060=DIRECTION('',(0.,0.,1.));
#3061=DIRECTION('center_axis',(4.44089209850063E-16,-1.,0.));
#3062=DIRECTION('ref_axis',(1.,4.44089209850063E-16,0.));
#3063=DIRECTION('',(0.,0.,1.));
#3064=DIRECTION('center_axis',(-1.,0.,0.));
#3065=DIRECTION('ref_axis',(0.,-1.,0.));
#3066=DIRECTION('center_axis',(-1.,0.,0.));
#3067=DIRECTION('ref_axis',(0.,-1.,0.));
#3068=DIRECTION('',(0.,0.,1.));
#3069=DIRECTION('center_axis',(-1.55431223447522E-15,1.,0.));
#3070=DIRECTION('ref_axis',(-1.,-1.55431223447522E-15,0.));
#3071=DIRECTION('',(0.,0.,1.));
#3072=DIRECTION('center_axis',(1.,8.88178419700125E-16,0.));
#3073=DIRECTION('ref_axis',(-8.88178419700125E-16,1.,0.));
#3074=DIRECTION('',(0.,0.,1.));
#3075=DIRECTION('center_axis',(-1.55431223447522E-15,-1.,0.));
#3076=DIRECTION('ref_axis',(1.,-1.55431223447522E-15,0.));
#3077=DIRECTION('center_axis',(4.44089209850063E-16,-1.,0.));
#3078=DIRECTION('ref_axis',(1.,4.44089209850063E-16,0.));
#3079=DIRECTION('',(1.,4.44089209850063E-16,0.));
#3080=DIRECTION('',(0.,0.,1.));
#3081=DIRECTION('center_axis',(-1.,0.,0.));
#3082=DIRECTION('ref_axis',(0.,-1.,0.));
#3083=DIRECTION('',(0.,-1.,0.));
#3084=DIRECTION('',(0.,0.,1.));
#3085=DIRECTION('center_axis',(2.66453525910039E-15,1.,0.));
#3086=DIRECTION('ref_axis',(-1.,2.66453525910039E-15,0.));
#3087=DIRECTION('',(-1.,2.66453525910039E-15,0.));
#3088=DIRECTION('center_axis',(0.,0.,1.));
#3089=DIRECTION('ref_axis',(1.,0.,0.));
#3090=DIRECTION('center_axis',(1.,0.,0.));
#3091=DIRECTION('ref_axis',(0.,1.,0.));
#3092=DIRECTION('',(0.,0.,1.));
#3093=DIRECTION('center_axis',(0.,-1.,0.));
#3094=DIRECTION('ref_axis',(1.,0.,0.));
#3095=DIRECTION('',(0.,0.,1.));
#3096=DIRECTION('center_axis',(-1.,0.,0.));
#3097=DIRECTION('ref_axis',(0.,-1.,0.));
#3098=DIRECTION('',(0.,-1.,0.));
#3099=DIRECTION('',(0.,0.,1.));
#3100=DIRECTION('center_axis',(0.,1.,0.));
#3101=DIRECTION('ref_axis',(-1.,0.,0.));
#3102=DIRECTION('',(-1.,0.,0.));
#3103=DIRECTION('center_axis',(0.,0.,1.));
#3104=DIRECTION('ref_axis',(-1.,0.,0.));
#3105=DIRECTION('center_axis',(1.,8.92753200003601E-16,0.));
#3106=DIRECTION('ref_axis',(-8.92753200003601E-16,1.,0.));
#3107=DIRECTION('center_axis',(0.,-1.,0.));
#3108=DIRECTION('ref_axis',(1.,0.,0.));
#3109=DIRECTION('',(0.,0.,1.));
#3110=DIRECTION('center_axis',(-1.,-4.58104808541748E-16,0.));
#3111=DIRECTION('ref_axis',(4.58104808541748E-16,-1.,0.));
#3112=DIRECTION('',(0.,0.,1.));
#3113=DIRECTION('center_axis',(0.,1.,0.));
#3114=DIRECTION('ref_axis',(-1.,0.,0.));
#3115=DIRECTION('center_axis',(1.,-8.45884209238214E-17,0.));
#3116=DIRECTION('ref_axis',(8.45884209238214E-17,1.,0.));
#3117=DIRECTION('',(9.7985833700057E-18,1.9220365080589E-17,1.));
#3118=DIRECTION('',(0.999999999999999,5.04011750128754E-36,2.60208521396521E-18));
#3119=CARTESIAN_POINT('',(0.,0.,0.));
#3120=CARTESIAN_POINT('',(0.,0.,0.));
#3121=CARTESIAN_POINT('Origin',(102.000000000001,-41.7499999999991,0.75));
#3122=CARTESIAN_POINT('',(102.000000000001,-44.7499999999991,-1.5));
#3123=CARTESIAN_POINT('',(105.000000000001,-41.7499999999991,-1.5));
#3124=CARTESIAN_POINT('Origin',(102.000000000001,-41.7499999999991,-1.5));
#3125=CARTESIAN_POINT('',(105.000000000001,-41.7499999999991,1.5));
#3126=CARTESIAN_POINT('',(105.000000000001,-41.7499999999991,0.75));
#3127=CARTESIAN_POINT('',(102.000000000001,-44.7499999999991,1.5));
#3128=CARTESIAN_POINT('Origin',(102.000000000001,-41.7499999999991,1.5));
#3129=CARTESIAN_POINT('',(102.000000000001,-44.7499999999991,0.75));
#3130=CARTESIAN_POINT('Origin',(14.6000000000009,-44.7499999999991,1.5));
#3131=CARTESIAN_POINT('',(14.6000000000009,-44.7499999999991,1.5));
#3132=CARTESIAN_POINT('',(7.30000000000091,-44.7499999999991,1.5));
#3133=CARTESIAN_POINT('',(14.6000000000009,-44.7499999999991,-1.5));
#3134=CARTESIAN_POINT('',(14.6000000000009,-44.7499999999991,1.5));
#3135=CARTESIAN_POINT('',(7.30000000000091,-44.7499999999991,-1.5));
#3136=CARTESIAN_POINT('Origin',(9.05941988094128E-13,8.70414851306123E-13,
1.5));
#3137=CARTESIAN_POINT('',(105.000000000001,105.000000000001,1.5));
#3138=CARTESIAN_POINT('',(105.000000000001,105.000000000001,1.5));
#3139=CARTESIAN_POINT('',(104.999500260847,105.000000000001,1.5));
#3140=CARTESIAN_POINT('',(-104.999999999999,105.000000000001,1.5));
#3141=CARTESIAN_POINT('',(104.999500260847,85.0003317174046,1.5));
#3142=CARTESIAN_POINT('',(104.999500260847,42.5001658587027,1.5));
#3143=CARTESIAN_POINT('',(99.9995002608473,85.0003317174046,1.5));
#3144=CARTESIAN_POINT('',(49.9997501304241,85.0003317174046,1.5));
#3145=CARTESIAN_POINT('',(99.9995002608473,99.5003317174046,1.5));
#3146=CARTESIAN_POINT('',(99.9995002608473,50.0001658587027,1.5));
#3147=CARTESIAN_POINT('',(99.4995002608472,100.000331717405,1.5));
#3148=CARTESIAN_POINT('Origin',(99.4995002608472,99.5003317174046,1.5));
#3149=CARTESIAN_POINT('',(84.9995002608473,100.000331717405,1.5));
#3150=CARTESIAN_POINT('',(42.4997501304241,100.000331717405,1.5));
#3151=CARTESIAN_POINT('',(84.9995002608473,105.000000000001,1.5));
#3152=CARTESIAN_POINT('',(84.9995002608473,52.5001658587027,1.5));
#3153=CARTESIAN_POINT('',(-57.8004997391527,105.000000000001,1.5));
#3154=CARTESIAN_POINT('',(-104.999999999999,105.000000000001,1.5));
#3155=CARTESIAN_POINT('',(-57.8004997391527,100.077196974849,1.5));
#3156=CARTESIAN_POINT('',(-57.8004997391527,50.0385984874247,1.5));
#3157=CARTESIAN_POINT('',(-72.3004997391527,100.077196974849,1.5));
#3158=CARTESIAN_POINT('',(-36.4002498695759,100.077196974849,1.5));
#3159=CARTESIAN_POINT('',(-72.8004997391527,99.5771969748485,1.5));
#3160=CARTESIAN_POINT('Origin',(-72.3004997391527,99.5771969748485,1.5));
#3161=CARTESIAN_POINT('',(-72.8004997391527,85.0771969748485,1.5));
#3162=CARTESIAN_POINT('',(-72.8004997391527,42.5385984874247,1.5));
#3163=CARTESIAN_POINT('',(-77.8004997391527,85.0771969748485,1.5));
#3164=CARTESIAN_POINT('',(-38.9002498695759,85.0771969748485,1.5));
#3165=CARTESIAN_POINT('',(-77.8004997391527,105.000000000001,1.5));
#3166=CARTESIAN_POINT('',(-77.8004997391527,52.5385984874247,1.5));
#3167=CARTESIAN_POINT('',(-101.999999999999,105.000000000001,1.5));
#3168=CARTESIAN_POINT('',(-104.999999999999,105.000000000001,1.5));
#3169=CARTESIAN_POINT('',(-104.999999999999,102.000000000001,1.5));
#3170=CARTESIAN_POINT('Origin',(-101.999999999999,102.000000000001,1.5));
#3171=CARTESIAN_POINT('',(-104.999999999999,96.2912878474788,1.5));
#3172=CARTESIAN_POINT('',(-104.999999999999,-104.999999999999,1.5));
#3173=CARTESIAN_POINT('',(-94.4999999999991,94.0000000000009,1.50000000000001));
#3174=CARTESIAN_POINT('Origin',(-99.9999999999991,94.0000000000009,1.5));
#3175=CARTESIAN_POINT('',(-104.999999999999,91.708712152523,1.5));
#3176=CARTESIAN_POINT('Origin',(-99.9999999999991,94.0000000000009,1.5));
#3177=CARTESIAN_POINT('',(-104.999999999999,-101.999999999999,1.5));
#3178=CARTESIAN_POINT('',(-104.999999999999,-104.999999999999,1.5));
#3179=CARTESIAN_POINT('',(-101.999999999999,-104.999999999999,1.5));
#3180=CARTESIAN_POINT('Origin',(-101.999999999999,-101.999999999999,1.5));
#3181=CARTESIAN_POINT('',(11.6000000000009,-104.999999999999,1.5));
#3182=CARTESIAN_POINT('',(105.000000000001,-104.999999999999,1.5));
#3183=CARTESIAN_POINT('',(14.6000000000009,-101.999999999999,1.5));
#3184=CARTESIAN_POINT('Origin',(11.6000000000009,-101.999999999999,1.5));
#3185=CARTESIAN_POINT('',(14.6000000000009,-63.3228030251515,1.5));
#3186=CARTESIAN_POINT('',(14.6000000000009,-52.4999999999991,1.5));
#3187=CARTESIAN_POINT('',(9.60000000000088,-63.3228030251515,1.5));
#3188=CARTESIAN_POINT('',(4.80000000000083,-63.3228030251515,1.5));
#3189=CARTESIAN_POINT('',(9.6000000000009,-47.3228030251515,1.5));
#3190=CARTESIAN_POINT('',(9.60000000000094,-23.6614015125753,1.5));
#3191=CARTESIAN_POINT('',(-5.3999999999991,-47.3228030251514,1.5));
#3192=CARTESIAN_POINT('',(-2.69999999999914,-47.3228030251514,1.5));
#3193=CARTESIAN_POINT('',(-5.39999999999909,-43.3228030251514,1.5));
#3194=CARTESIAN_POINT('',(-5.39999999999906,-21.6614015125753,1.5));
#3195=CARTESIAN_POINT('',(8.59950026084726,-43.3228030251515,1.5));
#3196=CARTESIAN_POINT('',(7.30000000000087,-43.3228030251515,1.5));
#3197=CARTESIAN_POINT('',(8.59950026084726,-38.3228030251515,1.5));
#3198=CARTESIAN_POINT('',(8.59950026084726,-19.1614015125753,1.5));
#3199=CARTESIAN_POINT('',(23.0995002608473,-38.3228030251515,1.5));
#3200=CARTESIAN_POINT('',(11.7997501304241,-38.3228030251515,1.5));
#3201=CARTESIAN_POINT('',(23.5995002608473,-37.8228030251515,1.5));
#3202=CARTESIAN_POINT('Origin',(23.0995002608473,-37.8228030251515,1.5));
#3203=CARTESIAN_POINT('',(23.5995002608473,-26.3228030251515,1.5));
#3204=CARTESIAN_POINT('',(23.5995002608473,-13.1614015125753,1.5));
#3205=CARTESIAN_POINT('',(28.5995002608473,-26.3228030251515,1.5));
#3206=CARTESIAN_POINT('',(14.2997501304241,-26.3228030251515,1.5));
#3207=CARTESIAN_POINT('',(28.5995002608473,-43.3228030251515,1.5));
#3208=CARTESIAN_POINT('',(28.5995002608473,-21.6614015125753,1.5));
#3209=CARTESIAN_POINT('',(14.6000000000009,-43.3228030251515,1.5));
#3210=CARTESIAN_POINT('',(4.29975013042405,-43.3228030251515,1.5));
#3211=CARTESIAN_POINT('',(14.6000000000009,-31.6614015125753,1.5));
#3212=CARTESIAN_POINT('',(80.0000000000009,94.0000000000009,1.5));
#3213=CARTESIAN_POINT('Origin',(74.5000000000009,94.0000000000009,1.5));
#3214=CARTESIAN_POINT('',(23.5995002608473,99.5771969748485,1.5));
#3215=CARTESIAN_POINT('',(23.0995002608473,100.077196974849,1.5));
#3216=CARTESIAN_POINT('Origin',(23.0995002608473,99.5771969748485,1.5));
#3217=CARTESIAN_POINT('',(8.59950026084719,100.077196974849,1.5));
#3218=CARTESIAN_POINT('',(4.29975013042405,100.077196974849,1.5));
#3219=CARTESIAN_POINT('',(8.59950026084719,104.924223261952,1.5));
#3220=CARTESIAN_POINT('',(8.59950026084721,52.4621116309764,1.5));
#3221=CARTESIAN_POINT('',(43.5995002608472,104.924223261952,1.5));
#3222=CARTESIAN_POINT('',(21.799750130424,104.924223261952,1.5));
#3223=CARTESIAN_POINT('',(43.5995002608472,100.000331717405,1.5));
#3224=CARTESIAN_POINT('',(43.5995002608472,50.0001658587027,1.5));
#3225=CARTESIAN_POINT('',(29.0995002608472,100.000331717405,1.5));
#3226=CARTESIAN_POINT('',(14.299750130424,100.000331717405,1.5));
#3227=CARTESIAN_POINT('',(28.5995002608472,99.5003317174046,1.5));
#3228=CARTESIAN_POINT('Origin',(29.0995002608472,99.5003317174046,1.5));
#3229=CARTESIAN_POINT('',(28.5995002608472,85.0771969748485,1.5));
#3230=CARTESIAN_POINT('',(28.5995002608472,42.5385984874247,1.5));
#3231=CARTESIAN_POINT('',(23.5995002608473,85.0771969748485,1.5));
#3232=CARTESIAN_POINT('',(11.7997501304241,85.0771969748485,1.5));
#3233=CARTESIAN_POINT('',(23.5995002608473,50.0385984874247,1.5));
#3234=CARTESIAN_POINT('',(-72.8004997391527,-37.8228030251515,1.5));
#3235=CARTESIAN_POINT('',(-72.3004997391527,-38.3228030251515,1.5));
#3236=CARTESIAN_POINT('Origin',(-72.3004997391527,-37.8228030251515,1.5));
#3237=CARTESIAN_POINT('',(-57.8004997391527,-38.3228030251515,1.5));
#3238=CARTESIAN_POINT('',(-28.9002498695759,-38.3228030251515,1.5));
#3239=CARTESIAN_POINT('',(-57.8004997391527,-43.3228030251515,1.5));
#3240=CARTESIAN_POINT('',(-57.8004997391527,-21.6614015125753,1.5));
#3241=CARTESIAN_POINT('',(-77.8004997391527,-43.3228030251515,1.5));
#3242=CARTESIAN_POINT('',(-38.9002498695759,-43.3228030251515,1.5));
#3243=CARTESIAN_POINT('',(-77.8004997391527,-23.3228030251515,1.5));
#3244=CARTESIAN_POINT('',(-77.8004997391527,-11.6614015125753,1.5));
#3245=CARTESIAN_POINT('',(-72.8004997391527,-23.3228030251515,1.5));
#3246=CARTESIAN_POINT('',(-36.4002498695759,-23.3228030251513,1.5));
#3247=CARTESIAN_POINT('',(-72.8004997391527,-19.1614015125753,1.5));
#3248=CARTESIAN_POINT('',(28.5995002608473,-19.8996682825954,1.5));
#3249=CARTESIAN_POINT('',(29.0995002608473,-20.3996682825954,1.5));
#3250=CARTESIAN_POINT('Origin',(29.0995002608473,-19.8996682825954,1.5));
#3251=CARTESIAN_POINT('',(43.5995002608473,-20.3996682825954,1.5));
#3252=CARTESIAN_POINT('',(21.7997501304241,-20.3996682825953,1.5));
#3253=CARTESIAN_POINT('',(43.5995002608473,-25.3996682825954,1.5));
#3254=CARTESIAN_POINT('',(43.5995002608472,-12.6998341412972,1.5));
#3255=CARTESIAN_POINT('',(23.5995002608473,-25.3996682825954,1.5));
#3256=CARTESIAN_POINT('',(11.7997501304241,-25.3996682825954,1.5));
#3257=CARTESIAN_POINT('',(23.5995002608473,-5.39966828259543,1.5));
#3258=CARTESIAN_POINT('',(23.5995002608473,-2.69983414129728,1.5));
#3259=CARTESIAN_POINT('',(28.5995002608473,-5.39966828259544,1.5));
#3260=CARTESIAN_POINT('',(14.2997501304241,-5.3996682825954,1.5));
#3261=CARTESIAN_POINT('',(28.5995002608473,-10.1998341412972,1.5));
#3262=CARTESIAN_POINT('',(99.4995002608472,-20.3996682825954,1.5));
#3263=CARTESIAN_POINT('',(99.9995002608473,-19.8996682825954,1.5));
#3264=CARTESIAN_POINT('Origin',(99.4995002608472,-19.8996682825954,1.5));
#3265=CARTESIAN_POINT('',(99.9995002608473,-5.39966828259543,1.5));
#3266=CARTESIAN_POINT('',(99.9995002608473,-2.69983414129728,1.5));
#3267=CARTESIAN_POINT('',(104.999500260847,-5.39966828259542,1.5));
#3268=CARTESIAN_POINT('',(52.4997501304241,-5.3996682825955,1.5));
#3269=CARTESIAN_POINT('',(104.999500260847,-25.3996682825954,1.5));
#3270=CARTESIAN_POINT('',(104.999500260847,-12.6998341412972,1.5));
#3271=CARTESIAN_POINT('',(84.9995002608473,-25.3996682825954,1.5));
#3272=CARTESIAN_POINT('',(42.4997501304241,-25.3996682825953,1.5));
#3273=CARTESIAN_POINT('',(84.9995002608472,-20.3996682825954,1.5));
#3274=CARTESIAN_POINT('',(84.9995002608472,-10.1998341412971,1.5));
#3275=CARTESIAN_POINT('',(49.9997501304241,-20.3996682825954,1.5));
#3276=CARTESIAN_POINT('',(-78.3999999999991,-47.3228030251515,1.5));
#3277=CARTESIAN_POINT('',(-93.3999999999991,-47.3228030251515,1.5));
#3278=CARTESIAN_POINT('',(-46.6999999999991,-47.3228030251515,1.5));
#3279=CARTESIAN_POINT('',(-93.3999999999991,-63.3228030251515,1.5));
#3280=CARTESIAN_POINT('',(-93.3999999999991,-31.6614015125753,1.5));
#3281=CARTESIAN_POINT('',(-98.3999999999991,-63.3228030251515,1.5));
#3282=CARTESIAN_POINT('',(-49.1999999999991,-63.3228030251515,1.5));
#3283=CARTESIAN_POINT('',(-98.3999999999991,-43.3228030251515,1.5));
#3284=CARTESIAN_POINT('',(-98.3999999999991,-21.6614015125753,1.5));
#3285=CARTESIAN_POINT('',(-78.3999999999991,-43.3228030251515,1.5));
#3286=CARTESIAN_POINT('',(-39.1999999999991,-43.3228030251515,1.5));
#3287=CARTESIAN_POINT('',(-78.3999999999991,-23.6614015125753,1.5));
#3288=CARTESIAN_POINT('',(-95.5999999999991,-74.9999999999991,1.5));
#3289=CARTESIAN_POINT('Origin',(-99.9999999999991,-74.9999999999991,1.5));
#3290=CARTESIAN_POINT('Origin',(11.6000000000009,-101.999999999999,0.75));
#3291=CARTESIAN_POINT('',(11.6000000000009,-104.999999999999,-1.5));
#3292=CARTESIAN_POINT('',(11.6000000000009,-104.999999999999,0.75));
#3293=CARTESIAN_POINT('',(14.6000000000009,-101.999999999999,-1.5));
#3294=CARTESIAN_POINT('Origin',(11.6000000000009,-101.999999999999,-1.5));
#3295=CARTESIAN_POINT('',(14.6000000000009,-101.999999999999,0.75));
#3296=CARTESIAN_POINT('Origin',(14.6000000000009,-104.999999999999,1.5));
#3297=CARTESIAN_POINT('',(14.6000000000009,-52.4999999999991,-1.5));
#3298=CARTESIAN_POINT('',(14.6000000000009,-43.3228030251515,11.5));
#3299=CARTESIAN_POINT('',(14.6000000000009,-43.3228030251515,1.5));
#3300=CARTESIAN_POINT('',(14.6000000000009,-63.3228030251515,11.5));
#3301=CARTESIAN_POINT('',(14.6000000000009,-43.3228030251515,11.5));
#3302=CARTESIAN_POINT('',(14.6000000000009,-63.3228030251515,1.5));
#3303=CARTESIAN_POINT('Origin',(9.05941988094128E-13,8.70414851306123E-13,
-1.5));
#3304=CARTESIAN_POINT('',(-101.999999999999,-104.999999999999,-1.5));
#3305=CARTESIAN_POINT('',(-52.4999999999991,-104.999999999999,-1.5));
#3306=CARTESIAN_POINT('',(-104.999999999999,-101.999999999999,-1.5));
#3307=CARTESIAN_POINT('Origin',(-101.999999999999,-101.999999999999,-1.5));
#3308=CARTESIAN_POINT('',(-104.999999999999,102.000000000001,-1.5));
#3309=CARTESIAN_POINT('',(-104.999999999999,52.5000000000009,-1.5));
#3310=CARTESIAN_POINT('',(-101.999999999999,105.000000000001,-1.5));
#3311=CARTESIAN_POINT('Origin',(-101.999999999999,102.000000000001,-1.5));
#3312=CARTESIAN_POINT('',(105.000000000001,105.000000000001,-1.5));
#3313=CARTESIAN_POINT('',(52.5000000000009,105.000000000001,-1.5));
#3314=CARTESIAN_POINT('',(105.000000000001,-52.4999999999991,-1.5));
#3315=CARTESIAN_POINT('',(-97.5999999999991,-74.9999999999991,-1.5));
#3316=CARTESIAN_POINT('Origin',(-99.9999999999991,-74.9999999999991,-1.5));
#3317=CARTESIAN_POINT('',(78.0000000000009,94.0000000000009,-1.5));
#3318=CARTESIAN_POINT('Origin',(74.5000000000009,94.0000000000009,-1.5));
#3319=CARTESIAN_POINT('',(-96.4999999999991,94.0000000000009,-1.5));
#3320=CARTESIAN_POINT('Origin',(-99.9999999999991,94.0000000000009,-1.5));
#3321=CARTESIAN_POINT('Origin',(-101.999999999999,-101.999999999999,0.));
#3322=CARTESIAN_POINT('',(-104.999999999999,-101.999999999999,0.));
#3323=CARTESIAN_POINT('',(-101.999999999999,-104.999999999999,0.));
#3324=CARTESIAN_POINT('Origin',(-104.999999999999,105.000000000001,0.));
#3325=CARTESIAN_POINT('Ctrl Pts',(-104.999999999999,96.2912878474788,1.50000000000001));
#3326=CARTESIAN_POINT('Ctrl Pts',(-104.999999999999,94.0000000000009,0.843749999999996));
#3327=CARTESIAN_POINT('Ctrl Pts',(-104.999999999999,91.708712152523,1.5));
#3328=CARTESIAN_POINT('',(-104.999999999999,102.000000000001,0.));
#3329=CARTESIAN_POINT('Origin',(-101.999999999999,102.000000000001,0.));
#3330=CARTESIAN_POINT('',(-101.999999999999,105.000000000001,0.));
#3331=CARTESIAN_POINT('Origin',(-99.9999999999991,94.0000000000009,0.8125));
#3332=CARTESIAN_POINT('',(-96.4999999999991,94.0000000000009,0.125));
#3333=CARTESIAN_POINT('',(-95.4999999999991,94.0000000000009,0.8125));
#3334=CARTESIAN_POINT('Origin',(-99.9999999999991,94.0000000000009,0.125));
#3335=CARTESIAN_POINT('Origin',(-99.9999999999991,94.0000000000009,1.5));
#3336=CARTESIAN_POINT('',(-96.4999999999991,94.0000000000009,1.5));
#3337=CARTESIAN_POINT('Origin',(74.5000000000009,94.0000000000009,0.8125));
#3338=CARTESIAN_POINT('',(78.0000000000009,94.0000000000009,0.125));
#3339=CARTESIAN_POINT('',(79.0000000000009,94.0000000000009,0.8125));
#3340=CARTESIAN_POINT('Origin',(74.5000000000009,94.0000000000009,0.125));
#3341=CARTESIAN_POINT('Origin',(74.5000000000009,94.0000000000009,1.5));
#3342=CARTESIAN_POINT('',(78.0000000000009,94.0000000000009,1.5));
#3343=CARTESIAN_POINT('Origin',(-99.9999999999991,-74.9999999999991,0.8125));
#3344=CARTESIAN_POINT('',(-97.5999999999991,-74.9999999999991,0.125));
#3345=CARTESIAN_POINT('',(-96.5999999999991,-74.9999999999991,0.8125));
#3346=CARTESIAN_POINT('Origin',(-99.9999999999991,-74.9999999999991,0.125));
#3347=CARTESIAN_POINT('Origin',(-99.9999999999991,-74.9999999999991,1.5));
#3348=CARTESIAN_POINT('',(-97.5999999999991,-74.9999999999991,1.5));
#3349=CARTESIAN_POINT('Origin',(105.000000000001,105.000000000001,0.));
#3350=CARTESIAN_POINT('',(-104.999999999999,105.000000000001,1.5));
#3351=CARTESIAN_POINT('',(-104.999999999999,105.000000000001,1.5));
#3352=CARTESIAN_POINT('',(105.000000000001,105.000000000001,0.));
#3353=CARTESIAN_POINT('Origin',(-104.999999999999,-104.999999999999,0.));
#3354=CARTESIAN_POINT('Origin',(9.60000000000088,-63.3228030251515,11.5));
#3355=CARTESIAN_POINT('',(9.60000000000088,-63.3228030251515,11.5));
#3356=CARTESIAN_POINT('',(11.7213203435605,-63.3228030251515,9.37867965644036));
#3357=CARTESIAN_POINT('',(12.1000000000009,-63.3228030251515,9.));
#3358=CARTESIAN_POINT('',(9.6000000000009,-47.3228030251515,11.5));
#3359=CARTESIAN_POINT('',(9.60000000000088,-63.3228030251515,11.5));
#3360=CARTESIAN_POINT('',(11.7213203435605,-47.3228030251515,9.37867965644036));
#3361=CARTESIAN_POINT('',(9.6000000000009,-47.3228030251515,11.5));
#3362=CARTESIAN_POINT('',(11.7213203435605,-63.3228030251515,9.37867965644036));
#3363=CARTESIAN_POINT('Origin',(11.7213203435605,-63.3228030251515,6.87867965644036));
#3364=CARTESIAN_POINT('',(11.7213203435605,-63.3228030251515,6.87867965644036));
#3365=CARTESIAN_POINT('',(9.60000000000088,-63.3228030251515,4.75735931288071));
#3366=CARTESIAN_POINT('',(9.84632034356052,-63.3228030251515,5.00367965644036));
#3367=CARTESIAN_POINT('',(11.7213203435605,-47.3228030251515,6.87867965644036));
#3368=CARTESIAN_POINT('',(11.7213203435605,-63.3228030251515,6.87867965644036));
#3369=CARTESIAN_POINT('',(9.6000000000009,-47.3228030251515,4.75735931288071));
#3370=CARTESIAN_POINT('',(11.7213203435605,-47.3228030251515,6.87867965644036));
#3371=CARTESIAN_POINT('',(9.60000000000089,-55.3228030251515,4.75735931288071));
#3372=CARTESIAN_POINT('Origin',(11.7213203435605,-63.3228030251515,9.37867965644036));
#3373=CARTESIAN_POINT('',(11.7213203435605,-63.3228030251515,5.43933982822018));
#3374=CARTESIAN_POINT('',(11.7213203435605,-47.3228030251515,9.37867965644036));
#3375=CARTESIAN_POINT('Origin',(-95.5213203435588,-63.3228030251513,9.37867965644034));
#3376=CARTESIAN_POINT('',(-95.5213203435588,-63.3228030251513,9.37867965644034));
#3377=CARTESIAN_POINT('',(-93.3999999999991,-63.3228030251515,11.5));
#3378=CARTESIAN_POINT('',(-98.2106601717789,-63.3228030251515,6.68933982822015));
#3379=CARTESIAN_POINT('',(-95.5213203435587,-47.3228030251513,9.37867965644034));
#3380=CARTESIAN_POINT('',(-95.5213203435588,-63.3228030251513,9.37867965644034));
#3381=CARTESIAN_POINT('',(-93.3999999999991,-47.3228030251515,11.5));
#3382=CARTESIAN_POINT('',(-93.3999999999991,-47.3228030251513,11.5));
#3383=CARTESIAN_POINT('',(-93.3999999999991,-47.3228030251515,11.5));
#3384=CARTESIAN_POINT('Origin',(-95.5213203435588,-63.3228030251513,6.87867965644034));
#3385=CARTESIAN_POINT('',(-95.5213203435588,-63.3228030251513,6.87867965644034));
#3386=CARTESIAN_POINT('',(-95.5213203435588,-63.3228030251515,4.18933982822017));
#3387=CARTESIAN_POINT('',(-95.5213203435587,-47.3228030251513,6.87867965644034));
#3388=CARTESIAN_POINT('',(-95.5213203435588,-63.3228030251513,6.87867965644034));
#3389=CARTESIAN_POINT('',(-95.5213203435587,-47.3228030251513,9.37867965644034));
#3390=CARTESIAN_POINT('Origin',(-93.3999999999991,-63.3228030251513,4.75735931288069));
#3391=CARTESIAN_POINT('',(-93.3999999999991,-63.3228030251513,4.75735931288069));
#3392=CARTESIAN_POINT('',(-93.8356601717789,-63.3228030251515,5.19301948466052));
#3393=CARTESIAN_POINT('',(-93.3999999999991,-47.3228030251513,4.75735931288069));
#3394=CARTESIAN_POINT('',(-93.3999999999991,-63.3228030251514,4.7573593128807));
#3395=CARTESIAN_POINT('',(-95.5213203435587,-47.3228030251513,6.87867965644034));
#3396=CARTESIAN_POINT('Origin',(-93.3999999999991,-63.3228030251515,1.5));
#3397=CARTESIAN_POINT('',(-93.3999999999991,-63.3228030251515,1.5));
#3398=CARTESIAN_POINT('',(-93.3999999999991,-47.3228030251515,1.5));
#3399=CARTESIAN_POINT('Origin',(-98.3999999999991,-63.3228030251515,1.5));
#3400=CARTESIAN_POINT('',(-98.3999999999991,-63.3228030251515,11.5));
#3401=CARTESIAN_POINT('',(-98.3999999999991,-63.3228030251515,11.5));
#3402=CARTESIAN_POINT('',(-98.3999999999991,-63.3228030251515,1.5));
#3403=CARTESIAN_POINT('Origin',(14.6000000000009,-43.3228030251515,1.5));
#3404=CARTESIAN_POINT('',(8.59950026084726,-43.3228030251515,11.5));
#3405=CARTESIAN_POINT('',(8.59950026084726,-43.3228030251515,1.5));
#3406=CARTESIAN_POINT('',(-5.39999999999909,-43.3228030251514,11.5));
#3407=CARTESIAN_POINT('',(-5.39999999999909,-43.3228030251514,1.5));
#3408=CARTESIAN_POINT('',(-5.39999999999909,-43.3228030251514,11.5));
#3409=CARTESIAN_POINT('Origin',(9.60000000000088,-63.3228030251515,1.5));
#3410=CARTESIAN_POINT('',(9.60000000000088,-63.3228030251515,1.5));
#3411=CARTESIAN_POINT('',(14.6000000000009,-63.3228030251515,11.5));
#3412=CARTESIAN_POINT('Origin',(9.6000000000009,-47.3228030251515,1.5));
#3413=CARTESIAN_POINT('',(9.6000000000009,-47.3228030251515,1.5));
#3414=CARTESIAN_POINT('Origin',(-5.3999999999991,-47.3228030251514,1.5));
#3415=CARTESIAN_POINT('',(-5.3999999999991,-47.3228030251514,11.5));
#3416=CARTESIAN_POINT('',(9.6000000000009,-47.3228030251515,11.5));
#3417=CARTESIAN_POINT('',(-5.3999999999991,-47.3228030251514,1.5));
#3418=CARTESIAN_POINT('Origin',(-5.39999999999909,-43.3228030251514,1.5));
#3419=CARTESIAN_POINT('',(-5.3999999999991,-47.3228030251514,11.5));
#3420=CARTESIAN_POINT('Origin',(-93.3999999999991,-47.3228030251515,1.5));
#3421=CARTESIAN_POINT('',(-78.3999999999991,-47.3228030251515,11.5));
#3422=CARTESIAN_POINT('',(-78.3999999999991,-47.3228030251515,1.5));
#3423=CARTESIAN_POINT('',(-93.3999999999991,-47.3228030251515,11.5));
#3424=CARTESIAN_POINT('Origin',(-98.3999999999991,-43.3228030251515,1.5));
#3425=CARTESIAN_POINT('',(-98.3999999999991,-43.3228030251515,11.5));
#3426=CARTESIAN_POINT('',(-98.3999999999991,-43.3228030251515,11.5));
#3427=CARTESIAN_POINT('',(-98.3999999999991,-43.3228030251515,1.5));
#3428=CARTESIAN_POINT('Origin',(-78.3999999999991,-43.3228030251515,1.5));
#3429=CARTESIAN_POINT('',(-78.3999999999991,-43.3228030251515,11.5));
#3430=CARTESIAN_POINT('',(-78.3999999999991,-43.3228030251515,11.5));
#3431=CARTESIAN_POINT('',(-78.3999999999991,-43.3228030251515,1.5));
#3432=CARTESIAN_POINT('Origin',(-78.3999999999991,-47.3228030251515,1.5));
#3433=CARTESIAN_POINT('',(-78.3999999999991,-47.3228030251515,11.5));
#3434=CARTESIAN_POINT('Origin',(-88.3999999999991,-53.3228030251515,11.5));
#3435=CARTESIAN_POINT('Origin',(99.4995002608472,-19.8996682825954,11.));
#3436=CARTESIAN_POINT('',(99.9995002608473,-19.8996682825954,11.));
#3437=CARTESIAN_POINT('',(100.499500260847,-19.8996682825954,11.5));
#3438=CARTESIAN_POINT('Origin',(100.499500260847,-19.8996682825954,11.));
#3439=CARTESIAN_POINT('',(99.4995002608472,-20.3996682825954,11.));
#3440=CARTESIAN_POINT('Origin',(99.4995002608472,-19.8996682825954,11.));
#3441=CARTESIAN_POINT('',(99.4995002608472,-20.8996682825954,11.5));
#3442=CARTESIAN_POINT('Origin',(99.4995002608472,-20.8996682825954,11.));
#3443=CARTESIAN_POINT('Origin',(99.4995002608472,-19.8996682825954,11.5));
#3444=CARTESIAN_POINT('Origin',(99.4995002608472,-19.8996682825954,1.5));
#3445=CARTESIAN_POINT('',(99.4995002608472,-20.3996682825954,1.5));
#3446=CARTESIAN_POINT('',(99.9995002608473,-19.8996682825954,1.5));
#3447=CARTESIAN_POINT('Origin',(97.4995002608473,-20.8996682825954,11.));
#3448=CARTESIAN_POINT('',(84.9995002608472,-20.3996682825954,11.));
#3449=CARTESIAN_POINT('',(84.9995002608472,-20.8996682825954,11.5));
#3450=CARTESIAN_POINT('Origin',(84.9995002608472,-20.8996682825954,11.));
#3451=CARTESIAN_POINT('',(97.4995002608473,-20.8996682825954,11.5));
#3452=CARTESIAN_POINT('',(97.4995002608473,-20.3996682825954,11.));
#3453=CARTESIAN_POINT('Origin',(100.499500260847,-10.3996682825954,11.));
#3454=CARTESIAN_POINT('',(100.499500260847,-5.39966828259543,11.5));
#3455=CARTESIAN_POINT('',(99.9995002608473,-5.39966828259543,11.));
#3456=CARTESIAN_POINT('Origin',(100.499500260847,-5.39966828259542,11.));
#3457=CARTESIAN_POINT('',(99.9995002608473,-10.3996682825954,11.));
#3458=CARTESIAN_POINT('',(100.499500260847,-10.3996682825954,11.5));
#3459=CARTESIAN_POINT('Origin',(94.9995002608473,-15.3996682825954,11.5));
#3460=CARTESIAN_POINT('',(84.9995002608473,-25.3996682825954,11.5));
#3461=CARTESIAN_POINT('',(84.9995002608472,-20.3996682825954,11.5));
#3462=CARTESIAN_POINT('',(104.999500260847,-25.3996682825954,11.5));
#3463=CARTESIAN_POINT('',(84.9995002608473,-25.3996682825954,11.5));
#3464=CARTESIAN_POINT('',(104.999500260847,-5.39966828259542,11.5));
#3465=CARTESIAN_POINT('',(104.999500260847,-25.3996682825954,11.5));
#3466=CARTESIAN_POINT('',(104.999500260847,-5.39966828259542,11.5));
#3467=CARTESIAN_POINT('Origin',(84.9995002608472,-20.3996682825954,1.5));
#3468=CARTESIAN_POINT('',(84.9995002608472,-20.3996682825954,1.5));
#3469=CARTESIAN_POINT('',(84.9995002608473,-25.3996682825954,1.5));
#3470=CARTESIAN_POINT('Origin',(99.9995002608473,-20.3996682825954,1.5));
#3471=CARTESIAN_POINT('Origin',(99.4995002608472,99.5003317174046,11.));
#3472=CARTESIAN_POINT('',(99.4995002608472,100.000331717405,11.));
#3473=CARTESIAN_POINT('',(99.4995002608472,100.500331717405,11.5));
#3474=CARTESIAN_POINT('Origin',(99.4995002608472,100.500331717405,11.));
#3475=CARTESIAN_POINT('',(99.9995002608473,99.5003317174046,11.));
#3476=CARTESIAN_POINT('Origin',(99.4995002608472,99.5003317174046,11.));
#3477=CARTESIAN_POINT('',(100.499500260847,99.5003317174046,11.5));
#3478=CARTESIAN_POINT('Origin',(100.499500260847,99.5003317174046,11.));
#3479=CARTESIAN_POINT('Origin',(99.4995002608472,99.5003317174046,11.5));
#3480=CARTESIAN_POINT('Origin',(99.4995002608472,99.5003317174046,1.5));
#3481=CARTESIAN_POINT('',(99.9995002608473,99.5003317174046,1.5));
#3482=CARTESIAN_POINT('',(99.4995002608472,100.000331717405,1.5));
#3483=CARTESIAN_POINT('Origin',(100.499500260847,97.5003317174046,11.));
#3484=CARTESIAN_POINT('',(99.9995002608473,85.0003317174046,11.));
#3485=CARTESIAN_POINT('',(100.499500260847,85.0003317174046,11.5));
#3486=CARTESIAN_POINT('Origin',(100.499500260847,85.0003317174046,11.));
#3487=CARTESIAN_POINT('',(100.499500260847,97.5003317174046,11.5));
#3488=CARTESIAN_POINT('',(99.9995002608473,97.5003317174046,11.));
#3489=CARTESIAN_POINT('Origin',(89.9995002608473,100.500331717405,11.));
#3490=CARTESIAN_POINT('',(84.9995002608473,100.500331717405,11.5));
#3491=CARTESIAN_POINT('',(84.9995002608473,100.000331717405,11.));
#3492=CARTESIAN_POINT('Origin',(84.9995002608473,100.500331717405,11.));
#3493=CARTESIAN_POINT('',(89.9995002608473,100.000331717405,11.));
#3494=CARTESIAN_POINT('',(89.9995002608473,100.500331717405,11.5));
#3495=CARTESIAN_POINT('Origin',(84.9995002608473,105.000331717405,1.5));
#3496=CARTESIAN_POINT('',(84.9995002608473,105.000331717405,11.5));
#3497=CARTESIAN_POINT('',(84.9995002608473,105.000331717405,11.5));
#3498=CARTESIAN_POINT('',(84.9995002608473,105.000331717405,1.5));
#3499=CARTESIAN_POINT('',(84.9995002608473,105.000331717405,1.5));
#3500=CARTESIAN_POINT('',(84.9995002608473,105.000331717405,1.5));
#3501=CARTESIAN_POINT('',(84.9995002608473,100.000331717405,1.5));
#3502=CARTESIAN_POINT('Origin',(94.9995002608473,95.0003317174046,11.5));
#3503=CARTESIAN_POINT('',(104.999500260847,85.0003317174046,11.5));
#3504=CARTESIAN_POINT('',(99.9995002608473,85.0003317174046,11.5));
#3505=CARTESIAN_POINT('',(104.999500260847,105.000331717405,11.5));
#3506=CARTESIAN_POINT('',(104.999500260847,85.0003317174046,11.5));
#3507=CARTESIAN_POINT('',(104.999500260847,105.000331717405,11.5));
#3508=CARTESIAN_POINT('Origin',(99.9995002608473,85.0003317174046,1.5));
#3509=CARTESIAN_POINT('',(99.9995002608473,85.0003317174046,1.5));
#3510=CARTESIAN_POINT('',(104.999500260847,85.0003317174046,1.5));
#3511=CARTESIAN_POINT('Origin',(29.0995002608473,-19.8996682825954,11.));
#3512=CARTESIAN_POINT('',(29.0995002608473,-20.3996682825954,11.));
#3513=CARTESIAN_POINT('',(29.0995002608473,-20.8996682825954,11.5));
#3514=CARTESIAN_POINT('Origin',(29.0995002608473,-20.8996682825954,11.));
#3515=CARTESIAN_POINT('',(28.5995002608473,-19.8996682825954,11.));
#3516=CARTESIAN_POINT('Origin',(29.0995002608473,-19.8996682825954,11.));
#3517=CARTESIAN_POINT('',(28.0995002608473,-19.8996682825954,11.5));
#3518=CARTESIAN_POINT('Origin',(28.0995002608473,-19.8996682825954,11.));
#3519=CARTESIAN_POINT('Origin',(29.0995002608473,-19.8996682825954,11.5));
#3520=CARTESIAN_POINT('Origin',(29.0995002608473,-19.8996682825954,1.5));
#3521=CARTESIAN_POINT('',(28.5995002608473,-19.8996682825954,1.5));
#3522=CARTESIAN_POINT('',(29.0995002608473,-20.3996682825954,1.5));
#3523=CARTESIAN_POINT('Origin',(28.0995002608473,-17.8996682825954,11.));
#3524=CARTESIAN_POINT('',(28.5995002608473,-5.39966828259544,11.));
#3525=CARTESIAN_POINT('',(28.0995002608473,-5.39966828259544,11.5));
#3526=CARTESIAN_POINT('Origin',(28.0995002608473,-5.39966828259544,11.));
#3527=CARTESIAN_POINT('',(28.0995002608473,-17.8996682825954,11.5));
#3528=CARTESIAN_POINT('',(28.5995002608473,-17.8996682825954,11.));
#3529=CARTESIAN_POINT('Origin',(38.5995002608473,-20.8996682825954,11.));
#3530=CARTESIAN_POINT('',(43.5995002608473,-20.8996682825954,11.5));
#3531=CARTESIAN_POINT('',(43.5995002608473,-20.3996682825954,11.));
#3532=CARTESIAN_POINT('Origin',(43.5995002608473,-20.8996682825954,11.));
#3533=CARTESIAN_POINT('',(38.5995002608473,-20.3996682825954,11.));
#3534=CARTESIAN_POINT('',(38.5995002608473,-20.8996682825954,11.5));
#3535=CARTESIAN_POINT('Origin',(28.5995002608473,-20.3996682825954,1.5));
#3536=CARTESIAN_POINT('',(28.5995002608473,-5.39966828259544,1.5));
#3537=CARTESIAN_POINT('Origin',(43.5995002608473,-20.3996682825954,1.5));
#3538=CARTESIAN_POINT('',(43.5995002608473,-20.3996682825954,1.5));
#3539=CARTESIAN_POINT('Origin',(43.5995002608473,-25.3996682825954,1.5));
#3540=CARTESIAN_POINT('',(43.5995002608473,-25.3996682825954,11.5));
#3541=CARTESIAN_POINT('',(43.5995002608473,-20.3996682825954,11.5));
#3542=CARTESIAN_POINT('',(43.5995002608473,-25.3996682825954,1.5));
#3543=CARTESIAN_POINT('Origin',(23.0995002608473,-37.8228030251515,11.));
#3544=CARTESIAN_POINT('',(23.5995002608473,-37.8228030251515,11.));
#3545=CARTESIAN_POINT('',(24.0995002608473,-37.8228030251515,11.5));
#3546=CARTESIAN_POINT('Origin',(24.0995002608473,-37.8228030251515,11.));
#3547=CARTESIAN_POINT('',(23.0995002608473,-38.3228030251515,11.));
#3548=CARTESIAN_POINT('Origin',(23.0995002608473,-37.8228030251515,11.));
#3549=CARTESIAN_POINT('',(23.0995002608473,-38.8228030251515,11.5));
#3550=CARTESIAN_POINT('Origin',(23.0995002608473,-38.8228030251515,11.));
#3551=CARTESIAN_POINT('Origin',(23.0995002608473,-37.8228030251515,11.5));
#3552=CARTESIAN_POINT('Origin',(23.0995002608473,-37.8228030251515,1.5));
#3553=CARTESIAN_POINT('',(23.0995002608473,-38.3228030251515,1.5));
#3554=CARTESIAN_POINT('',(23.5995002608473,-37.8228030251515,1.5));
#3555=CARTESIAN_POINT('Origin',(21.0995002608473,-38.8228030251515,11.));
#3556=CARTESIAN_POINT('',(8.59950026084726,-38.3228030251515,11.));
#3557=CARTESIAN_POINT('',(8.59950026084726,-38.8228030251515,11.5));
#3558=CARTESIAN_POINT('Origin',(8.59950026084726,-38.8228030251515,11.));
#3559=CARTESIAN_POINT('',(21.0995002608473,-38.8228030251515,11.5));
#3560=CARTESIAN_POINT('',(21.0995002608473,-38.3228030251515,11.));
#3561=CARTESIAN_POINT('Origin',(24.0995002608473,-30.5728030251515,11.));
#3562=CARTESIAN_POINT('',(24.0995002608473,-26.3228030251515,11.5));
#3563=CARTESIAN_POINT('',(23.5995002608473,-26.3228030251515,11.));
#3564=CARTESIAN_POINT('Origin',(24.0995002608473,-26.3228030251515,11.));
#3565=CARTESIAN_POINT('',(23.5995002608473,-30.5728030251515,11.));
#3566=CARTESIAN_POINT('',(24.0995002608473,-30.5728030251515,11.5));
#3567=CARTESIAN_POINT('Origin',(18.5995002608473,-34.8228030251515,11.5));
#3568=CARTESIAN_POINT('',(8.59950026084726,-38.3228030251515,11.5));
#3569=CARTESIAN_POINT('',(28.5995002608473,-43.3228030251515,11.5));
#3570=CARTESIAN_POINT('',(8.59950026084726,-43.3228030251515,11.5));
#3571=CARTESIAN_POINT('',(28.5995002608473,-26.3228030251515,11.5));
#3572=CARTESIAN_POINT('',(28.5995002608473,-43.3228030251515,11.5));
#3573=CARTESIAN_POINT('',(28.5995002608473,-26.3228030251515,11.5));
#3574=CARTESIAN_POINT('Origin',(8.59950026084726,-38.3228030251515,1.5));
#3575=CARTESIAN_POINT('',(8.59950026084726,-38.3228030251515,1.5));
#3576=CARTESIAN_POINT('Origin',(23.5995002608473,-38.3228030251515,1.5));
#3577=CARTESIAN_POINT('Origin',(23.0995002608473,99.5771969748485,11.));
#3578=CARTESIAN_POINT('',(23.0995002608473,100.077196974849,11.));
#3579=CARTESIAN_POINT('',(23.0995002608473,100.577196974849,11.5));
#3580=CARTESIAN_POINT('Origin',(23.0995002608473,100.577196974849,11.));
#3581=CARTESIAN_POINT('',(23.5995002608473,99.5771969748485,11.));
#3582=CARTESIAN_POINT('Origin',(23.0995002608473,99.5771969748485,11.));
#3583=CARTESIAN_POINT('',(24.0995002608473,99.5771969748485,11.5));
#3584=CARTESIAN_POINT('Origin',(24.0995002608473,99.5771969748485,11.));
#3585=CARTESIAN_POINT('Origin',(23.0995002608473,99.5771969748485,11.5));
#3586=CARTESIAN_POINT('Origin',(23.0995002608473,99.5771969748485,1.5));
#3587=CARTESIAN_POINT('',(23.5995002608473,99.5771969748485,1.5));
#3588=CARTESIAN_POINT('',(23.0995002608473,100.077196974849,1.5));
#3589=CARTESIAN_POINT('Origin',(24.0995002608473,97.5389535466244,11.));
#3590=CARTESIAN_POINT('',(23.5995002608473,85.0771969748485,11.));
#3591=CARTESIAN_POINT('',(24.0995002608473,85.0771969748485,11.5));
#3592=CARTESIAN_POINT('Origin',(24.0995002608473,85.0771969748485,11.));
#3593=CARTESIAN_POINT('',(24.0995002608473,97.5389535466244,11.5));
#3594=CARTESIAN_POINT('',(23.5995002608473,97.5389535466244,11.));
#3595=CARTESIAN_POINT('Origin',(17.3495002608472,100.577196974849,11.));
#3596=CARTESIAN_POINT('',(8.59950026084719,100.577196974849,11.5));
#3597=CARTESIAN_POINT('',(8.59950026084719,100.077196974849,11.));
#3598=CARTESIAN_POINT('Origin',(8.59950026084719,100.577196974849,11.));
#3599=CARTESIAN_POINT('',(17.3495002608472,100.077196974849,11.));
#3600=CARTESIAN_POINT('',(17.3495002608472,100.577196974849,11.5));
#3601=CARTESIAN_POINT('Origin',(26.0995002608472,95.0007101184002,11.5));
#3602=CARTESIAN_POINT('',(28.0995002608472,85.0771969748485,11.5));
#3603=CARTESIAN_POINT('',(23.5995002608473,85.0771969748485,11.5));
#3604=CARTESIAN_POINT('',(28.0995002608472,99.5003317174046,11.5));
#3605=CARTESIAN_POINT('',(28.0995002608472,90.0389535466244,11.5));
#3606=CARTESIAN_POINT('',(29.0995002608472,100.500331717405,11.5));
#3607=CARTESIAN_POINT('Origin',(29.0995002608472,99.5003317174046,11.5));
#3608=CARTESIAN_POINT('',(43.5995002608472,100.500331717405,11.5));
#3609=CARTESIAN_POINT('',(27.3495002608472,100.500331717405,11.5));
#3610=CARTESIAN_POINT('',(43.5995002608472,104.924223261952,11.5));
#3611=CARTESIAN_POINT('',(43.5995002608472,100.000331717405,11.5));
#3612=CARTESIAN_POINT('',(8.59950026084719,104.924223261952,11.5));
#3613=CARTESIAN_POINT('',(43.5995002608472,104.924223261952,11.5));
#3614=CARTESIAN_POINT('',(8.59950026084719,104.924223261952,11.5));
#3615=CARTESIAN_POINT('Origin',(23.5995002608473,85.0771969748485,1.5));
#3616=CARTESIAN_POINT('',(23.5995002608473,85.0771969748485,1.5));
#3617=CARTESIAN_POINT('',(28.5995002608472,85.0771969748485,11.));
#3618=CARTESIAN_POINT('',(28.5995002608472,85.0771969748485,1.5));
#3619=CARTESIAN_POINT('Origin',(28.0995002608472,85.0771969748485,11.));
#3620=CARTESIAN_POINT('Origin',(23.5995002608473,100.077196974849,1.5));
#3621=CARTESIAN_POINT('Origin',(29.0995002608472,99.5003317174046,11.));
#3622=CARTESIAN_POINT('',(28.5995002608472,99.5003317174046,11.));
#3623=CARTESIAN_POINT('Origin',(28.0995002608472,99.5003317174046,11.));
#3624=CARTESIAN_POINT('',(29.0995002608472,100.000331717405,11.));
#3625=CARTESIAN_POINT('Origin',(29.0995002608472,99.5003317174046,11.));
#3626=CARTESIAN_POINT('Origin',(29.0995002608472,100.500331717405,11.));
#3627=CARTESIAN_POINT('Origin',(29.0995002608472,99.5003317174046,1.5));
#3628=CARTESIAN_POINT('',(29.0995002608472,100.000331717405,1.5));
#3629=CARTESIAN_POINT('',(28.5995002608472,99.5003317174046,1.5));
#3630=CARTESIAN_POINT('Origin',(27.3495002608472,100.500331717405,11.));
#3631=CARTESIAN_POINT('',(43.5995002608472,100.000331717405,11.));
#3632=CARTESIAN_POINT('Origin',(43.5995002608472,100.500331717405,11.));
#3633=CARTESIAN_POINT('',(27.3495002608472,100.000331717405,11.));
#3634=CARTESIAN_POINT('Origin',(28.0995002608472,90.0389535466244,11.));
#3635=CARTESIAN_POINT('',(28.5995002608472,90.0389535466244,11.));
#3636=CARTESIAN_POINT('Origin',(43.5995002608472,100.000331717405,1.5));
#3637=CARTESIAN_POINT('',(43.5995002608472,100.000331717405,1.5));
#3638=CARTESIAN_POINT('',(43.5995002608472,104.924223261952,1.5));
#3639=CARTESIAN_POINT('Origin',(28.5995002608472,100.000331717405,1.5));
#3640=CARTESIAN_POINT('Origin',(-72.3004997391527,99.5771969748485,11.));
#3641=CARTESIAN_POINT('',(-72.8004997391527,99.5771969748485,11.));
#3642=CARTESIAN_POINT('',(-73.3004997391527,99.5771969748485,11.5));
#3643=CARTESIAN_POINT('Origin',(-73.3004997391527,99.5771969748485,11.));
#3644=CARTESIAN_POINT('',(-72.3004997391527,100.077196974849,11.));
#3645=CARTESIAN_POINT('Origin',(-72.3004997391527,99.5771969748485,11.));
#3646=CARTESIAN_POINT('',(-72.3004997391527,100.577196974849,11.5));
#3647=CARTESIAN_POINT('Origin',(-72.3004997391527,100.577196974849,11.));
#3648=CARTESIAN_POINT('Origin',(-72.3004997391527,99.5771969748485,11.5));
#3649=CARTESIAN_POINT('Origin',(-72.3004997391527,99.5771969748485,1.5));
#3650=CARTESIAN_POINT('',(-72.3004997391527,100.077196974849,1.5));
#3651=CARTESIAN_POINT('',(-72.8004997391527,99.5771969748485,1.5));
#3652=CARTESIAN_POINT('Origin',(-70.3004997391527,100.577196974849,11.));
#3653=CARTESIAN_POINT('',(-57.8004997391527,100.077196974849,11.));
#3654=CARTESIAN_POINT('',(-57.8004997391527,100.577196974849,11.5));
#3655=CARTESIAN_POINT('Origin',(-57.8004997391527,100.577196974849,11.));
#3656=CARTESIAN_POINT('',(-70.3004997391527,100.577196974849,11.5));
#3657=CARTESIAN_POINT('',(-70.3004997391527,100.077196974849,11.));
#3658=CARTESIAN_POINT('Origin',(-73.3004997391527,90.0771969748485,11.));
#3659=CARTESIAN_POINT('',(-73.3004997391527,85.0771969748485,11.5));
#3660=CARTESIAN_POINT('',(-72.8004997391527,85.0771969748485,11.));
#3661=CARTESIAN_POINT('Origin',(-73.3004997391527,85.0771969748485,11.));
#3662=CARTESIAN_POINT('',(-72.8004997391527,90.0771969748485,11.));
#3663=CARTESIAN_POINT('',(-73.3004997391527,90.0771969748485,11.5));
#3664=CARTESIAN_POINT('Origin',(-67.8004997391527,95.0771969748485,11.5));
#3665=CARTESIAN_POINT('',(-57.8004997391527,105.077196974849,11.5));
#3666=CARTESIAN_POINT('',(-57.8004997391527,100.077196974849,11.5));
#3667=CARTESIAN_POINT('',(-77.8004997391527,105.077196974849,11.5));
#3668=CARTESIAN_POINT('',(-57.8004997391527,105.077196974849,11.5));
#3669=CARTESIAN_POINT('',(-77.8004997391527,85.0771969748485,11.5));
#3670=CARTESIAN_POINT('',(-77.8004997391527,105.077196974849,11.5));
#3671=CARTESIAN_POINT('',(-77.8004997391527,85.0771969748485,11.5));
#3672=CARTESIAN_POINT('Origin',(-57.8004997391527,100.077196974849,1.5));
#3673=CARTESIAN_POINT('',(-57.8004997391527,100.077196974849,1.5));
#3674=CARTESIAN_POINT('',(-57.8004997391527,105.077196974849,1.5));
#3675=CARTESIAN_POINT('',(-57.8004997391527,100.077196974849,1.5));
#3676=CARTESIAN_POINT('',(-57.8004997391527,105.077196974849,1.5));
#3677=CARTESIAN_POINT('Origin',(-72.8004997391527,100.077196974849,1.5));
#3678=CARTESIAN_POINT('Origin',(-72.3004997391527,-37.8228030251515,11.));
#3679=CARTESIAN_POINT('',(-72.3004997391527,-38.3228030251515,11.));
#3680=CARTESIAN_POINT('',(-72.3004997391527,-38.8228030251515,11.5));
#3681=CARTESIAN_POINT('Origin',(-72.3004997391527,-38.8228030251515,11.));
#3682=CARTESIAN_POINT('',(-72.8004997391527,-37.8228030251515,11.));
#3683=CARTESIAN_POINT('Origin',(-72.3004997391527,-37.8228030251515,11.));
#3684=CARTESIAN_POINT('',(-73.3004997391527,-37.8228030251515,11.5));
#3685=CARTESIAN_POINT('Origin',(-73.3004997391527,-37.8228030251515,11.));
#3686=CARTESIAN_POINT('Origin',(-72.3004997391527,-37.8228030251515,11.5));
#3687=CARTESIAN_POINT('Origin',(-72.3004997391527,-37.8228030251515,1.5));
#3688=CARTESIAN_POINT('',(-72.8004997391527,-37.8228030251515,1.5));
#3689=CARTESIAN_POINT('',(-72.3004997391527,-38.3228030251515,1.5));
#3690=CARTESIAN_POINT('Origin',(-73.3004997391527,-35.8228030251515,11.));
#3691=CARTESIAN_POINT('',(-72.8004997391527,-23.3228030251515,11.));
#3692=CARTESIAN_POINT('',(-73.3004997391527,-23.3228030251515,11.5));
#3693=CARTESIAN_POINT('Origin',(-73.3004997391527,-23.3228030251515,11.));
#3694=CARTESIAN_POINT('',(-73.3004997391527,-35.8228030251515,11.5));
#3695=CARTESIAN_POINT('',(-72.8004997391527,-35.8228030251515,11.));
#3696=CARTESIAN_POINT('Origin',(-62.8004997391527,-38.8228030251515,11.));
#3697=CARTESIAN_POINT('',(-57.8004997391527,-38.8228030251515,11.5));
#3698=CARTESIAN_POINT('',(-57.8004997391527,-38.3228030251515,11.));
#3699=CARTESIAN_POINT('Origin',(-57.8004997391528,-38.8228030251515,11.));
#3700=CARTESIAN_POINT('',(-62.8004997391527,-38.3228030251515,11.));
#3701=CARTESIAN_POINT('',(-62.8004997391527,-38.8228030251515,11.5));
#3702=CARTESIAN_POINT('Origin',(-67.8004997391527,-33.3228030251515,11.5));
#3703=CARTESIAN_POINT('',(-77.8004997391527,-23.3228030251515,11.5));
#3704=CARTESIAN_POINT('',(-77.8004997391527,-23.3228030251515,11.5));
#3705=CARTESIAN_POINT('',(-77.8004997391527,-43.3228030251515,11.5));
#3706=CARTESIAN_POINT('',(-77.8004997391527,-43.3228030251515,11.5));
#3707=CARTESIAN_POINT('',(-57.8004997391527,-43.3228030251515,11.5));
#3708=CARTESIAN_POINT('',(-57.8004997391527,-43.3228030251515,11.5));
#3709=CARTESIAN_POINT('',(-57.8004997391527,-38.3228030251515,11.5));
#3710=CARTESIAN_POINT('Origin',(-72.8004997391527,-23.3228030251515,1.5));
#3711=CARTESIAN_POINT('',(-72.8004997391527,-23.3228030251515,1.5));
#3712=CARTESIAN_POINT('',(-77.8004997391527,-23.3228030251515,1.5));
#3713=CARTESIAN_POINT('Origin',(-72.8004997391527,-38.3228030251515,1.5));
#3714=CARTESIAN_POINT('Origin',(84.9995002608473,100.000331717405,1.5));
#3715=CARTESIAN_POINT('Origin',(104.999500260847,105.000331717405,1.5));
#3716=CARTESIAN_POINT('',(104.999500260847,105.000331717405,1.5));
#3717=CARTESIAN_POINT('',(104.999500260847,105.000331717405,1.5));
#3718=CARTESIAN_POINT('',(104.999500260847,105.000331717405,1.5));
#3719=CARTESIAN_POINT('Origin',(104.999500260847,85.0003317174046,1.5));
#3720=CARTESIAN_POINT('',(104.999500260847,85.0003317174046,1.5));
#3721=CARTESIAN_POINT('Origin',(99.9995002608473,100.000331717405,1.5));
#3722=CARTESIAN_POINT('Origin',(94.9995002608473,95.0003317174046,1.5));
#3723=CARTESIAN_POINT('Origin',(23.5995002608473,-26.3228030251515,1.5));
#3724=CARTESIAN_POINT('',(23.5995002608473,-26.3228030251515,1.5));
#3725=CARTESIAN_POINT('Origin',(28.5995002608473,-26.3228030251515,1.5));
#3726=CARTESIAN_POINT('',(28.5995002608473,-26.3228030251515,1.5));
#3727=CARTESIAN_POINT('Origin',(28.5995002608473,-43.3228030251515,1.5));
#3728=CARTESIAN_POINT('',(28.5995002608473,-43.3228030251515,1.5));
#3729=CARTESIAN_POINT('Origin',(8.59950026084726,-43.3228030251515,1.5));
#3730=CARTESIAN_POINT('Origin',(-57.8004997391527,-38.3228030251515,1.5));
#3731=CARTESIAN_POINT('',(-57.8004997391527,-38.3228030251515,1.5));
#3732=CARTESIAN_POINT('Origin',(-57.8004997391527,-43.3228030251515,1.5));
#3733=CARTESIAN_POINT('',(-57.8004997391527,-43.3228030251515,1.5));
#3734=CARTESIAN_POINT('Origin',(-77.8004997391527,-43.3228030251515,1.5));
#3735=CARTESIAN_POINT('',(-77.8004997391527,-43.3228030251515,1.5));
#3736=CARTESIAN_POINT('Origin',(-77.8004997391527,-23.3228030251515,1.5));
#3737=CARTESIAN_POINT('Origin',(99.9995002608473,-5.39966828259543,1.5));
#3738=CARTESIAN_POINT('',(99.9995002608473,-5.39966828259543,1.5));
#3739=CARTESIAN_POINT('Origin',(104.999500260847,-5.39966828259542,1.5));
#3740=CARTESIAN_POINT('',(104.999500260847,-5.39966828259542,1.5));
#3741=CARTESIAN_POINT('Origin',(104.999500260847,-25.3996682825954,1.5));
#3742=CARTESIAN_POINT('',(104.999500260847,-25.3996682825954,1.5));
#3743=CARTESIAN_POINT('Origin',(84.9995002608473,-25.3996682825954,1.5));
#3744=CARTESIAN_POINT('Origin',(23.5995002608473,-25.3996682825954,1.5));
#3745=CARTESIAN_POINT('',(23.5995002608473,-25.3996682825954,11.5));
#3746=CARTESIAN_POINT('',(43.5995002608473,-25.3996682825954,11.5));
#3747=CARTESIAN_POINT('',(23.5995002608473,-25.3996682825954,1.5));
#3748=CARTESIAN_POINT('Origin',(23.5995002608473,-5.39966828259543,1.5));
#3749=CARTESIAN_POINT('',(23.5995002608473,-5.39966828259543,11.5));
#3750=CARTESIAN_POINT('',(23.5995002608473,-25.3996682825954,11.5));
#3751=CARTESIAN_POINT('',(23.5995002608473,-5.39966828259543,1.5));
#3752=CARTESIAN_POINT('Origin',(28.5995002608473,-5.39966828259544,1.5));
#3753=CARTESIAN_POINT('',(23.5995002608473,-5.39966828259543,11.5));
#3754=CARTESIAN_POINT('Origin',(33.5995002608473,-15.3996682825954,11.5));
#3755=CARTESIAN_POINT('Origin',(-72.8004997391527,85.0771969748485,1.5));
#3756=CARTESIAN_POINT('',(-72.8004997391527,85.0771969748485,1.5));
#3757=CARTESIAN_POINT('Origin',(-77.8004997391527,85.0771969748485,1.5));
#3758=CARTESIAN_POINT('',(-77.8004997391527,85.0771969748485,1.5));
#3759=CARTESIAN_POINT('Origin',(-77.8004997391527,105.077196974849,1.5));
#3760=CARTESIAN_POINT('',(-77.8004997391527,105.077196974849,1.5));
#3761=CARTESIAN_POINT('',(-77.8004997391527,105.077196974849,1.5));
#3762=CARTESIAN_POINT('',(-77.8004997391527,105.077196974849,1.5));
#3763=CARTESIAN_POINT('Origin',(-57.8004997391527,105.077196974849,1.5));
#3764=CARTESIAN_POINT('',(-57.8004997391527,105.077196974849,1.5));
#3765=CARTESIAN_POINT('Origin',(-67.8004997391527,95.0771969748485,1.5));
#3766=CARTESIAN_POINT('Origin',(28.5995002608472,85.0771969748485,1.5));
#3767=CARTESIAN_POINT('Origin',(8.59950026084719,100.077196974849,1.5));
#3768=CARTESIAN_POINT('',(8.59950026084719,100.077196974849,1.5));
#3769=CARTESIAN_POINT('Origin',(8.59950026084719,104.924223261952,1.5));
#3770=CARTESIAN_POINT('',(8.59950026084719,104.924223261952,1.5));
#3771=CARTESIAN_POINT('Origin',(43.5995002608472,104.924223261952,1.5));
#3772=CARTESIAN_POINT('Origin',(105.000000000001,-104.999999999999,0.));
#3773=CARTESIAN_POINT('',(15.3268737928562,4.74140700066773,1.26042710570769E-14));
#3774=UNCERTAINTY_MEASURE_WITH_UNIT(LENGTH_MEASURE(0.01),#3780,
'DISTANCE_ACCURACY_VALUE',
'Maximum model space distance between geometric entities at asserted c
onnectivities');
#3775=UNCERTAINTY_MEASURE_WITH_UNIT(LENGTH_MEASURE(0.01),#3780,
'DISTANCE_ACCURACY_VALUE',
'Maximum model space distance between geometric entities at asserted c
onnectivities');
#3776=UNCERTAINTY_MEASURE_WITH_UNIT(LENGTH_MEASURE(0.01),#3780,
'DISTANCE_ACCURACY_VALUE',
'Maximum model space distance between geometric entities at asserted c
onnectivities');
#3777=(
GEOMETRIC_REPRESENTATION_CONTEXT(3)
GLOBAL_UNCERTAINTY_ASSIGNED_CONTEXT((#3774))
GLOBAL_UNIT_ASSIGNED_CONTEXT((#3780,#3782,#3783))
REPRESENTATION_CONTEXT('','3D')
);
#3778=(
GEOMETRIC_REPRESENTATION_CONTEXT(3)
GLOBAL_UNCERTAINTY_ASSIGNED_CONTEXT((#3775))
GLOBAL_UNIT_ASSIGNED_CONTEXT((#3780,#3782,#3783))
REPRESENTATION_CONTEXT('','3D')
);
#3779=(
GEOMETRIC_REPRESENTATION_CONTEXT(3)
GLOBAL_UNCERTAINTY_ASSIGNED_CONTEXT((#3776))
GLOBAL_UNIT_ASSIGNED_CONTEXT((#3780,#3782,#3783))
REPRESENTATION_CONTEXT('','3D')
);
#3780=(
LENGTH_UNIT()
NAMED_UNIT(*)
SI_UNIT(.MILLI.,.METRE.)
);
#3781=(
LENGTH_UNIT()
NAMED_UNIT(*)
SI_UNIT($,.METRE.)
);
#3782=(
NAMED_UNIT(*)
PLANE_ANGLE_UNIT()
SI_UNIT($,.RADIAN.)
);
#3783=(
NAMED_UNIT(*)
SI_UNIT($,.STERADIAN.)
SOLID_ANGLE_UNIT()
);
#3784=SHAPE_DEFINITION_REPRESENTATION(#3786,#3789);
#3785=SHAPE_DEFINITION_REPRESENTATION(#3787,#3790);
#3786=PRODUCT_DEFINITION_SHAPE('',$,#3792);
#3787=PRODUCT_DEFINITION_SHAPE('',$,#3793);
#3788=PRODUCT_DEFINITION_SHAPE($,$,#14);
#3789=SHAPE_REPRESENTATION('',(#2278,#2475),#3777);
#3790=SHAPE_REPRESENTATION('',(#2279),#3778);
#3791=PRODUCT_DEFINITION_CONTEXT('part definition',#3799,'design');
#3792=PRODUCT_DEFINITION('2026-05-29-04-01-06-730','Tillman bed plate',
#3794,#3791);
#3793=PRODUCT_DEFINITION('2026-05-29-04-01-06-732','Bed Plate',#3795,#3791);
#3794=PRODUCT_DEFINITION_FORMATION('',$,#3801);
#3795=PRODUCT_DEFINITION_FORMATION('',$,#3802);
#3796=PRODUCT_RELATED_PRODUCT_CATEGORY('Tillman bed plate',
'Tillman bed plate',(#3801));
#3797=PRODUCT_RELATED_PRODUCT_CATEGORY('Bed Plate','Bed Plate',(#3802));
#3798=APPLICATION_PROTOCOL_DEFINITION('international standard',
'automotive_design',2009,#3799);
#3799=APPLICATION_CONTEXT(
'Core Data for Automotive Mechanical Design Process');
#3800=PRODUCT_CONTEXT('part definition',#3799,'mechanical');
#3801=PRODUCT('2026-05-29-04-01-06-730','Tillman bed plate',$,(#3800));
#3802=PRODUCT('2026-05-29-04-01-06-732','Bed Plate',$,(#3800));
#3803=PRESENTATION_STYLE_ASSIGNMENT((#3804));
#3804=SURFACE_STYLE_USAGE(.BOTH.,#3805);
#3805=SURFACE_SIDE_STYLE('',(#3806));
#3806=SURFACE_STYLE_FILL_AREA(#3807);
#3807=FILL_AREA_STYLE('Steel - Satin',(#3808));
#3808=FILL_AREA_STYLE_COLOUR('Steel - Satin',#3809);
#3809=COLOUR_RGB('Steel - Satin',0.627450980392157,0.627450980392157,0.627450980392157);
ENDSEC;
END-ISO-10303-21;
