ISO-10303-21;
HEADER;
/* Generated by software containing ST-Developer
 * from STEP Tools, Inc. (www.steptools.com) 
 */
/* OPTION: using custom renumber hook */

FILE_DESCRIPTION(
/* description */ ('STEP AP242 Edition 2',
'CAx-IF Rec.Pracs.---Representation and Presentation of Product Manufa
cturing Information (PMI)---4.0---2014-10-13',
'CAx-IF Rec.Pracs.---3D Tessellated Geometry---0.4---2014-09-14','2;1',
'CAx-IF Rec.Pracs.---User Defined Attributes---1.5---2016-08-15'),
/* implementation_level */ '2;1');

FILE_NAME(
/* name */ 
'Pipette Holder for 2-200microliter tips parts - Pipette Holder',
/* time_stamp */ '2026-06-25T03:08:38Z',
/* author */ (''),
/* organization */ (''),
/* preprocessor_version */ 'ST-DEVELOPER v20',
/* originating_system */ 'ONSHAPE BY PTC INC, 1.216',
/* authorisation */ '  ');

FILE_SCHEMA (('AP242_MANAGED_MODEL_BASED_3D_ENGINEERING_MIM_LF { 1 0 10303 442 3 1 4 }'));
ENDSEC;

DATA;
#10=SHAPE_REPRESENTATION_RELATIONSHIP('','',#1557,#11);
#11=ADVANCED_BREP_SHAPE_REPRESENTATION('',(#1555),#2585);
#12=CYLINDRICAL_SURFACE('',#1616,0.002625);
#13=CYLINDRICAL_SURFACE('',#1618,0.002625);
#14=CYLINDRICAL_SURFACE('',#1620,0.002625);
#15=CYLINDRICAL_SURFACE('',#1622,0.002625);
#16=CYLINDRICAL_SURFACE('',#1624,0.002625);
#17=CYLINDRICAL_SURFACE('',#1626,0.002625);
#18=CYLINDRICAL_SURFACE('',#1628,0.002625);
#19=CYLINDRICAL_SURFACE('',#1630,0.002625);
#20=CYLINDRICAL_SURFACE('',#1632,0.002625);
#21=CYLINDRICAL_SURFACE('',#1634,0.002625);
#22=CYLINDRICAL_SURFACE('',#1636,0.002625);
#23=CYLINDRICAL_SURFACE('',#1638,0.002625);
#24=CYLINDRICAL_SURFACE('',#1640,0.002625);
#25=CYLINDRICAL_SURFACE('',#1642,0.002625);
#26=CYLINDRICAL_SURFACE('',#1644,0.002625);
#27=CYLINDRICAL_SURFACE('',#1646,0.002625);
#28=CYLINDRICAL_SURFACE('',#1648,0.002625);
#29=CYLINDRICAL_SURFACE('',#1650,0.002625);
#30=CYLINDRICAL_SURFACE('',#1652,0.002625);
#31=CYLINDRICAL_SURFACE('',#1654,0.002625);
#32=CYLINDRICAL_SURFACE('',#1656,0.002625);
#33=CYLINDRICAL_SURFACE('',#1658,0.002625);
#34=CYLINDRICAL_SURFACE('',#1660,0.002625);
#35=CYLINDRICAL_SURFACE('',#1662,0.002625);
#36=CYLINDRICAL_SURFACE('',#1664,0.002625);
#37=CYLINDRICAL_SURFACE('',#1666,0.002625);
#38=CYLINDRICAL_SURFACE('',#1668,0.002625);
#39=CYLINDRICAL_SURFACE('',#1670,0.002625);
#40=CYLINDRICAL_SURFACE('',#1672,0.002625);
#41=CYLINDRICAL_SURFACE('',#1674,0.002625);
#42=CYLINDRICAL_SURFACE('',#1676,0.002625);
#43=CYLINDRICAL_SURFACE('',#1678,0.002625);
#44=CYLINDRICAL_SURFACE('',#1680,0.002625);
#45=CYLINDRICAL_SURFACE('',#1682,0.002625);
#46=CYLINDRICAL_SURFACE('',#1684,0.002625);
#47=CYLINDRICAL_SURFACE('',#1686,0.002625);
#48=CYLINDRICAL_SURFACE('',#1688,0.002625);
#49=CYLINDRICAL_SURFACE('',#1690,0.002625);
#50=CYLINDRICAL_SURFACE('',#1692,0.002625);
#51=CYLINDRICAL_SURFACE('',#1694,0.002625);
#52=CYLINDRICAL_SURFACE('',#1696,0.002625);
#53=CYLINDRICAL_SURFACE('',#1698,0.002625);
#54=CYLINDRICAL_SURFACE('',#1700,0.002625);
#55=CYLINDRICAL_SURFACE('',#1702,0.002625);
#56=CYLINDRICAL_SURFACE('',#1704,0.002625);
#57=CYLINDRICAL_SURFACE('',#1706,0.002625);
#58=CYLINDRICAL_SURFACE('',#1708,0.002625);
#59=CYLINDRICAL_SURFACE('',#1710,0.002625);
#60=CYLINDRICAL_SURFACE('',#1712,0.002625);
#61=CYLINDRICAL_SURFACE('',#1714,0.002625);
#62=CYLINDRICAL_SURFACE('',#1716,0.002625);
#63=CYLINDRICAL_SURFACE('',#1718,0.002625);
#64=CYLINDRICAL_SURFACE('',#1720,0.002625);
#65=CYLINDRICAL_SURFACE('',#1722,0.002625);
#66=CYLINDRICAL_SURFACE('',#1724,0.002625);
#67=LINE('',#2297,#127);
#68=LINE('',#2300,#128);
#69=LINE('',#2302,#129);
#70=LINE('',#2304,#130);
#71=LINE('',#2306,#131);
#72=LINE('',#2309,#132);
#73=LINE('',#2311,#133);
#74=LINE('',#2313,#134);
#75=LINE('',#2315,#135);
#76=LINE('',#2316,#136);
#77=LINE('',#2318,#137);
#78=LINE('',#2320,#138);
#79=LINE('',#2322,#139);
#80=LINE('',#2324,#140);
#81=LINE('',#2326,#141);
#82=LINE('',#2493,#142);
#83=LINE('',#2496,#143);
#84=LINE('',#2498,#144);
#85=LINE('',#2500,#145);
#86=LINE('',#2502,#146);
#87=LINE('',#2503,#147);
#88=LINE('',#2505,#148);
#89=LINE('',#2507,#149);
#90=LINE('',#2509,#150);
#91=LINE('',#2511,#151);
#92=LINE('',#2513,#152);
#93=LINE('',#2515,#153);
#94=LINE('',#2518,#154);
#95=LINE('',#2520,#155);
#96=LINE('',#2522,#156);
#97=LINE('',#2524,#157);
#98=LINE('',#2526,#158);
#99=LINE('',#2528,#159);
#100=LINE('',#2530,#160);
#101=LINE('',#2532,#161);
#102=LINE('',#2534,#162);
#103=LINE('',#2535,#163);
#104=LINE('',#2537,#164);
#105=LINE('',#2539,#165);
#106=LINE('',#2542,#166);
#107=LINE('',#2544,#167);
#108=LINE('',#2546,#168);
#109=LINE('',#2548,#169);
#110=LINE('',#2549,#170);
#111=LINE('',#2551,#171);
#112=LINE('',#2553,#172);
#113=LINE('',#2555,#173);
#114=LINE('',#2556,#174);
#115=LINE('',#2558,#175);
#116=LINE('',#2561,#176);
#117=LINE('',#2563,#177);
#118=LINE('',#2565,#178);
#119=LINE('',#2567,#179);
#120=LINE('',#2568,#180);
#121=LINE('',#2570,#181);
#122=LINE('',#2572,#182);
#123=LINE('',#2575,#183);
#124=LINE('',#2578,#184);
#125=LINE('',#2580,#185);
#126=LINE('',#2582,#186);
#127=VECTOR('',#1861,1.);
#128=VECTOR('',#1862,1.);
#129=VECTOR('',#1863,1.);
#130=VECTOR('',#1864,1.);
#131=VECTOR('',#1867,1.);
#132=VECTOR('',#1868,1.);
#133=VECTOR('',#1869,1.);
#134=VECTOR('',#1870,1.);
#135=VECTOR('',#1871,1.);
#136=VECTOR('',#1872,1.);
#137=VECTOR('',#1873,1.);
#138=VECTOR('',#1874,1.);
#139=VECTOR('',#1875,1.);
#140=VECTOR('',#1876,1.);
#141=VECTOR('',#1877,1.);
#142=VECTOR('',#2100,1.);
#143=VECTOR('',#2101,1.);
#144=VECTOR('',#2102,1.);
#145=VECTOR('',#2103,1.);
#146=VECTOR('',#2104,1.);
#147=VECTOR('',#2105,1.);
#148=VECTOR('',#2106,1.);
#149=VECTOR('',#2107,1.);
#150=VECTOR('',#2108,1.);
#151=VECTOR('',#2109,1.);
#152=VECTOR('',#2110,1.);
#153=VECTOR('',#2113,1.);
#154=VECTOR('',#2114,1.);
#155=VECTOR('',#2115,1.);
#156=VECTOR('',#2116,1.);
#157=VECTOR('',#2119,1.);
#158=VECTOR('',#2120,1.);
#159=VECTOR('',#2121,1.);
#160=VECTOR('',#2124,1.);
#161=VECTOR('',#2125,1.);
#162=VECTOR('',#2128,1.);
#163=VECTOR('',#2129,1.);
#164=VECTOR('',#2132,1.);
#165=VECTOR('',#2135,1.);
#166=VECTOR('',#2136,1.);
#167=VECTOR('',#2137,1.);
#168=VECTOR('',#2138,1.);
#169=VECTOR('',#2141,1.);
#170=VECTOR('',#2142,1.);
#171=VECTOR('',#2145,1.);
#172=VECTOR('',#2148,1.);
#173=VECTOR('',#2151,1.);
#174=VECTOR('',#2152,1.);
#175=VECTOR('',#2155,1.);
#176=VECTOR('',#2156,1.);
#177=VECTOR('',#2157,1.);
#178=VECTOR('',#2158,1.);
#179=VECTOR('',#2161,1.);
#180=VECTOR('',#2162,1.);
#181=VECTOR('',#2165,1.);
#182=VECTOR('',#2168,1.);
#183=VECTOR('',#2173,1.);
#184=VECTOR('',#2178,1.);
#185=VECTOR('',#2179,1.);
#186=VECTOR('',#2182,1.);
#187=ORIENTED_EDGE('',*,*,#527,.T.);
#188=ORIENTED_EDGE('',*,*,#528,.T.);
#189=ORIENTED_EDGE('',*,*,#529,.T.);
#190=ORIENTED_EDGE('',*,*,#530,.T.);
#191=ORIENTED_EDGE('',*,*,#531,.T.);
#192=ORIENTED_EDGE('',*,*,#532,.T.);
#193=ORIENTED_EDGE('',*,*,#533,.T.);
#194=ORIENTED_EDGE('',*,*,#534,.T.);
#195=ORIENTED_EDGE('',*,*,#535,.T.);
#196=ORIENTED_EDGE('',*,*,#536,.T.);
#197=ORIENTED_EDGE('',*,*,#537,.T.);
#198=ORIENTED_EDGE('',*,*,#538,.T.);
#199=ORIENTED_EDGE('',*,*,#539,.T.);
#200=ORIENTED_EDGE('',*,*,#540,.T.);
#201=ORIENTED_EDGE('',*,*,#541,.T.);
#202=ORIENTED_EDGE('',*,*,#542,.T.);
#203=ORIENTED_EDGE('',*,*,#543,.T.);
#204=ORIENTED_EDGE('',*,*,#544,.T.);
#205=ORIENTED_EDGE('',*,*,#545,.T.);
#206=ORIENTED_EDGE('',*,*,#546,.T.);
#207=ORIENTED_EDGE('',*,*,#547,.T.);
#208=ORIENTED_EDGE('',*,*,#548,.T.);
#209=ORIENTED_EDGE('',*,*,#549,.T.);
#210=ORIENTED_EDGE('',*,*,#550,.T.);
#211=ORIENTED_EDGE('',*,*,#551,.T.);
#212=ORIENTED_EDGE('',*,*,#552,.T.);
#213=ORIENTED_EDGE('',*,*,#553,.T.);
#214=ORIENTED_EDGE('',*,*,#554,.T.);
#215=ORIENTED_EDGE('',*,*,#555,.T.);
#216=ORIENTED_EDGE('',*,*,#556,.T.);
#217=ORIENTED_EDGE('',*,*,#557,.T.);
#218=ORIENTED_EDGE('',*,*,#558,.T.);
#219=ORIENTED_EDGE('',*,*,#559,.T.);
#220=ORIENTED_EDGE('',*,*,#560,.T.);
#221=ORIENTED_EDGE('',*,*,#561,.T.);
#222=ORIENTED_EDGE('',*,*,#562,.T.);
#223=ORIENTED_EDGE('',*,*,#563,.T.);
#224=ORIENTED_EDGE('',*,*,#564,.T.);
#225=ORIENTED_EDGE('',*,*,#565,.T.);
#226=ORIENTED_EDGE('',*,*,#566,.T.);
#227=ORIENTED_EDGE('',*,*,#567,.T.);
#228=ORIENTED_EDGE('',*,*,#568,.T.);
#229=ORIENTED_EDGE('',*,*,#569,.T.);
#230=ORIENTED_EDGE('',*,*,#570,.T.);
#231=ORIENTED_EDGE('',*,*,#571,.T.);
#232=ORIENTED_EDGE('',*,*,#572,.T.);
#233=ORIENTED_EDGE('',*,*,#573,.T.);
#234=ORIENTED_EDGE('',*,*,#574,.T.);
#235=ORIENTED_EDGE('',*,*,#575,.T.);
#236=ORIENTED_EDGE('',*,*,#576,.T.);
#237=ORIENTED_EDGE('',*,*,#577,.T.);
#238=ORIENTED_EDGE('',*,*,#578,.T.);
#239=ORIENTED_EDGE('',*,*,#579,.T.);
#240=ORIENTED_EDGE('',*,*,#580,.T.);
#241=ORIENTED_EDGE('',*,*,#581,.T.);
#242=ORIENTED_EDGE('',*,*,#582,.F.);
#243=ORIENTED_EDGE('',*,*,#583,.T.);
#244=ORIENTED_EDGE('',*,*,#584,.F.);
#245=ORIENTED_EDGE('',*,*,#585,.T.);
#246=ORIENTED_EDGE('',*,*,#586,.F.);
#247=ORIENTED_EDGE('',*,*,#587,.F.);
#248=ORIENTED_EDGE('',*,*,#588,.F.);
#249=ORIENTED_EDGE('',*,*,#589,.F.);
#250=ORIENTED_EDGE('',*,*,#590,.F.);
#251=ORIENTED_EDGE('',*,*,#583,.F.);
#252=ORIENTED_EDGE('',*,*,#591,.F.);
#253=ORIENTED_EDGE('',*,*,#592,.F.);
#254=ORIENTED_EDGE('',*,*,#593,.F.);
#255=ORIENTED_EDGE('',*,*,#594,.F.);
#256=ORIENTED_EDGE('',*,*,#595,.F.);
#257=ORIENTED_EDGE('',*,*,#596,.F.);
#258=ORIENTED_EDGE('',*,*,#597,.T.);
#259=ORIENTED_EDGE('',*,*,#581,.F.);
#260=ORIENTED_EDGE('',*,*,#598,.T.);
#261=ORIENTED_EDGE('',*,*,#580,.F.);
#262=ORIENTED_EDGE('',*,*,#599,.T.);
#263=ORIENTED_EDGE('',*,*,#579,.F.);
#264=ORIENTED_EDGE('',*,*,#600,.T.);
#265=ORIENTED_EDGE('',*,*,#578,.F.);
#266=ORIENTED_EDGE('',*,*,#601,.T.);
#267=ORIENTED_EDGE('',*,*,#577,.F.);
#268=ORIENTED_EDGE('',*,*,#602,.T.);
#269=ORIENTED_EDGE('',*,*,#576,.F.);
#270=ORIENTED_EDGE('',*,*,#603,.T.);
#271=ORIENTED_EDGE('',*,*,#575,.F.);
#272=ORIENTED_EDGE('',*,*,#604,.T.);
#273=ORIENTED_EDGE('',*,*,#574,.F.);
#274=ORIENTED_EDGE('',*,*,#605,.T.);
#275=ORIENTED_EDGE('',*,*,#573,.F.);
#276=ORIENTED_EDGE('',*,*,#606,.T.);
#277=ORIENTED_EDGE('',*,*,#572,.F.);
#278=ORIENTED_EDGE('',*,*,#607,.T.);
#279=ORIENTED_EDGE('',*,*,#571,.F.);
#280=ORIENTED_EDGE('',*,*,#608,.T.);
#281=ORIENTED_EDGE('',*,*,#570,.F.);
#282=ORIENTED_EDGE('',*,*,#609,.T.);
#283=ORIENTED_EDGE('',*,*,#569,.F.);
#284=ORIENTED_EDGE('',*,*,#610,.T.);
#285=ORIENTED_EDGE('',*,*,#568,.F.);
#286=ORIENTED_EDGE('',*,*,#611,.T.);
#287=ORIENTED_EDGE('',*,*,#567,.F.);
#288=ORIENTED_EDGE('',*,*,#612,.T.);
#289=ORIENTED_EDGE('',*,*,#566,.F.);
#290=ORIENTED_EDGE('',*,*,#613,.T.);
#291=ORIENTED_EDGE('',*,*,#565,.F.);
#292=ORIENTED_EDGE('',*,*,#614,.T.);
#293=ORIENTED_EDGE('',*,*,#564,.F.);
#294=ORIENTED_EDGE('',*,*,#615,.T.);
#295=ORIENTED_EDGE('',*,*,#563,.F.);
#296=ORIENTED_EDGE('',*,*,#616,.T.);
#297=ORIENTED_EDGE('',*,*,#562,.F.);
#298=ORIENTED_EDGE('',*,*,#617,.T.);
#299=ORIENTED_EDGE('',*,*,#561,.F.);
#300=ORIENTED_EDGE('',*,*,#618,.T.);
#301=ORIENTED_EDGE('',*,*,#560,.F.);
#302=ORIENTED_EDGE('',*,*,#619,.T.);
#303=ORIENTED_EDGE('',*,*,#559,.F.);
#304=ORIENTED_EDGE('',*,*,#620,.T.);
#305=ORIENTED_EDGE('',*,*,#558,.F.);
#306=ORIENTED_EDGE('',*,*,#621,.T.);
#307=ORIENTED_EDGE('',*,*,#557,.F.);
#308=ORIENTED_EDGE('',*,*,#622,.T.);
#309=ORIENTED_EDGE('',*,*,#556,.F.);
#310=ORIENTED_EDGE('',*,*,#623,.T.);
#311=ORIENTED_EDGE('',*,*,#555,.F.);
#312=ORIENTED_EDGE('',*,*,#624,.T.);
#313=ORIENTED_EDGE('',*,*,#554,.F.);
#314=ORIENTED_EDGE('',*,*,#625,.T.);
#315=ORIENTED_EDGE('',*,*,#553,.F.);
#316=ORIENTED_EDGE('',*,*,#626,.T.);
#317=ORIENTED_EDGE('',*,*,#552,.F.);
#318=ORIENTED_EDGE('',*,*,#627,.T.);
#319=ORIENTED_EDGE('',*,*,#551,.F.);
#320=ORIENTED_EDGE('',*,*,#628,.T.);
#321=ORIENTED_EDGE('',*,*,#550,.F.);
#322=ORIENTED_EDGE('',*,*,#629,.T.);
#323=ORIENTED_EDGE('',*,*,#549,.F.);
#324=ORIENTED_EDGE('',*,*,#630,.T.);
#325=ORIENTED_EDGE('',*,*,#548,.F.);
#326=ORIENTED_EDGE('',*,*,#631,.T.);
#327=ORIENTED_EDGE('',*,*,#547,.F.);
#328=ORIENTED_EDGE('',*,*,#632,.T.);
#329=ORIENTED_EDGE('',*,*,#546,.F.);
#330=ORIENTED_EDGE('',*,*,#633,.T.);
#331=ORIENTED_EDGE('',*,*,#545,.F.);
#332=ORIENTED_EDGE('',*,*,#634,.T.);
#333=ORIENTED_EDGE('',*,*,#544,.F.);
#334=ORIENTED_EDGE('',*,*,#635,.T.);
#335=ORIENTED_EDGE('',*,*,#543,.F.);
#336=ORIENTED_EDGE('',*,*,#636,.T.);
#337=ORIENTED_EDGE('',*,*,#542,.F.);
#338=ORIENTED_EDGE('',*,*,#637,.T.);
#339=ORIENTED_EDGE('',*,*,#541,.F.);
#340=ORIENTED_EDGE('',*,*,#638,.T.);
#341=ORIENTED_EDGE('',*,*,#540,.F.);
#342=ORIENTED_EDGE('',*,*,#639,.T.);
#343=ORIENTED_EDGE('',*,*,#539,.F.);
#344=ORIENTED_EDGE('',*,*,#640,.T.);
#345=ORIENTED_EDGE('',*,*,#538,.F.);
#346=ORIENTED_EDGE('',*,*,#641,.T.);
#347=ORIENTED_EDGE('',*,*,#537,.F.);
#348=ORIENTED_EDGE('',*,*,#642,.T.);
#349=ORIENTED_EDGE('',*,*,#536,.F.);
#350=ORIENTED_EDGE('',*,*,#643,.T.);
#351=ORIENTED_EDGE('',*,*,#535,.F.);
#352=ORIENTED_EDGE('',*,*,#644,.T.);
#353=ORIENTED_EDGE('',*,*,#534,.F.);
#354=ORIENTED_EDGE('',*,*,#645,.T.);
#355=ORIENTED_EDGE('',*,*,#533,.F.);
#356=ORIENTED_EDGE('',*,*,#646,.T.);
#357=ORIENTED_EDGE('',*,*,#532,.F.);
#358=ORIENTED_EDGE('',*,*,#647,.T.);
#359=ORIENTED_EDGE('',*,*,#531,.F.);
#360=ORIENTED_EDGE('',*,*,#648,.T.);
#361=ORIENTED_EDGE('',*,*,#530,.F.);
#362=ORIENTED_EDGE('',*,*,#649,.T.);
#363=ORIENTED_EDGE('',*,*,#529,.F.);
#364=ORIENTED_EDGE('',*,*,#650,.T.);
#365=ORIENTED_EDGE('',*,*,#528,.F.);
#366=ORIENTED_EDGE('',*,*,#651,.T.);
#367=ORIENTED_EDGE('',*,*,#527,.F.);
#368=ORIENTED_EDGE('',*,*,#652,.F.);
#369=ORIENTED_EDGE('',*,*,#653,.F.);
#370=ORIENTED_EDGE('',*,*,#654,.T.);
#371=ORIENTED_EDGE('',*,*,#655,.F.);
#372=ORIENTED_EDGE('',*,*,#656,.F.);
#373=ORIENTED_EDGE('',*,*,#585,.F.);
#374=ORIENTED_EDGE('',*,*,#657,.F.);
#375=ORIENTED_EDGE('',*,*,#658,.F.);
#376=ORIENTED_EDGE('',*,*,#659,.F.);
#377=ORIENTED_EDGE('',*,*,#660,.F.);
#378=ORIENTED_EDGE('',*,*,#661,.F.);
#379=ORIENTED_EDGE('',*,*,#662,.F.);
#380=ORIENTED_EDGE('',*,*,#631,.F.);
#381=ORIENTED_EDGE('',*,*,#597,.F.);
#382=ORIENTED_EDGE('',*,*,#598,.F.);
#383=ORIENTED_EDGE('',*,*,#599,.F.);
#384=ORIENTED_EDGE('',*,*,#602,.F.);
#385=ORIENTED_EDGE('',*,*,#603,.F.);
#386=ORIENTED_EDGE('',*,*,#604,.F.);
#387=ORIENTED_EDGE('',*,*,#606,.F.);
#388=ORIENTED_EDGE('',*,*,#607,.F.);
#389=ORIENTED_EDGE('',*,*,#608,.F.);
#390=ORIENTED_EDGE('',*,*,#609,.F.);
#391=ORIENTED_EDGE('',*,*,#612,.F.);
#392=ORIENTED_EDGE('',*,*,#613,.F.);
#393=ORIENTED_EDGE('',*,*,#614,.F.);
#394=ORIENTED_EDGE('',*,*,#616,.F.);
#395=ORIENTED_EDGE('',*,*,#617,.F.);
#396=ORIENTED_EDGE('',*,*,#620,.F.);
#397=ORIENTED_EDGE('',*,*,#621,.F.);
#398=ORIENTED_EDGE('',*,*,#622,.F.);
#399=ORIENTED_EDGE('',*,*,#624,.F.);
#400=ORIENTED_EDGE('',*,*,#625,.F.);
#401=ORIENTED_EDGE('',*,*,#626,.F.);
#402=ORIENTED_EDGE('',*,*,#627,.F.);
#403=ORIENTED_EDGE('',*,*,#628,.F.);
#404=ORIENTED_EDGE('',*,*,#629,.F.);
#405=ORIENTED_EDGE('',*,*,#630,.F.);
#406=ORIENTED_EDGE('',*,*,#632,.F.);
#407=ORIENTED_EDGE('',*,*,#633,.F.);
#408=ORIENTED_EDGE('',*,*,#634,.F.);
#409=ORIENTED_EDGE('',*,*,#635,.F.);
#410=ORIENTED_EDGE('',*,*,#636,.F.);
#411=ORIENTED_EDGE('',*,*,#638,.F.);
#412=ORIENTED_EDGE('',*,*,#639,.F.);
#413=ORIENTED_EDGE('',*,*,#640,.F.);
#414=ORIENTED_EDGE('',*,*,#642,.F.);
#415=ORIENTED_EDGE('',*,*,#643,.F.);
#416=ORIENTED_EDGE('',*,*,#644,.F.);
#417=ORIENTED_EDGE('',*,*,#645,.F.);
#418=ORIENTED_EDGE('',*,*,#647,.F.);
#419=ORIENTED_EDGE('',*,*,#648,.F.);
#420=ORIENTED_EDGE('',*,*,#649,.F.);
#421=ORIENTED_EDGE('',*,*,#651,.F.);
#422=ORIENTED_EDGE('',*,*,#601,.F.);
#423=ORIENTED_EDGE('',*,*,#611,.F.);
#424=ORIENTED_EDGE('',*,*,#650,.F.);
#425=ORIENTED_EDGE('',*,*,#646,.F.);
#426=ORIENTED_EDGE('',*,*,#615,.F.);
#427=ORIENTED_EDGE('',*,*,#637,.F.);
#428=ORIENTED_EDGE('',*,*,#618,.F.);
#429=ORIENTED_EDGE('',*,*,#605,.F.);
#430=ORIENTED_EDGE('',*,*,#600,.F.);
#431=ORIENTED_EDGE('',*,*,#641,.F.);
#432=ORIENTED_EDGE('',*,*,#619,.F.);
#433=ORIENTED_EDGE('',*,*,#610,.F.);
#434=ORIENTED_EDGE('',*,*,#623,.F.);
#435=ORIENTED_EDGE('',*,*,#663,.T.);
#436=ORIENTED_EDGE('',*,*,#664,.T.);
#437=ORIENTED_EDGE('',*,*,#665,.T.);
#438=ORIENTED_EDGE('',*,*,#666,.T.);
#439=ORIENTED_EDGE('',*,*,#663,.F.);
#440=ORIENTED_EDGE('',*,*,#667,.T.);
#441=ORIENTED_EDGE('',*,*,#668,.F.);
#442=ORIENTED_EDGE('',*,*,#669,.T.);
#443=ORIENTED_EDGE('',*,*,#666,.F.);
#444=ORIENTED_EDGE('',*,*,#670,.T.);
#445=ORIENTED_EDGE('',*,*,#671,.F.);
#446=ORIENTED_EDGE('',*,*,#667,.F.);
#447=ORIENTED_EDGE('',*,*,#672,.T.);
#448=ORIENTED_EDGE('',*,*,#661,.T.);
#449=ORIENTED_EDGE('',*,*,#673,.F.);
#450=ORIENTED_EDGE('',*,*,#586,.T.);
#451=ORIENTED_EDGE('',*,*,#584,.T.);
#452=ORIENTED_EDGE('',*,*,#590,.T.);
#453=ORIENTED_EDGE('',*,*,#674,.T.);
#454=ORIENTED_EDGE('',*,*,#657,.T.);
#455=ORIENTED_EDGE('',*,*,#675,.F.);
#456=ORIENTED_EDGE('',*,*,#676,.F.);
#457=ORIENTED_EDGE('',*,*,#677,.T.);
#458=ORIENTED_EDGE('',*,*,#678,.F.);
#459=ORIENTED_EDGE('',*,*,#587,.T.);
#460=ORIENTED_EDGE('',*,*,#673,.T.);
#461=ORIENTED_EDGE('',*,*,#660,.T.);
#462=ORIENTED_EDGE('',*,*,#679,.T.);
#463=ORIENTED_EDGE('',*,*,#676,.T.);
#464=ORIENTED_EDGE('',*,*,#680,.T.);
#465=ORIENTED_EDGE('',*,*,#659,.T.);
#466=ORIENTED_EDGE('',*,*,#681,.F.);
#467=ORIENTED_EDGE('',*,*,#677,.F.);
#468=ORIENTED_EDGE('',*,*,#679,.F.);
#469=ORIENTED_EDGE('',*,*,#582,.T.);
#470=ORIENTED_EDGE('',*,*,#656,.T.);
#471=ORIENTED_EDGE('',*,*,#682,.T.);
#472=ORIENTED_EDGE('',*,*,#591,.T.);
#473=ORIENTED_EDGE('',*,*,#683,.T.);
#474=ORIENTED_EDGE('',*,*,#595,.T.);
#475=ORIENTED_EDGE('',*,*,#684,.F.);
#476=ORIENTED_EDGE('',*,*,#652,.T.);
#477=ORIENTED_EDGE('',*,*,#685,.F.);
#478=ORIENTED_EDGE('',*,*,#686,.F.);
#479=ORIENTED_EDGE('',*,*,#687,.T.);
#480=ORIENTED_EDGE('',*,*,#688,.F.);
#481=ORIENTED_EDGE('',*,*,#592,.T.);
#482=ORIENTED_EDGE('',*,*,#682,.F.);
#483=ORIENTED_EDGE('',*,*,#655,.T.);
#484=ORIENTED_EDGE('',*,*,#689,.T.);
#485=ORIENTED_EDGE('',*,*,#686,.T.);
#486=ORIENTED_EDGE('',*,*,#690,.F.);
#487=ORIENTED_EDGE('',*,*,#654,.F.);
#488=ORIENTED_EDGE('',*,*,#691,.F.);
#489=ORIENTED_EDGE('',*,*,#687,.F.);
#490=ORIENTED_EDGE('',*,*,#689,.F.);
#491=ORIENTED_EDGE('',*,*,#593,.T.);
#492=ORIENTED_EDGE('',*,*,#690,.T.);
#493=ORIENTED_EDGE('',*,*,#685,.T.);
#494=ORIENTED_EDGE('',*,*,#692,.F.);
#495=ORIENTED_EDGE('',*,*,#594,.T.);
#496=ORIENTED_EDGE('',*,*,#692,.T.);
#497=ORIENTED_EDGE('',*,*,#688,.T.);
#498=ORIENTED_EDGE('',*,*,#691,.T.);
#499=ORIENTED_EDGE('',*,*,#653,.T.);
#500=ORIENTED_EDGE('',*,*,#684,.T.);
#501=ORIENTED_EDGE('',*,*,#588,.T.);
#502=ORIENTED_EDGE('',*,*,#680,.F.);
#503=ORIENTED_EDGE('',*,*,#675,.T.);
#504=ORIENTED_EDGE('',*,*,#693,.T.);
#505=ORIENTED_EDGE('',*,*,#589,.T.);
#506=ORIENTED_EDGE('',*,*,#693,.F.);
#507=ORIENTED_EDGE('',*,*,#678,.T.);
#508=ORIENTED_EDGE('',*,*,#681,.T.);
#509=ORIENTED_EDGE('',*,*,#658,.T.);
#510=ORIENTED_EDGE('',*,*,#674,.F.);
#511=ORIENTED_EDGE('',*,*,#668,.T.);
#512=ORIENTED_EDGE('',*,*,#671,.T.);
#513=ORIENTED_EDGE('',*,*,#694,.T.);
#514=ORIENTED_EDGE('',*,*,#695,.T.);
#515=ORIENTED_EDGE('',*,*,#596,.T.);
#516=ORIENTED_EDGE('',*,*,#683,.F.);
#517=ORIENTED_EDGE('',*,*,#662,.T.);
#518=ORIENTED_EDGE('',*,*,#672,.F.);
#519=ORIENTED_EDGE('',*,*,#665,.F.);
#520=ORIENTED_EDGE('',*,*,#696,.T.);
#521=ORIENTED_EDGE('',*,*,#694,.F.);
#522=ORIENTED_EDGE('',*,*,#670,.F.);
#523=ORIENTED_EDGE('',*,*,#664,.F.);
#524=ORIENTED_EDGE('',*,*,#669,.F.);
#525=ORIENTED_EDGE('',*,*,#695,.F.);
#526=ORIENTED_EDGE('',*,*,#696,.F.);
#527=EDGE_CURVE('',#697,#697,#847,.T.);
#528=EDGE_CURVE('',#698,#698,#848,.T.);
#529=EDGE_CURVE('',#699,#699,#849,.T.);
#530=EDGE_CURVE('',#700,#700,#850,.T.);
#531=EDGE_CURVE('',#701,#701,#851,.T.);
#532=EDGE_CURVE('',#702,#702,#852,.T.);
#533=EDGE_CURVE('',#703,#703,#853,.T.);
#534=EDGE_CURVE('',#704,#704,#854,.T.);
#535=EDGE_CURVE('',#705,#705,#855,.T.);
#536=EDGE_CURVE('',#706,#706,#856,.T.);
#537=EDGE_CURVE('',#707,#707,#857,.T.);
#538=EDGE_CURVE('',#708,#708,#858,.T.);
#539=EDGE_CURVE('',#709,#709,#859,.T.);
#540=EDGE_CURVE('',#710,#710,#860,.T.);
#541=EDGE_CURVE('',#711,#711,#861,.T.);
#542=EDGE_CURVE('',#712,#712,#862,.T.);
#543=EDGE_CURVE('',#713,#713,#863,.T.);
#544=EDGE_CURVE('',#714,#714,#864,.T.);
#545=EDGE_CURVE('',#715,#715,#865,.T.);
#546=EDGE_CURVE('',#716,#716,#866,.T.);
#547=EDGE_CURVE('',#717,#717,#867,.T.);
#548=EDGE_CURVE('',#718,#718,#868,.T.);
#549=EDGE_CURVE('',#719,#719,#869,.T.);
#550=EDGE_CURVE('',#720,#720,#870,.T.);
#551=EDGE_CURVE('',#721,#721,#871,.T.);
#552=EDGE_CURVE('',#722,#722,#872,.T.);
#553=EDGE_CURVE('',#723,#723,#873,.T.);
#554=EDGE_CURVE('',#724,#724,#874,.T.);
#555=EDGE_CURVE('',#725,#725,#875,.T.);
#556=EDGE_CURVE('',#726,#726,#876,.T.);
#557=EDGE_CURVE('',#727,#727,#877,.T.);
#558=EDGE_CURVE('',#728,#728,#878,.T.);
#559=EDGE_CURVE('',#729,#729,#879,.T.);
#560=EDGE_CURVE('',#730,#730,#880,.T.);
#561=EDGE_CURVE('',#731,#731,#881,.T.);
#562=EDGE_CURVE('',#732,#732,#882,.T.);
#563=EDGE_CURVE('',#733,#733,#883,.T.);
#564=EDGE_CURVE('',#734,#734,#884,.T.);
#565=EDGE_CURVE('',#735,#735,#885,.T.);
#566=EDGE_CURVE('',#736,#736,#886,.T.);
#567=EDGE_CURVE('',#737,#737,#887,.T.);
#568=EDGE_CURVE('',#738,#738,#888,.T.);
#569=EDGE_CURVE('',#739,#739,#889,.T.);
#570=EDGE_CURVE('',#740,#740,#890,.T.);
#571=EDGE_CURVE('',#741,#741,#891,.T.);
#572=EDGE_CURVE('',#742,#742,#892,.T.);
#573=EDGE_CURVE('',#743,#743,#893,.T.);
#574=EDGE_CURVE('',#744,#744,#894,.T.);
#575=EDGE_CURVE('',#745,#745,#895,.T.);
#576=EDGE_CURVE('',#746,#746,#896,.T.);
#577=EDGE_CURVE('',#747,#747,#897,.T.);
#578=EDGE_CURVE('',#748,#748,#898,.T.);
#579=EDGE_CURVE('',#749,#749,#899,.T.);
#580=EDGE_CURVE('',#750,#750,#900,.T.);
#581=EDGE_CURVE('',#751,#751,#901,.T.);
#582=EDGE_CURVE('',#752,#753,#67,.T.);
#583=EDGE_CURVE('',#752,#754,#68,.T.);
#584=EDGE_CURVE('',#755,#754,#69,.T.);
#585=EDGE_CURVE('',#755,#753,#70,.T.);
#586=EDGE_CURVE('',#756,#757,#71,.T.);
#587=EDGE_CURVE('',#758,#756,#72,.T.);
#588=EDGE_CURVE('',#759,#758,#73,.T.);
#589=EDGE_CURVE('',#760,#759,#74,.T.);
#590=EDGE_CURVE('',#754,#760,#75,.T.);
#591=EDGE_CURVE('',#761,#752,#76,.T.);
#592=EDGE_CURVE('',#762,#761,#77,.T.);
#593=EDGE_CURVE('',#763,#762,#78,.T.);
#594=EDGE_CURVE('',#764,#763,#79,.T.);
#595=EDGE_CURVE('',#765,#764,#80,.T.);
#596=EDGE_CURVE('',#757,#765,#81,.T.);
#597=EDGE_CURVE('',#766,#766,#902,.T.);
#598=EDGE_CURVE('',#767,#767,#903,.T.);
#599=EDGE_CURVE('',#768,#768,#904,.T.);
#600=EDGE_CURVE('',#769,#769,#905,.T.);
#601=EDGE_CURVE('',#770,#770,#906,.T.);
#602=EDGE_CURVE('',#771,#771,#907,.T.);
#603=EDGE_CURVE('',#772,#772,#908,.T.);
#604=EDGE_CURVE('',#773,#773,#909,.T.);
#605=EDGE_CURVE('',#774,#774,#910,.T.);
#606=EDGE_CURVE('',#775,#775,#911,.T.);
#607=EDGE_CURVE('',#776,#776,#912,.T.);
#608=EDGE_CURVE('',#777,#777,#913,.T.);
#609=EDGE_CURVE('',#778,#778,#914,.T.);
#610=EDGE_CURVE('',#779,#779,#915,.T.);
#611=EDGE_CURVE('',#780,#780,#916,.T.);
#612=EDGE_CURVE('',#781,#781,#917,.T.);
#613=EDGE_CURVE('',#782,#782,#918,.T.);
#614=EDGE_CURVE('',#783,#783,#919,.T.);
#615=EDGE_CURVE('',#784,#784,#920,.T.);
#616=EDGE_CURVE('',#785,#785,#921,.T.);
#617=EDGE_CURVE('',#786,#786,#922,.T.);
#618=EDGE_CURVE('',#787,#787,#923,.T.);
#619=EDGE_CURVE('',#788,#788,#924,.T.);
#620=EDGE_CURVE('',#789,#789,#925,.T.);
#621=EDGE_CURVE('',#790,#790,#926,.T.);
#622=EDGE_CURVE('',#791,#791,#927,.T.);
#623=EDGE_CURVE('',#792,#792,#928,.T.);
#624=EDGE_CURVE('',#793,#793,#929,.T.);
#625=EDGE_CURVE('',#794,#794,#930,.T.);
#626=EDGE_CURVE('',#795,#795,#931,.T.);
#627=EDGE_CURVE('',#796,#796,#932,.T.);
#628=EDGE_CURVE('',#797,#797,#933,.T.);
#629=EDGE_CURVE('',#798,#798,#934,.T.);
#630=EDGE_CURVE('',#799,#799,#935,.T.);
#631=EDGE_CURVE('',#800,#800,#936,.T.);
#632=EDGE_CURVE('',#801,#801,#937,.T.);
#633=EDGE_CURVE('',#802,#802,#938,.T.);
#634=EDGE_CURVE('',#803,#803,#939,.T.);
#635=EDGE_CURVE('',#804,#804,#940,.T.);
#636=EDGE_CURVE('',#805,#805,#941,.T.);
#637=EDGE_CURVE('',#806,#806,#942,.T.);
#638=EDGE_CURVE('',#807,#807,#943,.T.);
#639=EDGE_CURVE('',#808,#808,#944,.T.);
#640=EDGE_CURVE('',#809,#809,#945,.T.);
#641=EDGE_CURVE('',#810,#810,#946,.T.);
#642=EDGE_CURVE('',#811,#811,#947,.T.);
#643=EDGE_CURVE('',#812,#812,#948,.T.);
#644=EDGE_CURVE('',#813,#813,#949,.T.);
#645=EDGE_CURVE('',#814,#814,#950,.T.);
#646=EDGE_CURVE('',#815,#815,#951,.T.);
#647=EDGE_CURVE('',#816,#816,#952,.T.);
#648=EDGE_CURVE('',#817,#817,#953,.T.);
#649=EDGE_CURVE('',#818,#818,#954,.T.);
#650=EDGE_CURVE('',#819,#819,#955,.T.);
#651=EDGE_CURVE('',#820,#820,#956,.T.);
#652=EDGE_CURVE('',#821,#822,#82,.T.);
#653=EDGE_CURVE('',#823,#821,#83,.T.);
#654=EDGE_CURVE('',#823,#824,#84,.T.);
#655=EDGE_CURVE('',#825,#824,#85,.T.);
#656=EDGE_CURVE('',#753,#825,#86,.T.);
#657=EDGE_CURVE('',#826,#755,#87,.T.);
#658=EDGE_CURVE('',#827,#826,#88,.T.);
#659=EDGE_CURVE('',#828,#827,#89,.T.);
#660=EDGE_CURVE('',#829,#828,#90,.T.);
#661=EDGE_CURVE('',#830,#829,#91,.T.);
#662=EDGE_CURVE('',#822,#830,#92,.T.);
#663=EDGE_CURVE('',#831,#832,#93,.T.);
#664=EDGE_CURVE('',#832,#833,#94,.T.);
#665=EDGE_CURVE('',#833,#834,#95,.T.);
#666=EDGE_CURVE('',#834,#831,#96,.T.);
#667=EDGE_CURVE('',#831,#835,#97,.T.);
#668=EDGE_CURVE('',#836,#835,#98,.T.);
#669=EDGE_CURVE('',#836,#832,#99,.T.);
#670=EDGE_CURVE('',#834,#837,#100,.T.);
#671=EDGE_CURVE('',#835,#837,#101,.T.);
#672=EDGE_CURVE('',#757,#830,#102,.T.);
#673=EDGE_CURVE('',#756,#829,#103,.T.);
#674=EDGE_CURVE('',#760,#826,#104,.T.);
#675=EDGE_CURVE('',#838,#839,#105,.T.);
#676=EDGE_CURVE('',#840,#838,#106,.T.);
#677=EDGE_CURVE('',#840,#841,#107,.T.);
#678=EDGE_CURVE('',#839,#841,#108,.T.);
#679=EDGE_CURVE('',#828,#840,#109,.T.);
#680=EDGE_CURVE('',#838,#758,#110,.T.);
#681=EDGE_CURVE('',#841,#827,#111,.T.);
#682=EDGE_CURVE('',#825,#761,#112,.T.);
#683=EDGE_CURVE('',#822,#765,#113,.T.);
#684=EDGE_CURVE('',#821,#764,#114,.T.);
#685=EDGE_CURVE('',#842,#843,#115,.T.);
#686=EDGE_CURVE('',#844,#842,#116,.T.);
#687=EDGE_CURVE('',#844,#845,#117,.T.);
#688=EDGE_CURVE('',#843,#845,#118,.T.);
#689=EDGE_CURVE('',#824,#844,#119,.T.);
#690=EDGE_CURVE('',#762,#842,#120,.T.);
#691=EDGE_CURVE('',#845,#823,#121,.T.);
#692=EDGE_CURVE('',#763,#843,#122,.T.);
#693=EDGE_CURVE('',#839,#759,#123,.T.);
#694=EDGE_CURVE('',#837,#846,#124,.T.);
#695=EDGE_CURVE('',#846,#836,#125,.T.);
#696=EDGE_CURVE('',#833,#846,#126,.T.);
#697=VERTEX_POINT('',#2188);
#698=VERTEX_POINT('',#2190);
#699=VERTEX_POINT('',#2192);
#700=VERTEX_POINT('',#2194);
#701=VERTEX_POINT('',#2196);
#702=VERTEX_POINT('',#2198);
#703=VERTEX_POINT('',#2200);
#704=VERTEX_POINT('',#2202);
#705=VERTEX_POINT('',#2204);
#706=VERTEX_POINT('',#2206);
#707=VERTEX_POINT('',#2208);
#708=VERTEX_POINT('',#2210);
#709=VERTEX_POINT('',#2212);
#710=VERTEX_POINT('',#2214);
#711=VERTEX_POINT('',#2216);
#712=VERTEX_POINT('',#2218);
#713=VERTEX_POINT('',#2220);
#714=VERTEX_POINT('',#2222);
#715=VERTEX_POINT('',#2224);
#716=VERTEX_POINT('',#2226);
#717=VERTEX_POINT('',#2228);
#718=VERTEX_POINT('',#2230);
#719=VERTEX_POINT('',#2232);
#720=VERTEX_POINT('',#2234);
#721=VERTEX_POINT('',#2236);
#722=VERTEX_POINT('',#2238);
#723=VERTEX_POINT('',#2240);
#724=VERTEX_POINT('',#2242);
#725=VERTEX_POINT('',#2244);
#726=VERTEX_POINT('',#2246);
#727=VERTEX_POINT('',#2248);
#728=VERTEX_POINT('',#2250);
#729=VERTEX_POINT('',#2252);
#730=VERTEX_POINT('',#2254);
#731=VERTEX_POINT('',#2256);
#732=VERTEX_POINT('',#2258);
#733=VERTEX_POINT('',#2260);
#734=VERTEX_POINT('',#2262);
#735=VERTEX_POINT('',#2264);
#736=VERTEX_POINT('',#2266);
#737=VERTEX_POINT('',#2268);
#738=VERTEX_POINT('',#2270);
#739=VERTEX_POINT('',#2272);
#740=VERTEX_POINT('',#2274);
#741=VERTEX_POINT('',#2276);
#742=VERTEX_POINT('',#2278);
#743=VERTEX_POINT('',#2280);
#744=VERTEX_POINT('',#2282);
#745=VERTEX_POINT('',#2284);
#746=VERTEX_POINT('',#2286);
#747=VERTEX_POINT('',#2288);
#748=VERTEX_POINT('',#2290);
#749=VERTEX_POINT('',#2292);
#750=VERTEX_POINT('',#2294);
#751=VERTEX_POINT('',#2296);
#752=VERTEX_POINT('',#2298);
#753=VERTEX_POINT('',#2299);
#754=VERTEX_POINT('',#2301);
#755=VERTEX_POINT('',#2303);
#756=VERTEX_POINT('',#2307);
#757=VERTEX_POINT('',#2308);
#758=VERTEX_POINT('',#2310);
#759=VERTEX_POINT('',#2312);
#760=VERTEX_POINT('',#2314);
#761=VERTEX_POINT('',#2317);
#762=VERTEX_POINT('',#2319);
#763=VERTEX_POINT('',#2321);
#764=VERTEX_POINT('',#2323);
#765=VERTEX_POINT('',#2325);
#766=VERTEX_POINT('',#2329);
#767=VERTEX_POINT('',#2332);
#768=VERTEX_POINT('',#2335);
#769=VERTEX_POINT('',#2338);
#770=VERTEX_POINT('',#2341);
#771=VERTEX_POINT('',#2344);
#772=VERTEX_POINT('',#2347);
#773=VERTEX_POINT('',#2350);
#774=VERTEX_POINT('',#2353);
#775=VERTEX_POINT('',#2356);
#776=VERTEX_POINT('',#2359);
#777=VERTEX_POINT('',#2362);
#778=VERTEX_POINT('',#2365);
#779=VERTEX_POINT('',#2368);
#780=VERTEX_POINT('',#2371);
#781=VERTEX_POINT('',#2374);
#782=VERTEX_POINT('',#2377);
#783=VERTEX_POINT('',#2380);
#784=VERTEX_POINT('',#2383);
#785=VERTEX_POINT('',#2386);
#786=VERTEX_POINT('',#2389);
#787=VERTEX_POINT('',#2392);
#788=VERTEX_POINT('',#2395);
#789=VERTEX_POINT('',#2398);
#790=VERTEX_POINT('',#2401);
#791=VERTEX_POINT('',#2404);
#792=VERTEX_POINT('',#2407);
#793=VERTEX_POINT('',#2410);
#794=VERTEX_POINT('',#2413);
#795=VERTEX_POINT('',#2416);
#796=VERTEX_POINT('',#2419);
#797=VERTEX_POINT('',#2422);
#798=VERTEX_POINT('',#2425);
#799=VERTEX_POINT('',#2428);
#800=VERTEX_POINT('',#2431);
#801=VERTEX_POINT('',#2434);
#802=VERTEX_POINT('',#2437);
#803=VERTEX_POINT('',#2440);
#804=VERTEX_POINT('',#2443);
#805=VERTEX_POINT('',#2446);
#806=VERTEX_POINT('',#2449);
#807=VERTEX_POINT('',#2452);
#808=VERTEX_POINT('',#2455);
#809=VERTEX_POINT('',#2458);
#810=VERTEX_POINT('',#2461);
#811=VERTEX_POINT('',#2464);
#812=VERTEX_POINT('',#2467);
#813=VERTEX_POINT('',#2470);
#814=VERTEX_POINT('',#2473);
#815=VERTEX_POINT('',#2476);
#816=VERTEX_POINT('',#2479);
#817=VERTEX_POINT('',#2482);
#818=VERTEX_POINT('',#2485);
#819=VERTEX_POINT('',#2488);
#820=VERTEX_POINT('',#2491);
#821=VERTEX_POINT('',#2494);
#822=VERTEX_POINT('',#2495);
#823=VERTEX_POINT('',#2497);
#824=VERTEX_POINT('',#2499);
#825=VERTEX_POINT('',#2501);
#826=VERTEX_POINT('',#2504);
#827=VERTEX_POINT('',#2506);
#828=VERTEX_POINT('',#2508);
#829=VERTEX_POINT('',#2510);
#830=VERTEX_POINT('',#2512);
#831=VERTEX_POINT('',#2516);
#832=VERTEX_POINT('',#2517);
#833=VERTEX_POINT('',#2519);
#834=VERTEX_POINT('',#2521);
#835=VERTEX_POINT('',#2525);
#836=VERTEX_POINT('',#2527);
#837=VERTEX_POINT('',#2531);
#838=VERTEX_POINT('',#2540);
#839=VERTEX_POINT('',#2541);
#840=VERTEX_POINT('',#2543);
#841=VERTEX_POINT('',#2545);
#842=VERTEX_POINT('',#2559);
#843=VERTEX_POINT('',#2560);
#844=VERTEX_POINT('',#2562);
#845=VERTEX_POINT('',#2564);
#846=VERTEX_POINT('',#2579);
#847=CIRCLE('',#1560,0.002625);
#848=CIRCLE('',#1561,0.002625);
#849=CIRCLE('',#1562,0.002625);
#850=CIRCLE('',#1563,0.002625);
#851=CIRCLE('',#1564,0.002625);
#852=CIRCLE('',#1565,0.002625);
#853=CIRCLE('',#1566,0.002625);
#854=CIRCLE('',#1567,0.002625);
#855=CIRCLE('',#1568,0.002625);
#856=CIRCLE('',#1569,0.002625);
#857=CIRCLE('',#1570,0.002625);
#858=CIRCLE('',#1571,0.002625);
#859=CIRCLE('',#1572,0.002625);
#860=CIRCLE('',#1573,0.002625);
#861=CIRCLE('',#1574,0.002625);
#862=CIRCLE('',#1575,0.002625);
#863=CIRCLE('',#1576,0.002625);
#864=CIRCLE('',#1577,0.002625);
#865=CIRCLE('',#1578,0.002625);
#866=CIRCLE('',#1579,0.002625);
#867=CIRCLE('',#1580,0.002625);
#868=CIRCLE('',#1581,0.002625);
#869=CIRCLE('',#1582,0.002625);
#870=CIRCLE('',#1583,0.002625);
#871=CIRCLE('',#1584,0.002625);
#872=CIRCLE('',#1585,0.002625);
#873=CIRCLE('',#1586,0.002625);
#874=CIRCLE('',#1587,0.002625);
#875=CIRCLE('',#1588,0.002625);
#876=CIRCLE('',#1589,0.002625);
#877=CIRCLE('',#1590,0.002625);
#878=CIRCLE('',#1591,0.002625);
#879=CIRCLE('',#1592,0.002625);
#880=CIRCLE('',#1593,0.002625);
#881=CIRCLE('',#1594,0.002625);
#882=CIRCLE('',#1595,0.002625);
#883=CIRCLE('',#1596,0.002625);
#884=CIRCLE('',#1597,0.002625);
#885=CIRCLE('',#1598,0.002625);
#886=CIRCLE('',#1599,0.002625);
#887=CIRCLE('',#1600,0.002625);
#888=CIRCLE('',#1601,0.002625);
#889=CIRCLE('',#1602,0.002625);
#890=CIRCLE('',#1603,0.002625);
#891=CIRCLE('',#1604,0.002625);
#892=CIRCLE('',#1605,0.002625);
#893=CIRCLE('',#1606,0.002625);
#894=CIRCLE('',#1607,0.002625);
#895=CIRCLE('',#1608,0.002625);
#896=CIRCLE('',#1609,0.002625);
#897=CIRCLE('',#1610,0.002625);
#898=CIRCLE('',#1611,0.002625);
#899=CIRCLE('',#1612,0.002625);
#900=CIRCLE('',#1613,0.002625);
#901=CIRCLE('',#1614,0.002625);
#902=CIRCLE('',#1617,0.002625);
#903=CIRCLE('',#1619,0.002625);
#904=CIRCLE('',#1621,0.002625);
#905=CIRCLE('',#1623,0.002625);
#906=CIRCLE('',#1625,0.002625);
#907=CIRCLE('',#1627,0.002625);
#908=CIRCLE('',#1629,0.002625);
#909=CIRCLE('',#1631,0.002625);
#910=CIRCLE('',#1633,0.002625);
#911=CIRCLE('',#1635,0.002625);
#912=CIRCLE('',#1637,0.002625);
#913=CIRCLE('',#1639,0.002625);
#914=CIRCLE('',#1641,0.002625);
#915=CIRCLE('',#1643,0.002625);
#916=CIRCLE('',#1645,0.002625);
#917=CIRCLE('',#1647,0.002625);
#918=CIRCLE('',#1649,0.002625);
#919=CIRCLE('',#1651,0.002625);
#920=CIRCLE('',#1653,0.002625);
#921=CIRCLE('',#1655,0.002625);
#922=CIRCLE('',#1657,0.002625);
#923=CIRCLE('',#1659,0.002625);
#924=CIRCLE('',#1661,0.002625);
#925=CIRCLE('',#1663,0.002625);
#926=CIRCLE('',#1665,0.002625);
#927=CIRCLE('',#1667,0.002625);
#928=CIRCLE('',#1669,0.002625);
#929=CIRCLE('',#1671,0.002625);
#930=CIRCLE('',#1673,0.002625);
#931=CIRCLE('',#1675,0.002625);
#932=CIRCLE('',#1677,0.002625);
#933=CIRCLE('',#1679,0.002625);
#934=CIRCLE('',#1681,0.002625);
#935=CIRCLE('',#1683,0.002625);
#936=CIRCLE('',#1685,0.002625);
#937=CIRCLE('',#1687,0.002625);
#938=CIRCLE('',#1689,0.002625);
#939=CIRCLE('',#1691,0.002625);
#940=CIRCLE('',#1693,0.002625);
#941=CIRCLE('',#1695,0.002625);
#942=CIRCLE('',#1697,0.002625);
#943=CIRCLE('',#1699,0.002625);
#944=CIRCLE('',#1701,0.002625);
#945=CIRCLE('',#1703,0.002625);
#946=CIRCLE('',#1705,0.002625);
#947=CIRCLE('',#1707,0.002625);
#948=CIRCLE('',#1709,0.002625);
#949=CIRCLE('',#1711,0.002625);
#950=CIRCLE('',#1713,0.002625);
#951=CIRCLE('',#1715,0.002625);
#952=CIRCLE('',#1717,0.002625);
#953=CIRCLE('',#1719,0.002625);
#954=CIRCLE('',#1721,0.002625);
#955=CIRCLE('',#1723,0.002625);
#956=CIRCLE('',#1725,0.002625);
#957=EDGE_LOOP('',(#187));
#958=EDGE_LOOP('',(#188));
#959=EDGE_LOOP('',(#189));
#960=EDGE_LOOP('',(#190));
#961=EDGE_LOOP('',(#191));
#962=EDGE_LOOP('',(#192));
#963=EDGE_LOOP('',(#193));
#964=EDGE_LOOP('',(#194));
#965=EDGE_LOOP('',(#195));
#966=EDGE_LOOP('',(#196));
#967=EDGE_LOOP('',(#197));
#968=EDGE_LOOP('',(#198));
#969=EDGE_LOOP('',(#199));
#970=EDGE_LOOP('',(#200));
#971=EDGE_LOOP('',(#201));
#972=EDGE_LOOP('',(#202));
#973=EDGE_LOOP('',(#203));
#974=EDGE_LOOP('',(#204));
#975=EDGE_LOOP('',(#205));
#976=EDGE_LOOP('',(#206));
#977=EDGE_LOOP('',(#207));
#978=EDGE_LOOP('',(#208));
#979=EDGE_LOOP('',(#209));
#980=EDGE_LOOP('',(#210));
#981=EDGE_LOOP('',(#211));
#982=EDGE_LOOP('',(#212));
#983=EDGE_LOOP('',(#213));
#984=EDGE_LOOP('',(#214));
#985=EDGE_LOOP('',(#215));
#986=EDGE_LOOP('',(#216));
#987=EDGE_LOOP('',(#217));
#988=EDGE_LOOP('',(#218));
#989=EDGE_LOOP('',(#219));
#990=EDGE_LOOP('',(#220));
#991=EDGE_LOOP('',(#221));
#992=EDGE_LOOP('',(#222));
#993=EDGE_LOOP('',(#223));
#994=EDGE_LOOP('',(#224));
#995=EDGE_LOOP('',(#225));
#996=EDGE_LOOP('',(#226));
#997=EDGE_LOOP('',(#227));
#998=EDGE_LOOP('',(#228));
#999=EDGE_LOOP('',(#229));
#1000=EDGE_LOOP('',(#230));
#1001=EDGE_LOOP('',(#231));
#1002=EDGE_LOOP('',(#232));
#1003=EDGE_LOOP('',(#233));
#1004=EDGE_LOOP('',(#234));
#1005=EDGE_LOOP('',(#235));
#1006=EDGE_LOOP('',(#236));
#1007=EDGE_LOOP('',(#237));
#1008=EDGE_LOOP('',(#238));
#1009=EDGE_LOOP('',(#239));
#1010=EDGE_LOOP('',(#240));
#1011=EDGE_LOOP('',(#241));
#1012=EDGE_LOOP('',(#242,#243,#244,#245));
#1013=EDGE_LOOP('',(#246,#247,#248,#249,#250,#251,#252,#253,#254,#255,#256,
#257));
#1014=EDGE_LOOP('',(#258));
#1015=EDGE_LOOP('',(#259));
#1016=EDGE_LOOP('',(#260));
#1017=EDGE_LOOP('',(#261));
#1018=EDGE_LOOP('',(#262));
#1019=EDGE_LOOP('',(#263));
#1020=EDGE_LOOP('',(#264));
#1021=EDGE_LOOP('',(#265));
#1022=EDGE_LOOP('',(#266));
#1023=EDGE_LOOP('',(#267));
#1024=EDGE_LOOP('',(#268));
#1025=EDGE_LOOP('',(#269));
#1026=EDGE_LOOP('',(#270));
#1027=EDGE_LOOP('',(#271));
#1028=EDGE_LOOP('',(#272));
#1029=EDGE_LOOP('',(#273));
#1030=EDGE_LOOP('',(#274));
#1031=EDGE_LOOP('',(#275));
#1032=EDGE_LOOP('',(#276));
#1033=EDGE_LOOP('',(#277));
#1034=EDGE_LOOP('',(#278));
#1035=EDGE_LOOP('',(#279));
#1036=EDGE_LOOP('',(#280));
#1037=EDGE_LOOP('',(#281));
#1038=EDGE_LOOP('',(#282));
#1039=EDGE_LOOP('',(#283));
#1040=EDGE_LOOP('',(#284));
#1041=EDGE_LOOP('',(#285));
#1042=EDGE_LOOP('',(#286));
#1043=EDGE_LOOP('',(#287));
#1044=EDGE_LOOP('',(#288));
#1045=EDGE_LOOP('',(#289));
#1046=EDGE_LOOP('',(#290));
#1047=EDGE_LOOP('',(#291));
#1048=EDGE_LOOP('',(#292));
#1049=EDGE_LOOP('',(#293));
#1050=EDGE_LOOP('',(#294));
#1051=EDGE_LOOP('',(#295));
#1052=EDGE_LOOP('',(#296));
#1053=EDGE_LOOP('',(#297));
#1054=EDGE_LOOP('',(#298));
#1055=EDGE_LOOP('',(#299));
#1056=EDGE_LOOP('',(#300));
#1057=EDGE_LOOP('',(#301));
#1058=EDGE_LOOP('',(#302));
#1059=EDGE_LOOP('',(#303));
#1060=EDGE_LOOP('',(#304));
#1061=EDGE_LOOP('',(#305));
#1062=EDGE_LOOP('',(#306));
#1063=EDGE_LOOP('',(#307));
#1064=EDGE_LOOP('',(#308));
#1065=EDGE_LOOP('',(#309));
#1066=EDGE_LOOP('',(#310));
#1067=EDGE_LOOP('',(#311));
#1068=EDGE_LOOP('',(#312));
#1069=EDGE_LOOP('',(#313));
#1070=EDGE_LOOP('',(#314));
#1071=EDGE_LOOP('',(#315));
#1072=EDGE_LOOP('',(#316));
#1073=EDGE_LOOP('',(#317));
#1074=EDGE_LOOP('',(#318));
#1075=EDGE_LOOP('',(#319));
#1076=EDGE_LOOP('',(#320));
#1077=EDGE_LOOP('',(#321));
#1078=EDGE_LOOP('',(#322));
#1079=EDGE_LOOP('',(#323));
#1080=EDGE_LOOP('',(#324));
#1081=EDGE_LOOP('',(#325));
#1082=EDGE_LOOP('',(#326));
#1083=EDGE_LOOP('',(#327));
#1084=EDGE_LOOP('',(#328));
#1085=EDGE_LOOP('',(#329));
#1086=EDGE_LOOP('',(#330));
#1087=EDGE_LOOP('',(#331));
#1088=EDGE_LOOP('',(#332));
#1089=EDGE_LOOP('',(#333));
#1090=EDGE_LOOP('',(#334));
#1091=EDGE_LOOP('',(#335));
#1092=EDGE_LOOP('',(#336));
#1093=EDGE_LOOP('',(#337));
#1094=EDGE_LOOP('',(#338));
#1095=EDGE_LOOP('',(#339));
#1096=EDGE_LOOP('',(#340));
#1097=EDGE_LOOP('',(#341));
#1098=EDGE_LOOP('',(#342));
#1099=EDGE_LOOP('',(#343));
#1100=EDGE_LOOP('',(#344));
#1101=EDGE_LOOP('',(#345));
#1102=EDGE_LOOP('',(#346));
#1103=EDGE_LOOP('',(#347));
#1104=EDGE_LOOP('',(#348));
#1105=EDGE_LOOP('',(#349));
#1106=EDGE_LOOP('',(#350));
#1107=EDGE_LOOP('',(#351));
#1108=EDGE_LOOP('',(#352));
#1109=EDGE_LOOP('',(#353));
#1110=EDGE_LOOP('',(#354));
#1111=EDGE_LOOP('',(#355));
#1112=EDGE_LOOP('',(#356));
#1113=EDGE_LOOP('',(#357));
#1114=EDGE_LOOP('',(#358));
#1115=EDGE_LOOP('',(#359));
#1116=EDGE_LOOP('',(#360));
#1117=EDGE_LOOP('',(#361));
#1118=EDGE_LOOP('',(#362));
#1119=EDGE_LOOP('',(#363));
#1120=EDGE_LOOP('',(#364));
#1121=EDGE_LOOP('',(#365));
#1122=EDGE_LOOP('',(#366));
#1123=EDGE_LOOP('',(#367));
#1124=EDGE_LOOP('',(#368,#369,#370,#371,#372,#373,#374,#375,#376,#377,#378,
#379));
#1125=EDGE_LOOP('',(#380));
#1126=EDGE_LOOP('',(#381));
#1127=EDGE_LOOP('',(#382));
#1128=EDGE_LOOP('',(#383));
#1129=EDGE_LOOP('',(#384));
#1130=EDGE_LOOP('',(#385));
#1131=EDGE_LOOP('',(#386));
#1132=EDGE_LOOP('',(#387));
#1133=EDGE_LOOP('',(#388));
#1134=EDGE_LOOP('',(#389));
#1135=EDGE_LOOP('',(#390));
#1136=EDGE_LOOP('',(#391));
#1137=EDGE_LOOP('',(#392));
#1138=EDGE_LOOP('',(#393));
#1139=EDGE_LOOP('',(#394));
#1140=EDGE_LOOP('',(#395));
#1141=EDGE_LOOP('',(#396));
#1142=EDGE_LOOP('',(#397));
#1143=EDGE_LOOP('',(#398));
#1144=EDGE_LOOP('',(#399));
#1145=EDGE_LOOP('',(#400));
#1146=EDGE_LOOP('',(#401));
#1147=EDGE_LOOP('',(#402));
#1148=EDGE_LOOP('',(#403));
#1149=EDGE_LOOP('',(#404));
#1150=EDGE_LOOP('',(#405));
#1151=EDGE_LOOP('',(#406));
#1152=EDGE_LOOP('',(#407));
#1153=EDGE_LOOP('',(#408));
#1154=EDGE_LOOP('',(#409));
#1155=EDGE_LOOP('',(#410));
#1156=EDGE_LOOP('',(#411));
#1157=EDGE_LOOP('',(#412));
#1158=EDGE_LOOP('',(#413));
#1159=EDGE_LOOP('',(#414));
#1160=EDGE_LOOP('',(#415));
#1161=EDGE_LOOP('',(#416));
#1162=EDGE_LOOP('',(#417));
#1163=EDGE_LOOP('',(#418));
#1164=EDGE_LOOP('',(#419));
#1165=EDGE_LOOP('',(#420));
#1166=EDGE_LOOP('',(#421));
#1167=EDGE_LOOP('',(#422));
#1168=EDGE_LOOP('',(#423));
#1169=EDGE_LOOP('',(#424));
#1170=EDGE_LOOP('',(#425));
#1171=EDGE_LOOP('',(#426));
#1172=EDGE_LOOP('',(#427));
#1173=EDGE_LOOP('',(#428));
#1174=EDGE_LOOP('',(#429));
#1175=EDGE_LOOP('',(#430));
#1176=EDGE_LOOP('',(#431));
#1177=EDGE_LOOP('',(#432));
#1178=EDGE_LOOP('',(#433));
#1179=EDGE_LOOP('',(#434));
#1180=EDGE_LOOP('',(#435,#436,#437,#438));
#1181=EDGE_LOOP('',(#439,#440,#441,#442));
#1182=EDGE_LOOP('',(#443,#444,#445,#446));
#1183=EDGE_LOOP('',(#447,#448,#449,#450));
#1184=EDGE_LOOP('',(#451,#452,#453,#454));
#1185=EDGE_LOOP('',(#455,#456,#457,#458));
#1186=EDGE_LOOP('',(#459,#460,#461,#462,#463,#464));
#1187=EDGE_LOOP('',(#465,#466,#467,#468));
#1188=EDGE_LOOP('',(#469,#470,#471,#472));
#1189=EDGE_LOOP('',(#473,#474,#475,#476));
#1190=EDGE_LOOP('',(#477,#478,#479,#480));
#1191=EDGE_LOOP('',(#481,#482,#483,#484,#485,#486));
#1192=EDGE_LOOP('',(#487,#488,#489,#490));
#1193=EDGE_LOOP('',(#491,#492,#493,#494));
#1194=EDGE_LOOP('',(#495,#496,#497,#498,#499,#500));
#1195=EDGE_LOOP('',(#501,#502,#503,#504));
#1196=EDGE_LOOP('',(#505,#506,#507,#508,#509,#510));
#1197=EDGE_LOOP('',(#511,#512,#513,#514));
#1198=EDGE_LOOP('',(#515,#516,#517,#518));
#1199=EDGE_LOOP('',(#519,#520,#521,#522));
#1200=EDGE_LOOP('',(#523,#524,#525,#526));
#1201=FACE_BOUND('',#957,.T.);
#1202=FACE_BOUND('',#958,.T.);
#1203=FACE_BOUND('',#959,.T.);
#1204=FACE_BOUND('',#960,.T.);
#1205=FACE_BOUND('',#961,.T.);
#1206=FACE_BOUND('',#962,.T.);
#1207=FACE_BOUND('',#963,.T.);
#1208=FACE_BOUND('',#964,.T.);
#1209=FACE_BOUND('',#965,.T.);
#1210=FACE_BOUND('',#966,.T.);
#1211=FACE_BOUND('',#967,.T.);
#1212=FACE_BOUND('',#968,.T.);
#1213=FACE_BOUND('',#969,.T.);
#1214=FACE_BOUND('',#970,.T.);
#1215=FACE_BOUND('',#971,.T.);
#1216=FACE_BOUND('',#972,.T.);
#1217=FACE_BOUND('',#973,.T.);
#1218=FACE_BOUND('',#974,.T.);
#1219=FACE_BOUND('',#975,.T.);
#1220=FACE_BOUND('',#976,.T.);
#1221=FACE_BOUND('',#977,.T.);
#1222=FACE_BOUND('',#978,.T.);
#1223=FACE_BOUND('',#979,.T.);
#1224=FACE_BOUND('',#980,.T.);
#1225=FACE_BOUND('',#981,.T.);
#1226=FACE_BOUND('',#982,.T.);
#1227=FACE_BOUND('',#983,.T.);
#1228=FACE_BOUND('',#984,.T.);
#1229=FACE_BOUND('',#985,.T.);
#1230=FACE_BOUND('',#986,.T.);
#1231=FACE_BOUND('',#987,.T.);
#1232=FACE_BOUND('',#988,.T.);
#1233=FACE_BOUND('',#989,.T.);
#1234=FACE_BOUND('',#990,.T.);
#1235=FACE_BOUND('',#991,.T.);
#1236=FACE_BOUND('',#992,.T.);
#1237=FACE_BOUND('',#993,.T.);
#1238=FACE_BOUND('',#994,.T.);
#1239=FACE_BOUND('',#995,.T.);
#1240=FACE_BOUND('',#996,.T.);
#1241=FACE_BOUND('',#997,.T.);
#1242=FACE_BOUND('',#998,.T.);
#1243=FACE_BOUND('',#999,.T.);
#1244=FACE_BOUND('',#1000,.T.);
#1245=FACE_BOUND('',#1001,.T.);
#1246=FACE_BOUND('',#1002,.T.);
#1247=FACE_BOUND('',#1003,.T.);
#1248=FACE_BOUND('',#1004,.T.);
#1249=FACE_BOUND('',#1005,.T.);
#1250=FACE_BOUND('',#1006,.T.);
#1251=FACE_BOUND('',#1007,.T.);
#1252=FACE_BOUND('',#1008,.T.);
#1253=FACE_BOUND('',#1009,.T.);
#1254=FACE_BOUND('',#1010,.T.);
#1255=FACE_BOUND('',#1011,.T.);
#1256=FACE_BOUND('',#1012,.T.);
#1257=FACE_BOUND('',#1013,.T.);
#1258=FACE_BOUND('',#1014,.T.);
#1259=FACE_BOUND('',#1015,.T.);
#1260=FACE_BOUND('',#1016,.T.);
#1261=FACE_BOUND('',#1017,.T.);
#1262=FACE_BOUND('',#1018,.T.);
#1263=FACE_BOUND('',#1019,.T.);
#1264=FACE_BOUND('',#1020,.T.);
#1265=FACE_BOUND('',#1021,.T.);
#1266=FACE_BOUND('',#1022,.T.);
#1267=FACE_BOUND('',#1023,.T.);
#1268=FACE_BOUND('',#1024,.T.);
#1269=FACE_BOUND('',#1025,.T.);
#1270=FACE_BOUND('',#1026,.T.);
#1271=FACE_BOUND('',#1027,.T.);
#1272=FACE_BOUND('',#1028,.T.);
#1273=FACE_BOUND('',#1029,.T.);
#1274=FACE_BOUND('',#1030,.T.);
#1275=FACE_BOUND('',#1031,.T.);
#1276=FACE_BOUND('',#1032,.T.);
#1277=FACE_BOUND('',#1033,.T.);
#1278=FACE_BOUND('',#1034,.T.);
#1279=FACE_BOUND('',#1035,.T.);
#1280=FACE_BOUND('',#1036,.T.);
#1281=FACE_BOUND('',#1037,.T.);
#1282=FACE_BOUND('',#1038,.T.);
#1283=FACE_BOUND('',#1039,.T.);
#1284=FACE_BOUND('',#1040,.T.);
#1285=FACE_BOUND('',#1041,.T.);
#1286=FACE_BOUND('',#1042,.T.);
#1287=FACE_BOUND('',#1043,.T.);
#1288=FACE_BOUND('',#1044,.T.);
#1289=FACE_BOUND('',#1045,.T.);
#1290=FACE_BOUND('',#1046,.T.);
#1291=FACE_BOUND('',#1047,.T.);
#1292=FACE_BOUND('',#1048,.T.);
#1293=FACE_BOUND('',#1049,.T.);
#1294=FACE_BOUND('',#1050,.T.);
#1295=FACE_BOUND('',#1051,.T.);
#1296=FACE_BOUND('',#1052,.T.);
#1297=FACE_BOUND('',#1053,.T.);
#1298=FACE_BOUND('',#1054,.T.);
#1299=FACE_BOUND('',#1055,.T.);
#1300=FACE_BOUND('',#1056,.T.);
#1301=FACE_BOUND('',#1057,.T.);
#1302=FACE_BOUND('',#1058,.T.);
#1303=FACE_BOUND('',#1059,.T.);
#1304=FACE_BOUND('',#1060,.T.);
#1305=FACE_BOUND('',#1061,.T.);
#1306=FACE_BOUND('',#1062,.T.);
#1307=FACE_BOUND('',#1063,.T.);
#1308=FACE_BOUND('',#1064,.T.);
#1309=FACE_BOUND('',#1065,.T.);
#1310=FACE_BOUND('',#1066,.T.);
#1311=FACE_BOUND('',#1067,.T.);
#1312=FACE_BOUND('',#1068,.T.);
#1313=FACE_BOUND('',#1069,.T.);
#1314=FACE_BOUND('',#1070,.T.);
#1315=FACE_BOUND('',#1071,.T.);
#1316=FACE_BOUND('',#1072,.T.);
#1317=FACE_BOUND('',#1073,.T.);
#1318=FACE_BOUND('',#1074,.T.);
#1319=FACE_BOUND('',#1075,.T.);
#1320=FACE_BOUND('',#1076,.T.);
#1321=FACE_BOUND('',#1077,.T.);
#1322=FACE_BOUND('',#1078,.T.);
#1323=FACE_BOUND('',#1079,.T.);
#1324=FACE_BOUND('',#1080,.T.);
#1325=FACE_BOUND('',#1081,.T.);
#1326=FACE_BOUND('',#1082,.T.);
#1327=FACE_BOUND('',#1083,.T.);
#1328=FACE_BOUND('',#1084,.T.);
#1329=FACE_BOUND('',#1085,.T.);
#1330=FACE_BOUND('',#1086,.T.);
#1331=FACE_BOUND('',#1087,.T.);
#1332=FACE_BOUND('',#1088,.T.);
#1333=FACE_BOUND('',#1089,.T.);
#1334=FACE_BOUND('',#1090,.T.);
#1335=FACE_BOUND('',#1091,.T.);
#1336=FACE_BOUND('',#1092,.T.);
#1337=FACE_BOUND('',#1093,.T.);
#1338=FACE_BOUND('',#1094,.T.);
#1339=FACE_BOUND('',#1095,.T.);
#1340=FACE_BOUND('',#1096,.T.);
#1341=FACE_BOUND('',#1097,.T.);
#1342=FACE_BOUND('',#1098,.T.);
#1343=FACE_BOUND('',#1099,.T.);
#1344=FACE_BOUND('',#1100,.T.);
#1345=FACE_BOUND('',#1101,.T.);
#1346=FACE_BOUND('',#1102,.T.);
#1347=FACE_BOUND('',#1103,.T.);
#1348=FACE_BOUND('',#1104,.T.);
#1349=FACE_BOUND('',#1105,.T.);
#1350=FACE_BOUND('',#1106,.T.);
#1351=FACE_BOUND('',#1107,.T.);
#1352=FACE_BOUND('',#1108,.T.);
#1353=FACE_BOUND('',#1109,.T.);
#1354=FACE_BOUND('',#1110,.T.);
#1355=FACE_BOUND('',#1111,.T.);
#1356=FACE_BOUND('',#1112,.T.);
#1357=FACE_BOUND('',#1113,.T.);
#1358=FACE_BOUND('',#1114,.T.);
#1359=FACE_BOUND('',#1115,.T.);
#1360=FACE_BOUND('',#1116,.T.);
#1361=FACE_BOUND('',#1117,.T.);
#1362=FACE_BOUND('',#1118,.T.);
#1363=FACE_BOUND('',#1119,.T.);
#1364=FACE_BOUND('',#1120,.T.);
#1365=FACE_BOUND('',#1121,.T.);
#1366=FACE_BOUND('',#1122,.T.);
#1367=FACE_BOUND('',#1123,.T.);
#1368=FACE_BOUND('',#1124,.T.);
#1369=FACE_BOUND('',#1125,.T.);
#1370=FACE_BOUND('',#1126,.T.);
#1371=FACE_BOUND('',#1127,.T.);
#1372=FACE_BOUND('',#1128,.T.);
#1373=FACE_BOUND('',#1129,.T.);
#1374=FACE_BOUND('',#1130,.T.);
#1375=FACE_BOUND('',#1131,.T.);
#1376=FACE_BOUND('',#1132,.T.);
#1377=FACE_BOUND('',#1133,.T.);
#1378=FACE_BOUND('',#1134,.T.);
#1379=FACE_BOUND('',#1135,.T.);
#1380=FACE_BOUND('',#1136,.T.);
#1381=FACE_BOUND('',#1137,.T.);
#1382=FACE_BOUND('',#1138,.T.);
#1383=FACE_BOUND('',#1139,.T.);
#1384=FACE_BOUND('',#1140,.T.);
#1385=FACE_BOUND('',#1141,.T.);
#1386=FACE_BOUND('',#1142,.T.);
#1387=FACE_BOUND('',#1143,.T.);
#1388=FACE_BOUND('',#1144,.T.);
#1389=FACE_BOUND('',#1145,.T.);
#1390=FACE_BOUND('',#1146,.T.);
#1391=FACE_BOUND('',#1147,.T.);
#1392=FACE_BOUND('',#1148,.T.);
#1393=FACE_BOUND('',#1149,.T.);
#1394=FACE_BOUND('',#1150,.T.);
#1395=FACE_BOUND('',#1151,.T.);
#1396=FACE_BOUND('',#1152,.T.);
#1397=FACE_BOUND('',#1153,.T.);
#1398=FACE_BOUND('',#1154,.T.);
#1399=FACE_BOUND('',#1155,.T.);
#1400=FACE_BOUND('',#1156,.T.);
#1401=FACE_BOUND('',#1157,.T.);
#1402=FACE_BOUND('',#1158,.T.);
#1403=FACE_BOUND('',#1159,.T.);
#1404=FACE_BOUND('',#1160,.T.);
#1405=FACE_BOUND('',#1161,.T.);
#1406=FACE_BOUND('',#1162,.T.);
#1407=FACE_BOUND('',#1163,.T.);
#1408=FACE_BOUND('',#1164,.T.);
#1409=FACE_BOUND('',#1165,.T.);
#1410=FACE_BOUND('',#1166,.T.);
#1411=FACE_BOUND('',#1167,.T.);
#1412=FACE_BOUND('',#1168,.T.);
#1413=FACE_BOUND('',#1169,.T.);
#1414=FACE_BOUND('',#1170,.T.);
#1415=FACE_BOUND('',#1171,.T.);
#1416=FACE_BOUND('',#1172,.T.);
#1417=FACE_BOUND('',#1173,.T.);
#1418=FACE_BOUND('',#1174,.T.);
#1419=FACE_BOUND('',#1175,.T.);
#1420=FACE_BOUND('',#1176,.T.);
#1421=FACE_BOUND('',#1177,.T.);
#1422=FACE_BOUND('',#1178,.T.);
#1423=FACE_BOUND('',#1179,.T.);
#1424=FACE_BOUND('',#1180,.T.);
#1425=FACE_BOUND('',#1181,.T.);
#1426=FACE_BOUND('',#1182,.T.);
#1427=FACE_BOUND('',#1183,.T.);
#1428=FACE_BOUND('',#1184,.T.);
#1429=FACE_BOUND('',#1185,.T.);
#1430=FACE_BOUND('',#1186,.T.);
#1431=FACE_BOUND('',#1187,.T.);
#1432=FACE_BOUND('',#1188,.T.);
#1433=FACE_BOUND('',#1189,.T.);
#1434=FACE_BOUND('',#1190,.T.);
#1435=FACE_BOUND('',#1191,.T.);
#1436=FACE_BOUND('',#1192,.T.);
#1437=FACE_BOUND('',#1193,.T.);
#1438=FACE_BOUND('',#1194,.T.);
#1439=FACE_BOUND('',#1195,.T.);
#1440=FACE_BOUND('',#1196,.T.);
#1441=FACE_BOUND('',#1197,.T.);
#1442=FACE_BOUND('',#1198,.T.);
#1443=FACE_BOUND('',#1199,.T.);
#1444=FACE_BOUND('',#1200,.T.);
#1445=PLANE('',#1559);
#1446=PLANE('',#1615);
#1447=PLANE('',#1726);
#1448=PLANE('',#1727);
#1449=PLANE('',#1728);
#1450=PLANE('',#1729);
#1451=PLANE('',#1730);
#1452=PLANE('',#1731);
#1453=PLANE('',#1732);
#1454=PLANE('',#1733);
#1455=PLANE('',#1734);
#1456=PLANE('',#1735);
#1457=PLANE('',#1736);
#1458=PLANE('',#1737);
#1459=PLANE('',#1738);
#1460=PLANE('',#1739);
#1461=PLANE('',#1740);
#1462=PLANE('',#1741);
#1463=PLANE('',#1742);
#1464=PLANE('',#1743);
#1465=PLANE('',#1744);
#1466=PLANE('',#1745);
#1467=PLANE('',#1746);
#1468=ADVANCED_FACE('',(#1201,#1202,#1203,#1204,#1205,#1206,#1207,#1208,
#1209,#1210,#1211,#1212,#1213,#1214,#1215,#1216,#1217,#1218,#1219,#1220,
#1221,#1222,#1223,#1224,#1225,#1226,#1227,#1228,#1229,#1230,#1231,#1232,
#1233,#1234,#1235,#1236,#1237,#1238,#1239,#1240,#1241,#1242,#1243,#1244,
#1245,#1246,#1247,#1248,#1249,#1250,#1251,#1252,#1253,#1254,#1255,#1256),
#1445,.T.);
#1469=ADVANCED_FACE('',(#1257),#1446,.T.);
#1470=ADVANCED_FACE('',(#1258,#1259),#12,.F.);
#1471=ADVANCED_FACE('',(#1260,#1261),#13,.F.);
#1472=ADVANCED_FACE('',(#1262,#1263),#14,.F.);
#1473=ADVANCED_FACE('',(#1264,#1265),#15,.F.);
#1474=ADVANCED_FACE('',(#1266,#1267),#16,.F.);
#1475=ADVANCED_FACE('',(#1268,#1269),#17,.F.);
#1476=ADVANCED_FACE('',(#1270,#1271),#18,.F.);
#1477=ADVANCED_FACE('',(#1272,#1273),#19,.F.);
#1478=ADVANCED_FACE('',(#1274,#1275),#20,.F.);
#1479=ADVANCED_FACE('',(#1276,#1277),#21,.F.);
#1480=ADVANCED_FACE('',(#1278,#1279),#22,.F.);
#1481=ADVANCED_FACE('',(#1280,#1281),#23,.F.);
#1482=ADVANCED_FACE('',(#1282,#1283),#24,.F.);
#1483=ADVANCED_FACE('',(#1284,#1285),#25,.F.);
#1484=ADVANCED_FACE('',(#1286,#1287),#26,.F.);
#1485=ADVANCED_FACE('',(#1288,#1289),#27,.F.);
#1486=ADVANCED_FACE('',(#1290,#1291),#28,.F.);
#1487=ADVANCED_FACE('',(#1292,#1293),#29,.F.);
#1488=ADVANCED_FACE('',(#1294,#1295),#30,.F.);
#1489=ADVANCED_FACE('',(#1296,#1297),#31,.F.);
#1490=ADVANCED_FACE('',(#1298,#1299),#32,.F.);
#1491=ADVANCED_FACE('',(#1300,#1301),#33,.F.);
#1492=ADVANCED_FACE('',(#1302,#1303),#34,.F.);
#1493=ADVANCED_FACE('',(#1304,#1305),#35,.F.);
#1494=ADVANCED_FACE('',(#1306,#1307),#36,.F.);
#1495=ADVANCED_FACE('',(#1308,#1309),#37,.F.);
#1496=ADVANCED_FACE('',(#1310,#1311),#38,.F.);
#1497=ADVANCED_FACE('',(#1312,#1313),#39,.F.);
#1498=ADVANCED_FACE('',(#1314,#1315),#40,.F.);
#1499=ADVANCED_FACE('',(#1316,#1317),#41,.F.);
#1500=ADVANCED_FACE('',(#1318,#1319),#42,.F.);
#1501=ADVANCED_FACE('',(#1320,#1321),#43,.F.);
#1502=ADVANCED_FACE('',(#1322,#1323),#44,.F.);
#1503=ADVANCED_FACE('',(#1324,#1325),#45,.F.);
#1504=ADVANCED_FACE('',(#1326,#1327),#46,.F.);
#1505=ADVANCED_FACE('',(#1328,#1329),#47,.F.);
#1506=ADVANCED_FACE('',(#1330,#1331),#48,.F.);
#1507=ADVANCED_FACE('',(#1332,#1333),#49,.F.);
#1508=ADVANCED_FACE('',(#1334,#1335),#50,.F.);
#1509=ADVANCED_FACE('',(#1336,#1337),#51,.F.);
#1510=ADVANCED_FACE('',(#1338,#1339),#52,.F.);
#1511=ADVANCED_FACE('',(#1340,#1341),#53,.F.);
#1512=ADVANCED_FACE('',(#1342,#1343),#54,.F.);
#1513=ADVANCED_FACE('',(#1344,#1345),#55,.F.);
#1514=ADVANCED_FACE('',(#1346,#1347),#56,.F.);
#1515=ADVANCED_FACE('',(#1348,#1349),#57,.F.);
#1516=ADVANCED_FACE('',(#1350,#1351),#58,.F.);
#1517=ADVANCED_FACE('',(#1352,#1353),#59,.F.);
#1518=ADVANCED_FACE('',(#1354,#1355),#60,.F.);
#1519=ADVANCED_FACE('',(#1356,#1357),#61,.F.);
#1520=ADVANCED_FACE('',(#1358,#1359),#62,.F.);
#1521=ADVANCED_FACE('',(#1360,#1361),#63,.F.);
#1522=ADVANCED_FACE('',(#1362,#1363),#64,.F.);
#1523=ADVANCED_FACE('',(#1364,#1365),#65,.F.);
#1524=ADVANCED_FACE('',(#1366,#1367),#66,.F.);
#1525=ADVANCED_FACE('',(#1368),#1447,.T.);
#1526=ADVANCED_FACE('',(#1369,#1370,#1371,#1372,#1373,#1374,#1375,#1376,
#1377,#1378,#1379,#1380,#1381,#1382,#1383,#1384,#1385,#1386,#1387,#1388,
#1389,#1390,#1391,#1392,#1393,#1394,#1395,#1396,#1397,#1398,#1399,#1400,
#1401,#1402,#1403,#1404,#1405,#1406,#1407,#1408,#1409,#1410,#1411,#1412,
#1413,#1414,#1415,#1416,#1417,#1418,#1419,#1420,#1421,#1422,#1423,#1424),
#1448,.F.);
#1527=ADVANCED_FACE('',(#1425),#1449,.T.);
#1528=ADVANCED_FACE('',(#1426),#1450,.T.);
#1529=ADVANCED_FACE('',(#1427),#1451,.T.);
#1530=ADVANCED_FACE('',(#1428),#1452,.T.);
#1531=ADVANCED_FACE('',(#1429),#1453,.T.);
#1532=ADVANCED_FACE('',(#1430),#1454,.T.);
#1533=ADVANCED_FACE('',(#1431),#1455,.T.);
#1534=ADVANCED_FACE('',(#1432),#1456,.T.);
#1535=ADVANCED_FACE('',(#1433),#1457,.T.);
#1536=ADVANCED_FACE('',(#1434),#1458,.T.);
#1537=ADVANCED_FACE('',(#1435),#1459,.T.);
#1538=ADVANCED_FACE('',(#1436),#1460,.T.);
#1539=ADVANCED_FACE('',(#1437),#1461,.T.);
#1540=ADVANCED_FACE('',(#1438),#1462,.T.);
#1541=ADVANCED_FACE('',(#1439),#1463,.T.);
#1542=ADVANCED_FACE('',(#1440),#1464,.T.);
#1543=ADVANCED_FACE('',(#1441,#1442),#1465,.T.);
#1544=ADVANCED_FACE('',(#1443),#1466,.F.);
#1545=ADVANCED_FACE('',(#1444),#1467,.F.);
#1546=CLOSED_SHELL('',(#1468,#1469,#1470,#1471,#1472,#1473,#1474,#1475,
#1476,#1477,#1478,#1479,#1480,#1481,#1482,#1483,#1484,#1485,#1486,#1487,
#1488,#1489,#1490,#1491,#1492,#1493,#1494,#1495,#1496,#1497,#1498,#1499,
#1500,#1501,#1502,#1503,#1504,#1505,#1506,#1507,#1508,#1509,#1510,#1511,
#1512,#1513,#1514,#1515,#1516,#1517,#1518,#1519,#1520,#1521,#1522,#1523,
#1524,#1525,#1526,#1527,#1528,#1529,#1530,#1531,#1532,#1533,#1534,#1535,
#1536,#1537,#1538,#1539,#1540,#1541,#1542,#1543,#1544,#1545));
#1547=STYLED_ITEM('',(#1548),#1555);
#1548=PRESENTATION_STYLE_ASSIGNMENT((#1549));
#1549=SURFACE_STYLE_USAGE(.BOTH.,#1550);
#1550=SURFACE_SIDE_STYLE('',(#1551));
#1551=SURFACE_STYLE_FILL_AREA(#1552);
#1552=FILL_AREA_STYLE('',(#1553));
#1553=FILL_AREA_STYLE_COLOUR('',#1554);
#1554=COLOUR_RGB('',0.627450980392157,0.627450980392157,0.627450980392157);
#1555=MANIFOLD_SOLID_BREP('Pipette Holder',#1546);
#1556=SHAPE_DEFINITION_REPRESENTATION(#2590,#1557);
#1557=SHAPE_REPRESENTATION('Pipette Holder',(#1558),#2585);
#1558=AXIS2_PLACEMENT_3D('',#2185,#1747,#1748);
#1559=AXIS2_PLACEMENT_3D('',#2186,#1749,#1750);
#1560=AXIS2_PLACEMENT_3D('',#2187,#1751,#1752);
#1561=AXIS2_PLACEMENT_3D('',#2189,#1753,#1754);
#1562=AXIS2_PLACEMENT_3D('',#2191,#1755,#1756);
#1563=AXIS2_PLACEMENT_3D('',#2193,#1757,#1758);
#1564=AXIS2_PLACEMENT_3D('',#2195,#1759,#1760);
#1565=AXIS2_PLACEMENT_3D('',#2197,#1761,#1762);
#1566=AXIS2_PLACEMENT_3D('',#2199,#1763,#1764);
#1567=AXIS2_PLACEMENT_3D('',#2201,#1765,#1766);
#1568=AXIS2_PLACEMENT_3D('',#2203,#1767,#1768);
#1569=AXIS2_PLACEMENT_3D('',#2205,#1769,#1770);
#1570=AXIS2_PLACEMENT_3D('',#2207,#1771,#1772);
#1571=AXIS2_PLACEMENT_3D('',#2209,#1773,#1774);
#1572=AXIS2_PLACEMENT_3D('',#2211,#1775,#1776);
#1573=AXIS2_PLACEMENT_3D('',#2213,#1777,#1778);
#1574=AXIS2_PLACEMENT_3D('',#2215,#1779,#1780);
#1575=AXIS2_PLACEMENT_3D('',#2217,#1781,#1782);
#1576=AXIS2_PLACEMENT_3D('',#2219,#1783,#1784);
#1577=AXIS2_PLACEMENT_3D('',#2221,#1785,#1786);
#1578=AXIS2_PLACEMENT_3D('',#2223,#1787,#1788);
#1579=AXIS2_PLACEMENT_3D('',#2225,#1789,#1790);
#1580=AXIS2_PLACEMENT_3D('',#2227,#1791,#1792);
#1581=AXIS2_PLACEMENT_3D('',#2229,#1793,#1794);
#1582=AXIS2_PLACEMENT_3D('',#2231,#1795,#1796);
#1583=AXIS2_PLACEMENT_3D('',#2233,#1797,#1798);
#1584=AXIS2_PLACEMENT_3D('',#2235,#1799,#1800);
#1585=AXIS2_PLACEMENT_3D('',#2237,#1801,#1802);
#1586=AXIS2_PLACEMENT_3D('',#2239,#1803,#1804);
#1587=AXIS2_PLACEMENT_3D('',#2241,#1805,#1806);
#1588=AXIS2_PLACEMENT_3D('',#2243,#1807,#1808);
#1589=AXIS2_PLACEMENT_3D('',#2245,#1809,#1810);
#1590=AXIS2_PLACEMENT_3D('',#2247,#1811,#1812);
#1591=AXIS2_PLACEMENT_3D('',#2249,#1813,#1814);
#1592=AXIS2_PLACEMENT_3D('',#2251,#1815,#1816);
#1593=AXIS2_PLACEMENT_3D('',#2253,#1817,#1818);
#1594=AXIS2_PLACEMENT_3D('',#2255,#1819,#1820);
#1595=AXIS2_PLACEMENT_3D('',#2257,#1821,#1822);
#1596=AXIS2_PLACEMENT_3D('',#2259,#1823,#1824);
#1597=AXIS2_PLACEMENT_3D('',#2261,#1825,#1826);
#1598=AXIS2_PLACEMENT_3D('',#2263,#1827,#1828);
#1599=AXIS2_PLACEMENT_3D('',#2265,#1829,#1830);
#1600=AXIS2_PLACEMENT_3D('',#2267,#1831,#1832);
#1601=AXIS2_PLACEMENT_3D('',#2269,#1833,#1834);
#1602=AXIS2_PLACEMENT_3D('',#2271,#1835,#1836);
#1603=AXIS2_PLACEMENT_3D('',#2273,#1837,#1838);
#1604=AXIS2_PLACEMENT_3D('',#2275,#1839,#1840);
#1605=AXIS2_PLACEMENT_3D('',#2277,#1841,#1842);
#1606=AXIS2_PLACEMENT_3D('',#2279,#1843,#1844);
#1607=AXIS2_PLACEMENT_3D('',#2281,#1845,#1846);
#1608=AXIS2_PLACEMENT_3D('',#2283,#1847,#1848);
#1609=AXIS2_PLACEMENT_3D('',#2285,#1849,#1850);
#1610=AXIS2_PLACEMENT_3D('',#2287,#1851,#1852);
#1611=AXIS2_PLACEMENT_3D('',#2289,#1853,#1854);
#1612=AXIS2_PLACEMENT_3D('',#2291,#1855,#1856);
#1613=AXIS2_PLACEMENT_3D('',#2293,#1857,#1858);
#1614=AXIS2_PLACEMENT_3D('',#2295,#1859,#1860);
#1615=AXIS2_PLACEMENT_3D('',#2305,#1865,#1866);
#1616=AXIS2_PLACEMENT_3D('',#2327,#1878,#1879);
#1617=AXIS2_PLACEMENT_3D('',#2328,#1880,#1881);
#1618=AXIS2_PLACEMENT_3D('',#2330,#1882,#1883);
#1619=AXIS2_PLACEMENT_3D('',#2331,#1884,#1885);
#1620=AXIS2_PLACEMENT_3D('',#2333,#1886,#1887);
#1621=AXIS2_PLACEMENT_3D('',#2334,#1888,#1889);
#1622=AXIS2_PLACEMENT_3D('',#2336,#1890,#1891);
#1623=AXIS2_PLACEMENT_3D('',#2337,#1892,#1893);
#1624=AXIS2_PLACEMENT_3D('',#2339,#1894,#1895);
#1625=AXIS2_PLACEMENT_3D('',#2340,#1896,#1897);
#1626=AXIS2_PLACEMENT_3D('',#2342,#1898,#1899);
#1627=AXIS2_PLACEMENT_3D('',#2343,#1900,#1901);
#1628=AXIS2_PLACEMENT_3D('',#2345,#1902,#1903);
#1629=AXIS2_PLACEMENT_3D('',#2346,#1904,#1905);
#1630=AXIS2_PLACEMENT_3D('',#2348,#1906,#1907);
#1631=AXIS2_PLACEMENT_3D('',#2349,#1908,#1909);
#1632=AXIS2_PLACEMENT_3D('',#2351,#1910,#1911);
#1633=AXIS2_PLACEMENT_3D('',#2352,#1912,#1913);
#1634=AXIS2_PLACEMENT_3D('',#2354,#1914,#1915);
#1635=AXIS2_PLACEMENT_3D('',#2355,#1916,#1917);
#1636=AXIS2_PLACEMENT_3D('',#2357,#1918,#1919);
#1637=AXIS2_PLACEMENT_3D('',#2358,#1920,#1921);
#1638=AXIS2_PLACEMENT_3D('',#2360,#1922,#1923);
#1639=AXIS2_PLACEMENT_3D('',#2361,#1924,#1925);
#1640=AXIS2_PLACEMENT_3D('',#2363,#1926,#1927);
#1641=AXIS2_PLACEMENT_3D('',#2364,#1928,#1929);
#1642=AXIS2_PLACEMENT_3D('',#2366,#1930,#1931);
#1643=AXIS2_PLACEMENT_3D('',#2367,#1932,#1933);
#1644=AXIS2_PLACEMENT_3D('',#2369,#1934,#1935);
#1645=AXIS2_PLACEMENT_3D('',#2370,#1936,#1937);
#1646=AXIS2_PLACEMENT_3D('',#2372,#1938,#1939);
#1647=AXIS2_PLACEMENT_3D('',#2373,#1940,#1941);
#1648=AXIS2_PLACEMENT_3D('',#2375,#1942,#1943);
#1649=AXIS2_PLACEMENT_3D('',#2376,#1944,#1945);
#1650=AXIS2_PLACEMENT_3D('',#2378,#1946,#1947);
#1651=AXIS2_PLACEMENT_3D('',#2379,#1948,#1949);
#1652=AXIS2_PLACEMENT_3D('',#2381,#1950,#1951);
#1653=AXIS2_PLACEMENT_3D('',#2382,#1952,#1953);
#1654=AXIS2_PLACEMENT_3D('',#2384,#1954,#1955);
#1655=AXIS2_PLACEMENT_3D('',#2385,#1956,#1957);
#1656=AXIS2_PLACEMENT_3D('',#2387,#1958,#1959);
#1657=AXIS2_PLACEMENT_3D('',#2388,#1960,#1961);
#1658=AXIS2_PLACEMENT_3D('',#2390,#1962,#1963);
#1659=AXIS2_PLACEMENT_3D('',#2391,#1964,#1965);
#1660=AXIS2_PLACEMENT_3D('',#2393,#1966,#1967);
#1661=AXIS2_PLACEMENT_3D('',#2394,#1968,#1969);
#1662=AXIS2_PLACEMENT_3D('',#2396,#1970,#1971);
#1663=AXIS2_PLACEMENT_3D('',#2397,#1972,#1973);
#1664=AXIS2_PLACEMENT_3D('',#2399,#1974,#1975);
#1665=AXIS2_PLACEMENT_3D('',#2400,#1976,#1977);
#1666=AXIS2_PLACEMENT_3D('',#2402,#1978,#1979);
#1667=AXIS2_PLACEMENT_3D('',#2403,#1980,#1981);
#1668=AXIS2_PLACEMENT_3D('',#2405,#1982,#1983);
#1669=AXIS2_PLACEMENT_3D('',#2406,#1984,#1985);
#1670=AXIS2_PLACEMENT_3D('',#2408,#1986,#1987);
#1671=AXIS2_PLACEMENT_3D('',#2409,#1988,#1989);
#1672=AXIS2_PLACEMENT_3D('',#2411,#1990,#1991);
#1673=AXIS2_PLACEMENT_3D('',#2412,#1992,#1993);
#1674=AXIS2_PLACEMENT_3D('',#2414,#1994,#1995);
#1675=AXIS2_PLACEMENT_3D('',#2415,#1996,#1997);
#1676=AXIS2_PLACEMENT_3D('',#2417,#1998,#1999);
#1677=AXIS2_PLACEMENT_3D('',#2418,#2000,#2001);
#1678=AXIS2_PLACEMENT_3D('',#2420,#2002,#2003);
#1679=AXIS2_PLACEMENT_3D('',#2421,#2004,#2005);
#1680=AXIS2_PLACEMENT_3D('',#2423,#2006,#2007);
#1681=AXIS2_PLACEMENT_3D('',#2424,#2008,#2009);
#1682=AXIS2_PLACEMENT_3D('',#2426,#2010,#2011);
#1683=AXIS2_PLACEMENT_3D('',#2427,#2012,#2013);
#1684=AXIS2_PLACEMENT_3D('',#2429,#2014,#2015);
#1685=AXIS2_PLACEMENT_3D('',#2430,#2016,#2017);
#1686=AXIS2_PLACEMENT_3D('',#2432,#2018,#2019);
#1687=AXIS2_PLACEMENT_3D('',#2433,#2020,#2021);
#1688=AXIS2_PLACEMENT_3D('',#2435,#2022,#2023);
#1689=AXIS2_PLACEMENT_3D('',#2436,#2024,#2025);
#1690=AXIS2_PLACEMENT_3D('',#2438,#2026,#2027);
#1691=AXIS2_PLACEMENT_3D('',#2439,#2028,#2029);
#1692=AXIS2_PLACEMENT_3D('',#2441,#2030,#2031);
#1693=AXIS2_PLACEMENT_3D('',#2442,#2032,#2033);
#1694=AXIS2_PLACEMENT_3D('',#2444,#2034,#2035);
#1695=AXIS2_PLACEMENT_3D('',#2445,#2036,#2037);
#1696=AXIS2_PLACEMENT_3D('',#2447,#2038,#2039);
#1697=AXIS2_PLACEMENT_3D('',#2448,#2040,#2041);
#1698=AXIS2_PLACEMENT_3D('',#2450,#2042,#2043);
#1699=AXIS2_PLACEMENT_3D('',#2451,#2044,#2045);
#1700=AXIS2_PLACEMENT_3D('',#2453,#2046,#2047);
#1701=AXIS2_PLACEMENT_3D('',#2454,#2048,#2049);
#1702=AXIS2_PLACEMENT_3D('',#2456,#2050,#2051);
#1703=AXIS2_PLACEMENT_3D('',#2457,#2052,#2053);
#1704=AXIS2_PLACEMENT_3D('',#2459,#2054,#2055);
#1705=AXIS2_PLACEMENT_3D('',#2460,#2056,#2057);
#1706=AXIS2_PLACEMENT_3D('',#2462,#2058,#2059);
#1707=AXIS2_PLACEMENT_3D('',#2463,#2060,#2061);
#1708=AXIS2_PLACEMENT_3D('',#2465,#2062,#2063);
#1709=AXIS2_PLACEMENT_3D('',#2466,#2064,#2065);
#1710=AXIS2_PLACEMENT_3D('',#2468,#2066,#2067);
#1711=AXIS2_PLACEMENT_3D('',#2469,#2068,#2069);
#1712=AXIS2_PLACEMENT_3D('',#2471,#2070,#2071);
#1713=AXIS2_PLACEMENT_3D('',#2472,#2072,#2073);
#1714=AXIS2_PLACEMENT_3D('',#2474,#2074,#2075);
#1715=AXIS2_PLACEMENT_3D('',#2475,#2076,#2077);
#1716=AXIS2_PLACEMENT_3D('',#2477,#2078,#2079);
#1717=AXIS2_PLACEMENT_3D('',#2478,#2080,#2081);
#1718=AXIS2_PLACEMENT_3D('',#2480,#2082,#2083);
#1719=AXIS2_PLACEMENT_3D('',#2481,#2084,#2085);
#1720=AXIS2_PLACEMENT_3D('',#2483,#2086,#2087);
#1721=AXIS2_PLACEMENT_3D('',#2484,#2088,#2089);
#1722=AXIS2_PLACEMENT_3D('',#2486,#2090,#2091);
#1723=AXIS2_PLACEMENT_3D('',#2487,#2092,#2093);
#1724=AXIS2_PLACEMENT_3D('',#2489,#2094,#2095);
#1725=AXIS2_PLACEMENT_3D('',#2490,#2096,#2097);
#1726=AXIS2_PLACEMENT_3D('',#2492,#2098,#2099);
#1727=AXIS2_PLACEMENT_3D('',#2514,#2111,#2112);
#1728=AXIS2_PLACEMENT_3D('',#2523,#2117,#2118);
#1729=AXIS2_PLACEMENT_3D('',#2529,#2122,#2123);
#1730=AXIS2_PLACEMENT_3D('',#2533,#2126,#2127);
#1731=AXIS2_PLACEMENT_3D('',#2536,#2130,#2131);
#1732=AXIS2_PLACEMENT_3D('',#2538,#2133,#2134);
#1733=AXIS2_PLACEMENT_3D('',#2547,#2139,#2140);
#1734=AXIS2_PLACEMENT_3D('',#2550,#2143,#2144);
#1735=AXIS2_PLACEMENT_3D('',#2552,#2146,#2147);
#1736=AXIS2_PLACEMENT_3D('',#2554,#2149,#2150);
#1737=AXIS2_PLACEMENT_3D('',#2557,#2153,#2154);
#1738=AXIS2_PLACEMENT_3D('',#2566,#2159,#2160);
#1739=AXIS2_PLACEMENT_3D('',#2569,#2163,#2164);
#1740=AXIS2_PLACEMENT_3D('',#2571,#2166,#2167);
#1741=AXIS2_PLACEMENT_3D('',#2573,#2169,#2170);
#1742=AXIS2_PLACEMENT_3D('',#2574,#2171,#2172);
#1743=AXIS2_PLACEMENT_3D('',#2576,#2174,#2175);
#1744=AXIS2_PLACEMENT_3D('',#2577,#2176,#2177);
#1745=AXIS2_PLACEMENT_3D('',#2581,#2180,#2181);
#1746=AXIS2_PLACEMENT_3D('',#2583,#2183,#2184);
#1747=DIRECTION('',(0.,0.,1.));
#1748=DIRECTION('',(1.,0.,0.));
#1749=DIRECTION('',(0.,0.,1.));
#1750=DIRECTION('',(1.,0.,0.));
#1751=DIRECTION('',(0.,0.,-1.));
#1752=DIRECTION('',(1.,0.,0.));
#1753=DIRECTION('',(0.,0.,-1.));
#1754=DIRECTION('',(1.,0.,0.));
#1755=DIRECTION('',(0.,0.,-1.));
#1756=DIRECTION('',(1.,0.,0.));
#1757=DIRECTION('',(0.,0.,-1.));
#1758=DIRECTION('',(1.,0.,0.));
#1759=DIRECTION('',(0.,0.,-1.));
#1760=DIRECTION('',(1.,0.,0.));
#1761=DIRECTION('',(0.,0.,-1.));
#1762=DIRECTION('',(1.,0.,0.));
#1763=DIRECTION('',(0.,0.,-1.));
#1764=DIRECTION('',(1.,0.,0.));
#1765=DIRECTION('',(0.,0.,-1.));
#1766=DIRECTION('',(1.,0.,0.));
#1767=DIRECTION('',(0.,0.,-1.));
#1768=DIRECTION('',(1.,0.,0.));
#1769=DIRECTION('',(0.,0.,-1.));
#1770=DIRECTION('',(1.,0.,0.));
#1771=DIRECTION('',(0.,0.,-1.));
#1772=DIRECTION('',(1.,0.,0.));
#1773=DIRECTION('',(0.,0.,-1.));
#1774=DIRECTION('',(1.,0.,0.));
#1775=DIRECTION('',(0.,0.,-1.));
#1776=DIRECTION('',(1.,0.,0.));
#1777=DIRECTION('',(0.,0.,-1.));
#1778=DIRECTION('',(1.,0.,0.));
#1779=DIRECTION('',(0.,0.,-1.));
#1780=DIRECTION('',(1.,0.,0.));
#1781=DIRECTION('',(0.,0.,-1.));
#1782=DIRECTION('',(1.,0.,0.));
#1783=DIRECTION('',(0.,0.,-1.));
#1784=DIRECTION('',(1.,0.,0.));
#1785=DIRECTION('',(0.,0.,-1.));
#1786=DIRECTION('',(1.,0.,0.));
#1787=DIRECTION('',(0.,0.,-1.));
#1788=DIRECTION('',(1.,0.,0.));
#1789=DIRECTION('',(0.,0.,-1.));
#1790=DIRECTION('',(1.,0.,0.));
#1791=DIRECTION('',(0.,0.,-1.));
#1792=DIRECTION('',(1.,0.,0.));
#1793=DIRECTION('',(0.,0.,-1.));
#1794=DIRECTION('',(1.,0.,0.));
#1795=DIRECTION('',(0.,0.,-1.));
#1796=DIRECTION('',(1.,0.,0.));
#1797=DIRECTION('',(0.,0.,-1.));
#1798=DIRECTION('',(1.,0.,0.));
#1799=DIRECTION('',(0.,0.,-1.));
#1800=DIRECTION('',(1.,0.,0.));
#1801=DIRECTION('',(0.,0.,-1.));
#1802=DIRECTION('',(1.,0.,0.));
#1803=DIRECTION('',(0.,0.,-1.));
#1804=DIRECTION('',(1.,0.,0.));
#1805=DIRECTION('',(0.,0.,-1.));
#1806=DIRECTION('',(1.,0.,0.));
#1807=DIRECTION('',(0.,0.,-1.));
#1808=DIRECTION('',(1.,0.,0.));
#1809=DIRECTION('',(0.,0.,-1.));
#1810=DIRECTION('',(1.,0.,0.));
#1811=DIRECTION('',(0.,0.,-1.));
#1812=DIRECTION('',(1.,0.,0.));
#1813=DIRECTION('',(0.,0.,-1.));
#1814=DIRECTION('',(1.,0.,0.));
#1815=DIRECTION('',(0.,0.,-1.));
#1816=DIRECTION('',(1.,0.,0.));
#1817=DIRECTION('',(0.,0.,-1.));
#1818=DIRECTION('',(1.,0.,0.));
#1819=DIRECTION('',(0.,0.,-1.));
#1820=DIRECTION('',(1.,0.,0.));
#1821=DIRECTION('',(0.,0.,-1.));
#1822=DIRECTION('',(1.,0.,0.));
#1823=DIRECTION('',(0.,0.,-1.));
#1824=DIRECTION('',(1.,0.,0.));
#1825=DIRECTION('',(0.,0.,-1.));
#1826=DIRECTION('',(1.,0.,0.));
#1827=DIRECTION('',(0.,0.,-1.));
#1828=DIRECTION('',(1.,0.,0.));
#1829=DIRECTION('',(0.,0.,-1.));
#1830=DIRECTION('',(1.,0.,0.));
#1831=DIRECTION('',(0.,0.,-1.));
#1832=DIRECTION('',(1.,0.,0.));
#1833=DIRECTION('',(0.,0.,-1.));
#1834=DIRECTION('',(1.,0.,0.));
#1835=DIRECTION('',(0.,0.,-1.));
#1836=DIRECTION('',(1.,0.,0.));
#1837=DIRECTION('',(0.,0.,-1.));
#1838=DIRECTION('',(1.,0.,0.));
#1839=DIRECTION('',(0.,0.,-1.));
#1840=DIRECTION('',(1.,0.,0.));
#1841=DIRECTION('',(0.,0.,-1.));
#1842=DIRECTION('',(1.,0.,0.));
#1843=DIRECTION('',(0.,0.,-1.));
#1844=DIRECTION('',(1.,0.,0.));
#1845=DIRECTION('',(0.,0.,-1.));
#1846=DIRECTION('',(1.,0.,0.));
#1847=DIRECTION('',(0.,0.,-1.));
#1848=DIRECTION('',(1.,0.,0.));
#1849=DIRECTION('',(0.,0.,-1.));
#1850=DIRECTION('',(1.,0.,0.));
#1851=DIRECTION('',(0.,0.,-1.));
#1852=DIRECTION('',(1.,0.,0.));
#1853=DIRECTION('',(0.,0.,-1.));
#1854=DIRECTION('',(1.,0.,0.));
#1855=DIRECTION('',(0.,0.,-1.));
#1856=DIRECTION('',(1.,0.,0.));
#1857=DIRECTION('',(0.,0.,-1.));
#1858=DIRECTION('',(1.,0.,0.));
#1859=DIRECTION('',(0.,0.,-1.));
#1860=DIRECTION('',(1.,0.,0.));
#1861=DIRECTION('',(0.,1.,0.));
#1862=DIRECTION('',(1.,0.,0.));
#1863=DIRECTION('',(6.71505861668441E-17,-1.,0.));
#1864=DIRECTION('',(-1.,0.,0.));
#1865=DIRECTION('',(0.,-1.,0.));
#1866=DIRECTION('',(1.,0.,0.));
#1867=DIRECTION('',(0.,0.,-1.));
#1868=DIRECTION('',(-0.707106781186546,0.,-0.707106781186549));
#1869=DIRECTION('',(-2.95865929238353E-15,0.,-1.));
#1870=DIRECTION('',(0.707106781186547,0.,-0.707106781186548));
#1871=DIRECTION('',(0.,0.,-1.));
#1872=DIRECTION('',(0.,0.,1.));
#1873=DIRECTION('',(0.707106781186531,0.,0.707106781186564));
#1874=DIRECTION('',(0.,0.,1.));
#1875=DIRECTION('',(-0.707106781186543,0.,0.707106781186552));
#1876=DIRECTION('',(0.,0.,1.));
#1877=DIRECTION('',(-1.,0.,0.));
#1878=DIRECTION('',(0.,0.,1.));
#1879=DIRECTION('',(1.,0.,0.));
#1880=DIRECTION('',(0.,0.,-1.));
#1881=DIRECTION('',(1.,0.,0.));
#1882=DIRECTION('',(0.,0.,1.));
#1883=DIRECTION('',(1.,0.,0.));
#1884=DIRECTION('',(0.,0.,-1.));
#1885=DIRECTION('',(1.,0.,0.));
#1886=DIRECTION('',(0.,0.,1.));
#1887=DIRECTION('',(1.,0.,0.));
#1888=DIRECTION('',(0.,0.,-1.));
#1889=DIRECTION('',(1.,0.,0.));
#1890=DIRECTION('',(0.,0.,1.));
#1891=DIRECTION('',(1.,0.,0.));
#1892=DIRECTION('',(0.,0.,-1.));
#1893=DIRECTION('',(1.,0.,0.));
#1894=DIRECTION('',(0.,0.,1.));
#1895=DIRECTION('',(1.,0.,0.));
#1896=DIRECTION('',(0.,0.,-1.));
#1897=DIRECTION('',(1.,0.,0.));
#1898=DIRECTION('',(0.,0.,1.));
#1899=DIRECTION('',(1.,0.,0.));
#1900=DIRECTION('',(0.,0.,-1.));
#1901=DIRECTION('',(1.,0.,0.));
#1902=DIRECTION('',(0.,0.,1.));
#1903=DIRECTION('',(1.,0.,0.));
#1904=DIRECTION('',(0.,0.,-1.));
#1905=DIRECTION('',(1.,0.,0.));
#1906=DIRECTION('',(0.,0.,1.));
#1907=DIRECTION('',(1.,0.,0.));
#1908=DIRECTION('',(0.,0.,-1.));
#1909=DIRECTION('',(1.,0.,0.));
#1910=DIRECTION('',(0.,0.,1.));
#1911=DIRECTION('',(1.,0.,0.));
#1912=DIRECTION('',(0.,0.,-1.));
#1913=DIRECTION('',(1.,0.,0.));
#1914=DIRECTION('',(0.,0.,1.));
#1915=DIRECTION('',(1.,0.,0.));
#1916=DIRECTION('',(0.,0.,-1.));
#1917=DIRECTION('',(1.,0.,0.));
#1918=DIRECTION('',(0.,0.,1.));
#1919=DIRECTION('',(1.,0.,0.));
#1920=DIRECTION('',(0.,0.,-1.));
#1921=DIRECTION('',(1.,0.,0.));
#1922=DIRECTION('',(0.,0.,1.));
#1923=DIRECTION('',(1.,0.,0.));
#1924=DIRECTION('',(0.,0.,-1.));
#1925=DIRECTION('',(1.,0.,0.));
#1926=DIRECTION('',(0.,0.,1.));
#1927=DIRECTION('',(1.,0.,0.));
#1928=DIRECTION('',(0.,0.,-1.));
#1929=DIRECTION('',(1.,0.,0.));
#1930=DIRECTION('',(0.,0.,1.));
#1931=DIRECTION('',(1.,0.,0.));
#1932=DIRECTION('',(0.,0.,-1.));
#1933=DIRECTION('',(1.,0.,0.));
#1934=DIRECTION('',(0.,0.,1.));
#1935=DIRECTION('',(1.,0.,0.));
#1936=DIRECTION('',(0.,0.,-1.));
#1937=DIRECTION('',(1.,0.,0.));
#1938=DIRECTION('',(0.,0.,1.));
#1939=DIRECTION('',(1.,0.,0.));
#1940=DIRECTION('',(0.,0.,-1.));
#1941=DIRECTION('',(1.,0.,0.));
#1942=DIRECTION('',(0.,0.,1.));
#1943=DIRECTION('',(1.,0.,0.));
#1944=DIRECTION('',(0.,0.,-1.));
#1945=DIRECTION('',(1.,0.,0.));
#1946=DIRECTION('',(0.,0.,1.));
#1947=DIRECTION('',(1.,0.,0.));
#1948=DIRECTION('',(0.,0.,-1.));
#1949=DIRECTION('',(1.,0.,0.));
#1950=DIRECTION('',(0.,0.,1.));
#1951=DIRECTION('',(1.,0.,0.));
#1952=DIRECTION('',(0.,0.,-1.));
#1953=DIRECTION('',(1.,0.,0.));
#1954=DIRECTION('',(0.,0.,1.));
#1955=DIRECTION('',(1.,0.,0.));
#1956=DIRECTION('',(0.,0.,-1.));
#1957=DIRECTION('',(1.,0.,0.));
#1958=DIRECTION('',(0.,0.,1.));
#1959=DIRECTION('',(1.,0.,0.));
#1960=DIRECTION('',(0.,0.,-1.));
#1961=DIRECTION('',(1.,0.,0.));
#1962=DIRECTION('',(0.,0.,1.));
#1963=DIRECTION('',(1.,0.,0.));
#1964=DIRECTION('',(0.,0.,-1.));
#1965=DIRECTION('',(1.,0.,0.));
#1966=DIRECTION('',(0.,0.,1.));
#1967=DIRECTION('',(1.,0.,0.));
#1968=DIRECTION('',(0.,0.,-1.));
#1969=DIRECTION('',(1.,0.,0.));
#1970=DIRECTION('',(0.,0.,1.));
#1971=DIRECTION('',(1.,0.,0.));
#1972=DIRECTION('',(0.,0.,-1.));
#1973=DIRECTION('',(1.,0.,0.));
#1974=DIRECTION('',(0.,0.,1.));
#1975=DIRECTION('',(1.,0.,0.));
#1976=DIRECTION('',(0.,0.,-1.));
#1977=DIRECTION('',(1.,0.,0.));
#1978=DIRECTION('',(0.,0.,1.));
#1979=DIRECTION('',(1.,0.,0.));
#1980=DIRECTION('',(0.,0.,-1.));
#1981=DIRECTION('',(1.,0.,0.));
#1982=DIRECTION('',(0.,0.,1.));
#1983=DIRECTION('',(1.,0.,0.));
#1984=DIRECTION('',(0.,0.,-1.));
#1985=DIRECTION('',(1.,0.,0.));
#1986=DIRECTION('',(0.,0.,1.));
#1987=DIRECTION('',(1.,0.,0.));
#1988=DIRECTION('',(0.,0.,-1.));
#1989=DIRECTION('',(1.,0.,0.));
#1990=DIRECTION('',(0.,0.,1.));
#1991=DIRECTION('',(1.,0.,0.));
#1992=DIRECTION('',(0.,0.,-1.));
#1993=DIRECTION('',(1.,0.,0.));
#1994=DIRECTION('',(0.,0.,1.));
#1995=DIRECTION('',(1.,0.,0.));
#1996=DIRECTION('',(0.,0.,-1.));
#1997=DIRECTION('',(1.,0.,0.));
#1998=DIRECTION('',(0.,0.,1.));
#1999=DIRECTION('',(1.,0.,0.));
#2000=DIRECTION('',(0.,0.,-1.));
#2001=DIRECTION('',(1.,0.,0.));
#2002=DIRECTION('',(0.,0.,1.));
#2003=DIRECTION('',(1.,0.,0.));
#2004=DIRECTION('',(0.,0.,-1.));
#2005=DIRECTION('',(1.,0.,0.));
#2006=DIRECTION('',(0.,0.,1.));
#2007=DIRECTION('',(1.,0.,0.));
#2008=DIRECTION('',(0.,0.,-1.));
#2009=DIRECTION('',(1.,0.,0.));
#2010=DIRECTION('',(0.,0.,1.));
#2011=DIRECTION('',(1.,0.,0.));
#2012=DIRECTION('',(0.,0.,-1.));
#2013=DIRECTION('',(1.,0.,0.));
#2014=DIRECTION('',(0.,0.,1.));
#2015=DIRECTION('',(1.,0.,0.));
#2016=DIRECTION('',(0.,0.,-1.));
#2017=DIRECTION('',(1.,0.,0.));
#2018=DIRECTION('',(0.,0.,1.));
#2019=DIRECTION('',(1.,0.,0.));
#2020=DIRECTION('',(0.,0.,-1.));
#2021=DIRECTION('',(1.,0.,0.));
#2022=DIRECTION('',(0.,0.,1.));
#2023=DIRECTION('',(1.,0.,0.));
#2024=DIRECTION('',(0.,0.,-1.));
#2025=DIRECTION('',(1.,0.,0.));
#2026=DIRECTION('',(0.,0.,1.));
#2027=DIRECTION('',(1.,0.,0.));
#2028=DIRECTION('',(0.,0.,-1.));
#2029=DIRECTION('',(1.,0.,0.));
#2030=DIRECTION('',(0.,0.,1.));
#2031=DIRECTION('',(1.,0.,0.));
#2032=DIRECTION('',(0.,0.,-1.));
#2033=DIRECTION('',(1.,0.,0.));
#2034=DIRECTION('',(0.,0.,1.));
#2035=DIRECTION('',(1.,0.,0.));
#2036=DIRECTION('',(0.,0.,-1.));
#2037=DIRECTION('',(1.,0.,0.));
#2038=DIRECTION('',(0.,0.,1.));
#2039=DIRECTION('',(1.,0.,0.));
#2040=DIRECTION('',(0.,0.,-1.));
#2041=DIRECTION('',(1.,0.,0.));
#2042=DIRECTION('',(0.,0.,1.));
#2043=DIRECTION('',(1.,0.,0.));
#2044=DIRECTION('',(0.,0.,-1.));
#2045=DIRECTION('',(1.,0.,0.));
#2046=DIRECTION('',(0.,0.,1.));
#2047=DIRECTION('',(1.,0.,0.));
#2048=DIRECTION('',(0.,0.,-1.));
#2049=DIRECTION('',(1.,0.,0.));
#2050=DIRECTION('',(0.,0.,1.));
#2051=DIRECTION('',(1.,0.,0.));
#2052=DIRECTION('',(0.,0.,-1.));
#2053=DIRECTION('',(1.,0.,0.));
#2054=DIRECTION('',(0.,0.,1.));
#2055=DIRECTION('',(1.,0.,0.));
#2056=DIRECTION('',(0.,0.,-1.));
#2057=DIRECTION('',(1.,0.,0.));
#2058=DIRECTION('',(0.,0.,1.));
#2059=DIRECTION('',(1.,0.,0.));
#2060=DIRECTION('',(0.,0.,-1.));
#2061=DIRECTION('',(1.,0.,0.));
#2062=DIRECTION('',(0.,0.,1.));
#2063=DIRECTION('',(1.,0.,0.));
#2064=DIRECTION('',(0.,0.,-1.));
#2065=DIRECTION('',(1.,0.,0.));
#2066=DIRECTION('',(0.,0.,1.));
#2067=DIRECTION('',(1.,0.,0.));
#2068=DIRECTION('',(0.,0.,-1.));
#2069=DIRECTION('',(1.,0.,0.));
#2070=DIRECTION('',(0.,0.,1.));
#2071=DIRECTION('',(1.,0.,0.));
#2072=DIRECTION('',(0.,0.,-1.));
#2073=DIRECTION('',(1.,0.,0.));
#2074=DIRECTION('',(0.,0.,1.));
#2075=DIRECTION('',(1.,0.,0.));
#2076=DIRECTION('',(0.,0.,-1.));
#2077=DIRECTION('',(1.,0.,0.));
#2078=DIRECTION('',(0.,0.,1.));
#2079=DIRECTION('',(1.,0.,0.));
#2080=DIRECTION('',(0.,0.,-1.));
#2081=DIRECTION('',(1.,0.,0.));
#2082=DIRECTION('',(0.,0.,1.));
#2083=DIRECTION('',(1.,0.,0.));
#2084=DIRECTION('',(0.,0.,-1.));
#2085=DIRECTION('',(1.,0.,0.));
#2086=DIRECTION('',(0.,0.,1.));
#2087=DIRECTION('',(1.,0.,0.));
#2088=DIRECTION('',(0.,0.,-1.));
#2089=DIRECTION('',(1.,0.,0.));
#2090=DIRECTION('',(0.,0.,1.));
#2091=DIRECTION('',(1.,0.,0.));
#2092=DIRECTION('',(0.,0.,-1.));
#2093=DIRECTION('',(1.,0.,0.));
#2094=DIRECTION('',(0.,0.,1.));
#2095=DIRECTION('',(1.,0.,0.));
#2096=DIRECTION('',(0.,0.,-1.));
#2097=DIRECTION('',(1.,0.,0.));
#2098=DIRECTION('',(0.,1.,0.));
#2099=DIRECTION('',(-1.,0.,0.));
#2100=DIRECTION('',(0.,0.,-1.));
#2101=DIRECTION('',(0.707106781186543,0.,-0.707106781186552));
#2102=DIRECTION('',(0.,0.,1.));
#2103=DIRECTION('',(-0.707106781186531,0.,-0.707106781186564));
#2104=DIRECTION('',(0.,0.,-1.));
#2105=DIRECTION('',(0.,0.,1.));
#2106=DIRECTION('',(-0.707106781186547,0.,0.707106781186548));
#2107=DIRECTION('',(0.,0.,1.));
#2108=DIRECTION('',(0.707106781186546,0.,0.707106781186549));
#2109=DIRECTION('',(0.,0.,1.));
#2110=DIRECTION('',(1.,0.,0.));
#2111=DIRECTION('',(0.,0.,1.));
#2112=DIRECTION('',(1.,0.,0.));
#2113=DIRECTION('',(8.73148178000287E-17,-1.,0.));
#2114=DIRECTION('',(-1.,0.,0.));
#2115=DIRECTION('',(4.24965751052691E-16,1.,0.));
#2116=DIRECTION('',(1.,1.93517638524962E-16,0.));
#2117=DIRECTION('',(-1.,-8.73148178000287E-17,0.));
#2118=DIRECTION('',(-8.73148178000287E-17,1.,0.));
#2119=DIRECTION('',(0.,0.,-1.));
#2120=DIRECTION('',(0.,1.,0.));
#2121=DIRECTION('',(0.,0.,1.));
#2122=DIRECTION('',(0.,-1.,0.));
#2123=DIRECTION('',(-1.,0.,0.));
#2124=DIRECTION('',(0.,0.,-1.));
#2125=DIRECTION('',(-1.,-1.93517638524962E-16,0.));
#2126=DIRECTION('',(1.,6.71505861668441E-17,0.));
#2127=DIRECTION('',(-6.71505861668441E-17,1.,0.));
#2128=DIRECTION('',(-6.71505861668441E-17,1.,0.));
#2129=DIRECTION('',(-6.71505861668441E-17,1.,-6.71505861668444E-17));
#2130=DIRECTION('',(1.,6.71505861668441E-17,0.));
#2131=DIRECTION('',(-6.71505861668441E-17,1.,0.));
#2132=DIRECTION('',(-6.71505861668441E-17,1.,6.71505861668442E-17));
#2133=DIRECTION('',(0.,1.,0.));
#2134=DIRECTION('',(0.,0.,1.));
#2135=DIRECTION('',(2.95865929238353E-15,0.,1.));
#2136=DIRECTION('',(0.707106781186546,0.,0.707106781186549));
#2137=DIRECTION('',(0.,0.,1.));
#2138=DIRECTION('',(-0.707106781186547,0.,0.707106781186548));
#2139=DIRECTION('',(0.707106781186548,0.,-0.707106781186548));
#2140=DIRECTION('',(-0.707106781186548,0.,-0.707106781186548));
#2141=DIRECTION('',(0.,1.,0.));
#2142=DIRECTION('',(0.,-1.,0.));
#2143=DIRECTION('',(-1.,0.,0.));
#2144=DIRECTION('',(0.,0.,1.));
#2145=DIRECTION('',(0.,-1.,0.));
#2146=DIRECTION('',(-1.,0.,0.));
#2147=DIRECTION('',(0.,-1.,0.));
#2148=DIRECTION('',(0.,-1.,0.));
#2149=DIRECTION('',(-1.,0.,0.));
#2150=DIRECTION('',(0.,-1.,0.));
#2151=DIRECTION('',(0.,-1.,0.));
#2152=DIRECTION('',(0.,-1.,0.));
#2153=DIRECTION('',(0.,1.,0.));
#2154=DIRECTION('',(0.,0.,1.));
#2155=DIRECTION('',(0.,0.,-1.));
#2156=DIRECTION('',(-0.707106781186531,0.,-0.707106781186564));
#2157=DIRECTION('',(0.,0.,-1.));
#2158=DIRECTION('',(0.707106781186543,0.,-0.707106781186552));
#2159=DIRECTION('',(-0.707106781186548,0.,0.707106781186548));
#2160=DIRECTION('',(0.707106781186548,0.,0.707106781186548));
#2161=DIRECTION('',(0.,1.,0.));
#2162=DIRECTION('',(0.,1.,0.));
#2163=DIRECTION('',(1.,0.,0.));
#2164=DIRECTION('',(0.,0.,-1.));
#2165=DIRECTION('',(0.,-1.,0.));
#2166=DIRECTION('',(-1.,0.,0.));
#2167=DIRECTION('',(0.,0.,1.));
#2168=DIRECTION('',(0.,1.,0.));
#2169=DIRECTION('',(-0.707106781186548,0.,-0.707106781186548));
#2170=DIRECTION('',(-0.707106781186548,0.,0.707106781186548));
#2171=DIRECTION('',(1.,0.,0.));
#2172=DIRECTION('',(0.,0.,-1.));
#2173=DIRECTION('',(0.,-1.,0.));
#2174=DIRECTION('',(0.707106781186548,0.,0.707106781186548));
#2175=DIRECTION('',(0.707106781186548,0.,-0.707106781186548));
#2176=DIRECTION('',(0.,0.,-1.));
#2177=DIRECTION('',(-1.,0.,0.));
#2178=DIRECTION('',(0.,-1.,0.));
#2179=DIRECTION('',(1.,0.,0.));
#2180=DIRECTION('',(-1.,0.,0.));
#2181=DIRECTION('',(0.,0.,1.));
#2182=DIRECTION('',(0.,0.,-1.));
#2183=DIRECTION('',(0.,-1.,0.));
#2184=DIRECTION('',(0.,0.,-1.));
#2185=CARTESIAN_POINT('',(0.,0.,0.));
#2186=CARTESIAN_POINT('',(-0.0418999999999991,-0.0723228030251515,0.0665));
#2187=CARTESIAN_POINT('',(-0.086801713306413,-0.0722640565201461,0.0665));
#2188=CARTESIAN_POINT('',(-0.084176713306413,-0.0722640565201461,0.0665));
#2189=CARTESIAN_POINT('',(-0.086801713306413,-0.0902640565201461,0.0665));
#2190=CARTESIAN_POINT('',(-0.084176713306413,-0.0902640565201461,0.0665));
#2191=CARTESIAN_POINT('',(-0.023801713306413,-0.0542640565201461,0.0665));
#2192=CARTESIAN_POINT('',(-0.021176713306413,-0.0542640565201461,0.0665));
#2193=CARTESIAN_POINT('',(-0.041801713306413,-0.0542640565201461,0.0665));
#2194=CARTESIAN_POINT('',(-0.039176713306413,-0.0542640565201461,0.0665));
#2195=CARTESIAN_POINT('',(0.00319828669358697,-0.0722640565201461,0.0665));
#2196=CARTESIAN_POINT('',(0.00582328669358697,-0.0722640565201461,0.0665));
#2197=CARTESIAN_POINT('',(-0.077801713306413,-0.0902640565201461,0.0665));
#2198=CARTESIAN_POINT('',(-0.075176713306413,-0.0902640565201461,0.0665));
#2199=CARTESIAN_POINT('',(-0.014801713306413,-0.0812640565201461,0.0665));
#2200=CARTESIAN_POINT('',(-0.012176713306413,-0.0812640565201461,0.0665));
#2201=CARTESIAN_POINT('',(-0.032801713306413,-0.0812640565201461,0.0665));
#2202=CARTESIAN_POINT('',(-0.030176713306413,-0.0812640565201461,0.0665));
#2203=CARTESIAN_POINT('',(0.00319828669358697,-0.0812640565201461,0.0665));
#2204=CARTESIAN_POINT('',(0.00582328669358697,-0.0812640565201461,0.0665));
#2205=CARTESIAN_POINT('',(-0.050801713306413,-0.0722640565201461,0.0665));
#2206=CARTESIAN_POINT('',(-0.048176713306413,-0.0722640565201461,0.0665));
#2207=CARTESIAN_POINT('',(-0.050801713306413,-0.0902640565201461,0.0665));
#2208=CARTESIAN_POINT('',(-0.048176713306413,-0.0902640565201461,0.0665));
#2209=CARTESIAN_POINT('',(-0.068801713306413,-0.0812640565201461,0.0665));
#2210=CARTESIAN_POINT('',(-0.066176713306413,-0.0812640565201461,0.0665));
#2211=CARTESIAN_POINT('',(-0.014801713306413,-0.0542640565201461,0.0665));
#2212=CARTESIAN_POINT('',(-0.012176713306413,-0.0542640565201461,0.0665));
#2213=CARTESIAN_POINT('',(-0.041801713306413,-0.0632640565201461,0.0665));
#2214=CARTESIAN_POINT('',(-0.039176713306413,-0.0632640565201461,0.0665));
#2215=CARTESIAN_POINT('',(-0.068801713306413,-0.0902640565201461,0.0665));
#2216=CARTESIAN_POINT('',(-0.066176713306413,-0.0902640565201461,0.0665));
#2217=CARTESIAN_POINT('',(-0.059801713306413,-0.0632640565201461,0.0665));
#2218=CARTESIAN_POINT('',(-0.057176713306413,-0.0632640565201461,0.0665));
#2219=CARTESIAN_POINT('',(-0.023801713306413,-0.0722640565201461,0.0665));
#2220=CARTESIAN_POINT('',(-0.021176713306413,-0.0722640565201461,0.0665));
#2221=CARTESIAN_POINT('',(-0.014801713306413,-0.0632640565201461,0.0665));
#2222=CARTESIAN_POINT('',(-0.012176713306413,-0.0632640565201461,0.0665));
#2223=CARTESIAN_POINT('',(-0.00580171330641303,-0.0812640565201461,0.0665));
#2224=CARTESIAN_POINT('',(-0.00317671330641303,-0.0812640565201461,0.0665));
#2225=CARTESIAN_POINT('',(0.00319828669358697,-0.0542640565201461,0.0665));
#2226=CARTESIAN_POINT('',(0.00582328669358697,-0.0542640565201461,0.0665));
#2227=CARTESIAN_POINT('',(-0.086801713306413,-0.0812640565201461,0.0665));
#2228=CARTESIAN_POINT('',(-0.084176713306413,-0.0812640565201461,0.0665));
#2229=CARTESIAN_POINT('',(-0.023801713306413,-0.0632640565201461,0.0665));
#2230=CARTESIAN_POINT('',(-0.021176713306413,-0.0632640565201461,0.0665));
#2231=CARTESIAN_POINT('',(-0.041801713306413,-0.0722640565201461,0.0665));
#2232=CARTESIAN_POINT('',(-0.039176713306413,-0.0722640565201461,0.0665));
#2233=CARTESIAN_POINT('',(-0.014801713306413,-0.0722640565201461,0.0665));
#2234=CARTESIAN_POINT('',(-0.012176713306413,-0.0722640565201461,0.0665));
#2235=CARTESIAN_POINT('',(-0.077801713306413,-0.0542640565201461,0.0665));
#2236=CARTESIAN_POINT('',(-0.075176713306413,-0.0542640565201461,0.0665));
#2237=CARTESIAN_POINT('',(-0.050801713306413,-0.0632640565201461,0.0665));
#2238=CARTESIAN_POINT('',(-0.048176713306413,-0.0632640565201461,0.0665));
#2239=CARTESIAN_POINT('',(-0.023801713306413,-0.0812640565201461,0.0665));
#2240=CARTESIAN_POINT('',(-0.021176713306413,-0.0812640565201461,0.0665));
#2241=CARTESIAN_POINT('',(-0.032801713306413,-0.0722640565201461,0.0665));
#2242=CARTESIAN_POINT('',(-0.030176713306413,-0.0722640565201461,0.0665));
#2243=CARTESIAN_POINT('',(-0.032801713306413,-0.0902640565201461,0.0665));
#2244=CARTESIAN_POINT('',(-0.030176713306413,-0.0902640565201461,0.0665));
#2245=CARTESIAN_POINT('',(-0.068801713306413,-0.0542640565201461,0.0665));
#2246=CARTESIAN_POINT('',(-0.066176713306413,-0.0542640565201461,0.0665));
#2247=CARTESIAN_POINT('',(-0.050801713306413,-0.0542640565201461,0.0665));
#2248=CARTESIAN_POINT('',(-0.048176713306413,-0.0542640565201461,0.0665));
#2249=CARTESIAN_POINT('',(-0.041801713306413,-0.0812640565201461,0.0665));
#2250=CARTESIAN_POINT('',(-0.039176713306413,-0.0812640565201461,0.0665));
#2251=CARTESIAN_POINT('',(-0.023801713306413,-0.0902640565201461,0.0665));
#2252=CARTESIAN_POINT('',(-0.021176713306413,-0.0902640565201461,0.0665));
#2253=CARTESIAN_POINT('',(-0.00580171330641303,-0.0902640565201461,0.0665));
#2254=CARTESIAN_POINT('',(-0.00317671330641303,-0.0902640565201461,0.0665));
#2255=CARTESIAN_POINT('',(-0.00580171330641303,-0.0722640565201461,0.0665));
#2256=CARTESIAN_POINT('',(-0.00317671330641303,-0.0722640565201461,0.0665));
#2257=CARTESIAN_POINT('',(-0.077801713306413,-0.0722640565201461,0.0665));
#2258=CARTESIAN_POINT('',(-0.075176713306413,-0.0722640565201461,0.0665));
#2259=CARTESIAN_POINT('',(0.00319828669358697,-0.0902640565201461,0.0665));
#2260=CARTESIAN_POINT('',(0.00582328669358697,-0.0902640565201461,0.0665));
#2261=CARTESIAN_POINT('',(-0.00580171330641303,-0.0542640565201461,0.0665));
#2262=CARTESIAN_POINT('',(-0.00317671330641303,-0.0542640565201461,0.0665));
#2263=CARTESIAN_POINT('',(-0.00580171330641303,-0.0632640565201461,0.0665));
#2264=CARTESIAN_POINT('',(-0.00317671330641303,-0.0632640565201461,0.0665));
#2265=CARTESIAN_POINT('',(-0.059801713306413,-0.0812640565201461,0.0665));
#2266=CARTESIAN_POINT('',(-0.057176713306413,-0.0812640565201461,0.0665));
#2267=CARTESIAN_POINT('',(-0.086801713306413,-0.0632640565201461,0.0665));
#2268=CARTESIAN_POINT('',(-0.084176713306413,-0.0632640565201461,0.0665));
#2269=CARTESIAN_POINT('',(-0.041801713306413,-0.0902640565201461,0.0665));
#2270=CARTESIAN_POINT('',(-0.039176713306413,-0.0902640565201461,0.0665));
#2271=CARTESIAN_POINT('',(-0.050801713306413,-0.0812640565201461,0.0665));
#2272=CARTESIAN_POINT('',(-0.048176713306413,-0.0812640565201461,0.0665));
#2273=CARTESIAN_POINT('',(-0.032801713306413,-0.0542640565201461,0.0665));
#2274=CARTESIAN_POINT('',(-0.030176713306413,-0.0542640565201461,0.0665));
#2275=CARTESIAN_POINT('',(-0.059801713306413,-0.0542640565201461,0.0665));
#2276=CARTESIAN_POINT('',(-0.057176713306413,-0.0542640565201461,0.0665));
#2277=CARTESIAN_POINT('',(-0.032801713306413,-0.0632640565201461,0.0665));
#2278=CARTESIAN_POINT('',(-0.030176713306413,-0.0632640565201461,0.0665));
#2279=CARTESIAN_POINT('',(-0.059801713306413,-0.0902640565201461,0.0665));
#2280=CARTESIAN_POINT('',(-0.057176713306413,-0.0902640565201461,0.0665));
#2281=CARTESIAN_POINT('',(-0.068801713306413,-0.0632640565201461,0.0665));
#2282=CARTESIAN_POINT('',(-0.066176713306413,-0.0632640565201461,0.0665));
#2283=CARTESIAN_POINT('',(-0.059801713306413,-0.0722640565201461,0.0665));
#2284=CARTESIAN_POINT('',(-0.057176713306413,-0.0722640565201461,0.0665));
#2285=CARTESIAN_POINT('',(-0.077801713306413,-0.0632640565201461,0.0665));
#2286=CARTESIAN_POINT('',(-0.075176713306413,-0.0632640565201461,0.0665));
#2287=CARTESIAN_POINT('',(-0.086801713306413,-0.0542640565201461,0.0665));
#2288=CARTESIAN_POINT('',(-0.084176713306413,-0.0542640565201461,0.0665));
#2289=CARTESIAN_POINT('',(-0.014801713306413,-0.0902640565201461,0.0665));
#2290=CARTESIAN_POINT('',(-0.012176713306413,-0.0902640565201461,0.0665));
#2291=CARTESIAN_POINT('',(-0.068801713306413,-0.0722640565201461,0.0665));
#2292=CARTESIAN_POINT('',(-0.066176713306413,-0.0722640565201461,0.0665));
#2293=CARTESIAN_POINT('',(0.00319828669358697,-0.0632640565201461,0.0665));
#2294=CARTESIAN_POINT('',(0.00582328669358697,-0.0632640565201461,0.0665));
#2295=CARTESIAN_POINT('',(-0.077801713306413,-0.0812640565201461,0.0665));
#2296=CARTESIAN_POINT('',(-0.075176713306413,-0.0812640565201461,0.0665));
#2297=CARTESIAN_POINT('',(-0.09315,-0.0599228030251515,0.0665));
#2298=CARTESIAN_POINT('',(-0.09315,-0.0971228030251515,0.0665));
#2299=CARTESIAN_POINT('',(-0.09315,-0.0475228030251515,0.0665));
#2300=CARTESIAN_POINT('',(-0.0932,-0.0971228030251515,0.0665));
#2301=CARTESIAN_POINT('',(0.00935000000000091,-0.0971228030251515,0.0665));
#2302=CARTESIAN_POINT('',(0.0093500000000009,-0.0847228030251515,0.0665));
#2303=CARTESIAN_POINT('',(0.0093500000000009,-0.0475228030251515,0.0665));
#2304=CARTESIAN_POINT('',(0.0094000000000009,-0.0475228030251515,0.0665));
#2305=CARTESIAN_POINT('',(-0.0932,-0.0971228030251515,0.0015));
#2306=CARTESIAN_POINT('',(0.00935000000000091,-0.0971228030251515,0.0015));
#2307=CARTESIAN_POINT('',(0.00935000000000091,-0.0971228030251515,0.00479020202535533));
#2308=CARTESIAN_POINT('',(0.0093500000000009,-0.0971228030251515,0.0015));
#2309=CARTESIAN_POINT('',(-0.0160390349954987,-0.0971228030251515,-0.0205988329701444));
#2310=CARTESIAN_POINT('',(0.0115213203435605,-0.0971228030251515,0.00696152236891495));
#2311=CARTESIAN_POINT('',(0.0115213203435605,-0.0971228030251515,0.00537720779386406));
#2312=CARTESIAN_POINT('',(0.0115213203435605,-0.0971228030251515,0.00929583694396575));
#2313=CARTESIAN_POINT('',(-0.0137353553390584,-0.0971228030251515,0.0345525126265847));
#2314=CARTESIAN_POINT('',(0.00935000000000091,-0.0971228030251515,0.0114671572875254));
#2315=CARTESIAN_POINT('',(0.00935000000000091,-0.0971228030251515,0.0015));
#2316=CARTESIAN_POINT('',(-0.09315,-0.0971228030251515,0.0015));
#2317=CARTESIAN_POINT('',(-0.09315,-0.0971228030251515,0.0114671572875255));
#2318=CARTESIAN_POINT('',(-0.0967253048327196,-0.0971228030251515,0.00789185245480477));
#2319=CARTESIAN_POINT('',(-0.0953213203435588,-0.0971228030251515,0.00929583694396566));
#2320=CARTESIAN_POINT('',(-0.0953213203435588,-0.0971228030251515,0.00425147186257614));
#2321=CARTESIAN_POINT('',(-0.0953213203435588,-0.0971228030251515,0.006961522368915));
#2322=CARTESIAN_POINT('',(-0.0924003048327196,-0.0971228030251515,0.00404050685807579));
#2323=CARTESIAN_POINT('',(-0.09315,-0.0971228030251515,0.00479020202535529));
#2324=CARTESIAN_POINT('',(-0.09315,-0.0971228030251515,0.0015));
#2325=CARTESIAN_POINT('',(-0.09315,-0.0971228030251515,0.0015));
#2326=CARTESIAN_POINT('',(0.00940000000000091,-0.0971228030251515,0.0015));
#2327=CARTESIAN_POINT('',(-0.077801713306413,-0.0812640565201461,0.0015));
#2328=CARTESIAN_POINT('',(-0.077801713306413,-0.0812640565201461,0.0555));
#2329=CARTESIAN_POINT('',(-0.075176713306413,-0.0812640565201461,0.0555));
#2330=CARTESIAN_POINT('',(0.00319828669358697,-0.0632640565201461,0.0015));
#2331=CARTESIAN_POINT('',(0.00319828669358697,-0.0632640565201461,0.0555));
#2332=CARTESIAN_POINT('',(0.00582328669358697,-0.0632640565201461,0.0555));
#2333=CARTESIAN_POINT('',(-0.068801713306413,-0.0722640565201461,0.0015));
#2334=CARTESIAN_POINT('',(-0.068801713306413,-0.0722640565201461,0.0555));
#2335=CARTESIAN_POINT('',(-0.066176713306413,-0.0722640565201461,0.0555));
#2336=CARTESIAN_POINT('',(-0.014801713306413,-0.0902640565201461,0.0015));
#2337=CARTESIAN_POINT('',(-0.014801713306413,-0.0902640565201461,0.0555));
#2338=CARTESIAN_POINT('',(-0.012176713306413,-0.0902640565201461,0.0555));
#2339=CARTESIAN_POINT('',(-0.086801713306413,-0.0542640565201461,0.0015));
#2340=CARTESIAN_POINT('',(-0.086801713306413,-0.0542640565201461,0.0555));
#2341=CARTESIAN_POINT('',(-0.084176713306413,-0.0542640565201461,0.0555));
#2342=CARTESIAN_POINT('',(-0.077801713306413,-0.0632640565201461,0.0015));
#2343=CARTESIAN_POINT('',(-0.077801713306413,-0.0632640565201461,0.0555));
#2344=CARTESIAN_POINT('',(-0.075176713306413,-0.0632640565201461,0.0555));
#2345=CARTESIAN_POINT('',(-0.059801713306413,-0.0722640565201461,0.0015));
#2346=CARTESIAN_POINT('',(-0.059801713306413,-0.0722640565201461,0.0555));
#2347=CARTESIAN_POINT('',(-0.057176713306413,-0.0722640565201461,0.0555));
#2348=CARTESIAN_POINT('',(-0.068801713306413,-0.0632640565201461,0.0015));
#2349=CARTESIAN_POINT('',(-0.068801713306413,-0.0632640565201461,0.0555));
#2350=CARTESIAN_POINT('',(-0.066176713306413,-0.0632640565201461,0.0555));
#2351=CARTESIAN_POINT('',(-0.059801713306413,-0.0902640565201461,0.0015));
#2352=CARTESIAN_POINT('',(-0.059801713306413,-0.0902640565201461,0.0555));
#2353=CARTESIAN_POINT('',(-0.057176713306413,-0.0902640565201461,0.0555));
#2354=CARTESIAN_POINT('',(-0.032801713306413,-0.0632640565201461,0.0015));
#2355=CARTESIAN_POINT('',(-0.032801713306413,-0.0632640565201461,0.0555));
#2356=CARTESIAN_POINT('',(-0.030176713306413,-0.0632640565201461,0.0555));
#2357=CARTESIAN_POINT('',(-0.059801713306413,-0.0542640565201461,0.0015));
#2358=CARTESIAN_POINT('',(-0.059801713306413,-0.0542640565201461,0.0555));
#2359=CARTESIAN_POINT('',(-0.057176713306413,-0.0542640565201461,0.0555));
#2360=CARTESIAN_POINT('',(-0.032801713306413,-0.0542640565201461,0.0015));
#2361=CARTESIAN_POINT('',(-0.032801713306413,-0.0542640565201461,0.0555));
#2362=CARTESIAN_POINT('',(-0.030176713306413,-0.0542640565201461,0.0555));
#2363=CARTESIAN_POINT('',(-0.050801713306413,-0.0812640565201461,0.0015));
#2364=CARTESIAN_POINT('',(-0.050801713306413,-0.0812640565201461,0.0555));
#2365=CARTESIAN_POINT('',(-0.048176713306413,-0.0812640565201461,0.0555));
#2366=CARTESIAN_POINT('',(-0.041801713306413,-0.0902640565201461,0.0015));
#2367=CARTESIAN_POINT('',(-0.041801713306413,-0.0902640565201461,0.0555));
#2368=CARTESIAN_POINT('',(-0.039176713306413,-0.0902640565201461,0.0555));
#2369=CARTESIAN_POINT('',(-0.086801713306413,-0.0632640565201461,0.0015));
#2370=CARTESIAN_POINT('',(-0.086801713306413,-0.0632640565201461,0.0555));
#2371=CARTESIAN_POINT('',(-0.084176713306413,-0.0632640565201461,0.0555));
#2372=CARTESIAN_POINT('',(-0.059801713306413,-0.0812640565201461,0.0015));
#2373=CARTESIAN_POINT('',(-0.059801713306413,-0.0812640565201461,0.0555));
#2374=CARTESIAN_POINT('',(-0.057176713306413,-0.0812640565201461,0.0555));
#2375=CARTESIAN_POINT('',(-0.00580171330641303,-0.0632640565201461,0.0015));
#2376=CARTESIAN_POINT('',(-0.00580171330641303,-0.0632640565201461,0.0555));
#2377=CARTESIAN_POINT('',(-0.00317671330641303,-0.0632640565201461,0.0555));
#2378=CARTESIAN_POINT('',(-0.00580171330641303,-0.0542640565201461,0.0015));
#2379=CARTESIAN_POINT('',(-0.00580171330641303,-0.0542640565201461,0.0555));
#2380=CARTESIAN_POINT('',(-0.00317671330641303,-0.0542640565201461,0.0555));
#2381=CARTESIAN_POINT('',(0.00319828669358697,-0.0902640565201461,0.0015));
#2382=CARTESIAN_POINT('',(0.00319828669358697,-0.0902640565201461,0.0555));
#2383=CARTESIAN_POINT('',(0.00582328669358697,-0.0902640565201461,0.0555));
#2384=CARTESIAN_POINT('',(-0.077801713306413,-0.0722640565201461,0.0015));
#2385=CARTESIAN_POINT('',(-0.077801713306413,-0.0722640565201461,0.0555));
#2386=CARTESIAN_POINT('',(-0.075176713306413,-0.0722640565201461,0.0555));
#2387=CARTESIAN_POINT('',(-0.00580171330641303,-0.0722640565201461,0.0015));
#2388=CARTESIAN_POINT('',(-0.00580171330641303,-0.0722640565201461,0.0555));
#2389=CARTESIAN_POINT('',(-0.00317671330641303,-0.0722640565201461,0.0555));
#2390=CARTESIAN_POINT('',(-0.00580171330641303,-0.0902640565201461,0.0015));
#2391=CARTESIAN_POINT('',(-0.00580171330641303,-0.0902640565201461,0.0555));
#2392=CARTESIAN_POINT('',(-0.00317671330641303,-0.0902640565201461,0.0555));
#2393=CARTESIAN_POINT('',(-0.023801713306413,-0.0902640565201461,0.0015));
#2394=CARTESIAN_POINT('',(-0.023801713306413,-0.0902640565201461,0.0555));
#2395=CARTESIAN_POINT('',(-0.021176713306413,-0.0902640565201461,0.0555));
#2396=CARTESIAN_POINT('',(-0.041801713306413,-0.0812640565201461,0.0015));
#2397=CARTESIAN_POINT('',(-0.041801713306413,-0.0812640565201461,0.0555));
#2398=CARTESIAN_POINT('',(-0.039176713306413,-0.0812640565201461,0.0555));
#2399=CARTESIAN_POINT('',(-0.050801713306413,-0.0542640565201461,0.0015));
#2400=CARTESIAN_POINT('',(-0.050801713306413,-0.0542640565201461,0.0555));
#2401=CARTESIAN_POINT('',(-0.048176713306413,-0.0542640565201461,0.0555));
#2402=CARTESIAN_POINT('',(-0.068801713306413,-0.0542640565201461,0.0015));
#2403=CARTESIAN_POINT('',(-0.068801713306413,-0.0542640565201461,0.0555));
#2404=CARTESIAN_POINT('',(-0.066176713306413,-0.0542640565201461,0.0555));
#2405=CARTESIAN_POINT('',(-0.032801713306413,-0.0902640565201461,0.0015));
#2406=CARTESIAN_POINT('',(-0.032801713306413,-0.0902640565201461,0.0555));
#2407=CARTESIAN_POINT('',(-0.030176713306413,-0.0902640565201461,0.0555));
#2408=CARTESIAN_POINT('',(-0.032801713306413,-0.0722640565201461,0.0015));
#2409=CARTESIAN_POINT('',(-0.032801713306413,-0.0722640565201461,0.0555));
#2410=CARTESIAN_POINT('',(-0.030176713306413,-0.0722640565201461,0.0555));
#2411=CARTESIAN_POINT('',(-0.023801713306413,-0.0812640565201461,0.0015));
#2412=CARTESIAN_POINT('',(-0.023801713306413,-0.0812640565201461,0.0555));
#2413=CARTESIAN_POINT('',(-0.021176713306413,-0.0812640565201461,0.0555));
#2414=CARTESIAN_POINT('',(-0.050801713306413,-0.0632640565201461,0.0015));
#2415=CARTESIAN_POINT('',(-0.050801713306413,-0.0632640565201461,0.0555));
#2416=CARTESIAN_POINT('',(-0.048176713306413,-0.0632640565201461,0.0555));
#2417=CARTESIAN_POINT('',(-0.077801713306413,-0.0542640565201461,0.0015));
#2418=CARTESIAN_POINT('',(-0.077801713306413,-0.0542640565201461,0.0555));
#2419=CARTESIAN_POINT('',(-0.075176713306413,-0.0542640565201461,0.0555));
#2420=CARTESIAN_POINT('',(-0.014801713306413,-0.0722640565201461,0.0015));
#2421=CARTESIAN_POINT('',(-0.014801713306413,-0.0722640565201461,0.0555));
#2422=CARTESIAN_POINT('',(-0.012176713306413,-0.0722640565201461,0.0555));
#2423=CARTESIAN_POINT('',(-0.041801713306413,-0.0722640565201461,0.0015));
#2424=CARTESIAN_POINT('',(-0.041801713306413,-0.0722640565201461,0.0555));
#2425=CARTESIAN_POINT('',(-0.039176713306413,-0.0722640565201461,0.0555));
#2426=CARTESIAN_POINT('',(-0.023801713306413,-0.0632640565201461,0.0015));
#2427=CARTESIAN_POINT('',(-0.023801713306413,-0.0632640565201461,0.0555));
#2428=CARTESIAN_POINT('',(-0.021176713306413,-0.0632640565201461,0.0555));
#2429=CARTESIAN_POINT('',(-0.086801713306413,-0.0812640565201461,0.0015));
#2430=CARTESIAN_POINT('',(-0.086801713306413,-0.0812640565201461,0.0555));
#2431=CARTESIAN_POINT('',(-0.084176713306413,-0.0812640565201461,0.0555));
#2432=CARTESIAN_POINT('',(0.00319828669358697,-0.0542640565201461,0.0015));
#2433=CARTESIAN_POINT('',(0.00319828669358697,-0.0542640565201461,0.0555));
#2434=CARTESIAN_POINT('',(0.00582328669358697,-0.0542640565201461,0.0555));
#2435=CARTESIAN_POINT('',(-0.00580171330641303,-0.0812640565201461,0.0015));
#2436=CARTESIAN_POINT('',(-0.00580171330641303,-0.0812640565201461,0.0555));
#2437=CARTESIAN_POINT('',(-0.00317671330641303,-0.0812640565201461,0.0555));
#2438=CARTESIAN_POINT('',(-0.014801713306413,-0.0632640565201461,0.0015));
#2439=CARTESIAN_POINT('',(-0.014801713306413,-0.0632640565201461,0.0555));
#2440=CARTESIAN_POINT('',(-0.012176713306413,-0.0632640565201461,0.0555));
#2441=CARTESIAN_POINT('',(-0.023801713306413,-0.0722640565201461,0.0015));
#2442=CARTESIAN_POINT('',(-0.023801713306413,-0.0722640565201461,0.0555));
#2443=CARTESIAN_POINT('',(-0.021176713306413,-0.0722640565201461,0.0555));
#2444=CARTESIAN_POINT('',(-0.059801713306413,-0.0632640565201461,0.0015));
#2445=CARTESIAN_POINT('',(-0.059801713306413,-0.0632640565201461,0.0555));
#2446=CARTESIAN_POINT('',(-0.057176713306413,-0.0632640565201461,0.0555));
#2447=CARTESIAN_POINT('',(-0.068801713306413,-0.0902640565201461,0.0015));
#2448=CARTESIAN_POINT('',(-0.068801713306413,-0.0902640565201461,0.0555));
#2449=CARTESIAN_POINT('',(-0.066176713306413,-0.0902640565201461,0.0555));
#2450=CARTESIAN_POINT('',(-0.041801713306413,-0.0632640565201461,0.0015));
#2451=CARTESIAN_POINT('',(-0.041801713306413,-0.0632640565201461,0.0555));
#2452=CARTESIAN_POINT('',(-0.039176713306413,-0.0632640565201461,0.0555));
#2453=CARTESIAN_POINT('',(-0.014801713306413,-0.0542640565201461,0.0015));
#2454=CARTESIAN_POINT('',(-0.014801713306413,-0.0542640565201461,0.0555));
#2455=CARTESIAN_POINT('',(-0.012176713306413,-0.0542640565201461,0.0555));
#2456=CARTESIAN_POINT('',(-0.068801713306413,-0.0812640565201461,0.0015));
#2457=CARTESIAN_POINT('',(-0.068801713306413,-0.0812640565201461,0.0555));
#2458=CARTESIAN_POINT('',(-0.066176713306413,-0.0812640565201461,0.0555));
#2459=CARTESIAN_POINT('',(-0.050801713306413,-0.0902640565201461,0.0015));
#2460=CARTESIAN_POINT('',(-0.050801713306413,-0.0902640565201461,0.0555));
#2461=CARTESIAN_POINT('',(-0.048176713306413,-0.0902640565201461,0.0555));
#2462=CARTESIAN_POINT('',(-0.050801713306413,-0.0722640565201461,0.0015));
#2463=CARTESIAN_POINT('',(-0.050801713306413,-0.0722640565201461,0.0555));
#2464=CARTESIAN_POINT('',(-0.048176713306413,-0.0722640565201461,0.0555));
#2465=CARTESIAN_POINT('',(0.00319828669358697,-0.0812640565201461,0.0015));
#2466=CARTESIAN_POINT('',(0.00319828669358697,-0.0812640565201461,0.0555));
#2467=CARTESIAN_POINT('',(0.00582328669358697,-0.0812640565201461,0.0555));
#2468=CARTESIAN_POINT('',(-0.032801713306413,-0.0812640565201461,0.0015));
#2469=CARTESIAN_POINT('',(-0.032801713306413,-0.0812640565201461,0.0555));
#2470=CARTESIAN_POINT('',(-0.030176713306413,-0.0812640565201461,0.0555));
#2471=CARTESIAN_POINT('',(-0.014801713306413,-0.0812640565201461,0.0015));
#2472=CARTESIAN_POINT('',(-0.014801713306413,-0.0812640565201461,0.0555));
#2473=CARTESIAN_POINT('',(-0.012176713306413,-0.0812640565201461,0.0555));
#2474=CARTESIAN_POINT('',(-0.077801713306413,-0.0902640565201461,0.0015));
#2475=CARTESIAN_POINT('',(-0.077801713306413,-0.0902640565201461,0.0555));
#2476=CARTESIAN_POINT('',(-0.075176713306413,-0.0902640565201461,0.0555));
#2477=CARTESIAN_POINT('',(0.00319828669358697,-0.0722640565201461,0.0015));
#2478=CARTESIAN_POINT('',(0.00319828669358697,-0.0722640565201461,0.0555));
#2479=CARTESIAN_POINT('',(0.00582328669358697,-0.0722640565201461,0.0555));
#2480=CARTESIAN_POINT('',(-0.041801713306413,-0.0542640565201461,0.0015));
#2481=CARTESIAN_POINT('',(-0.041801713306413,-0.0542640565201461,0.0555));
#2482=CARTESIAN_POINT('',(-0.039176713306413,-0.0542640565201461,0.0555));
#2483=CARTESIAN_POINT('',(-0.023801713306413,-0.0542640565201461,0.0015));
#2484=CARTESIAN_POINT('',(-0.023801713306413,-0.0542640565201461,0.0555));
#2485=CARTESIAN_POINT('',(-0.021176713306413,-0.0542640565201461,0.0555));
#2486=CARTESIAN_POINT('',(-0.086801713306413,-0.0902640565201461,0.0015));
#2487=CARTESIAN_POINT('',(-0.086801713306413,-0.0902640565201461,0.0555));
#2488=CARTESIAN_POINT('',(-0.084176713306413,-0.0902640565201461,0.0555));
#2489=CARTESIAN_POINT('',(-0.086801713306413,-0.0722640565201461,0.0015));
#2490=CARTESIAN_POINT('',(-0.086801713306413,-0.0722640565201461,0.0555));
#2491=CARTESIAN_POINT('',(-0.084176713306413,-0.0722640565201461,0.0555));
#2492=CARTESIAN_POINT('',(0.0094000000000009,-0.0475228030251515,0.0015));
#2493=CARTESIAN_POINT('',(-0.09315,-0.0475228030251515,0.0015));
#2494=CARTESIAN_POINT('',(-0.09315,-0.0475228030251515,0.0047902020253553));
#2495=CARTESIAN_POINT('',(-0.09315,-0.0475228030251515,0.0015));
#2496=CARTESIAN_POINT('',(-0.0667503048327199,-0.0475228030251515,-0.0216094931419242));
#2497=CARTESIAN_POINT('',(-0.0932,-0.0475228030251515,0.00484020202535532));
#2498=CARTESIAN_POINT('',(-0.0932,-0.0475228030251515,0.0015));
#2499=CARTESIAN_POINT('',(-0.0932,-0.0475228030251515,0.0114171572875255));
#2500=CARTESIAN_POINT('',(-0.0710753048327208,-0.0475228030251515,0.0335418524548048));
#2501=CARTESIAN_POINT('',(-0.09315,-0.0475228030251515,0.0114671572875255));
#2502=CARTESIAN_POINT('',(-0.09315,-0.0475228030251515,0.0015));
#2503=CARTESIAN_POINT('',(0.0093500000000009,-0.0475228030251515,0.0015));
#2504=CARTESIAN_POINT('',(0.0093500000000009,-0.0475228030251515,0.0114671572875254));
#2505=CARTESIAN_POINT('',(0.0119146446609416,-0.0475228030251515,0.00890251262658469));
#2506=CARTESIAN_POINT('',(0.0094000000000009,-0.0475228030251515,0.0114171572875254));
#2507=CARTESIAN_POINT('',(0.0094000000000009,-0.0475228030251515,0.0015));
#2508=CARTESIAN_POINT('',(0.0094000000000009,-0.0475228030251515,0.00484020202535536));
#2509=CARTESIAN_POINT('',(0.00961096500450119,-0.0475228030251515,0.00505116702985565));
#2510=CARTESIAN_POINT('',(0.0093500000000009,-0.0475228030251515,0.00479020202535535));
#2511=CARTESIAN_POINT('',(0.0093500000000009,-0.0475228030251515,0.0015));
#2512=CARTESIAN_POINT('',(0.00935000000000089,-0.0475228030251515,0.0015));
#2513=CARTESIAN_POINT('',(-0.0932,-0.0475228030251515,0.0015));
#2514=CARTESIAN_POINT('',(-0.0418999999999991,-0.0723228030251515,0.0555));
#2515=CARTESIAN_POINT('',(0.00639301964100443,-0.0808228030251515,0.0555));
#2516=CARTESIAN_POINT('',(0.00639301964100443,-0.0511772836529015,0.0555));
#2517=CARTESIAN_POINT('',(0.00639301964100444,-0.0933228030251515,0.0555));
#2518=CARTESIAN_POINT('',(0.00940000000000092,-0.0933228030251515,0.0555));
#2519=CARTESIAN_POINT('',(-0.0896,-0.0933228030251515,0.0555));
#2520=CARTESIAN_POINT('',(-0.0896,-0.0617500433390265,0.0555));
#2521=CARTESIAN_POINT('',(-0.0896,-0.0511772836529016,0.0555));
#2522=CARTESIAN_POINT('',(-0.0177534901794973,-0.0511772836529015,0.0555));
#2523=CARTESIAN_POINT('',(0.00639301964100443,-0.0893228030251515,0.0555));
#2524=CARTESIAN_POINT('',(0.00639301964100443,-0.0511772836529015,0.0555));
#2525=CARTESIAN_POINT('',(0.00639301964100443,-0.0511772836529016,0.0015));
#2526=CARTESIAN_POINT('',(0.00639301964100443,-0.0808228030251515,0.0015));
#2527=CARTESIAN_POINT('',(0.00639301964100444,-0.0933228030251515,0.0015));
#2528=CARTESIAN_POINT('',(0.00639301964100443,-0.0933228030251515,0.0555));
#2529=CARTESIAN_POINT('',(0.00639301964100442,-0.0511772836529015,0.0555));
#2530=CARTESIAN_POINT('',(-0.0896,-0.0511772836529016,0.0555));
#2531=CARTESIAN_POINT('',(-0.0896,-0.0511772836529016,0.0015));
#2532=CARTESIAN_POINT('',(-0.0854,-0.0511772836529016,0.0015));
#2533=CARTESIAN_POINT('',(0.0093500000000009,-0.0971228030251515,0.0015));
#2534=CARTESIAN_POINT('',(0.0093500000000009,-0.0847228030251515,0.0015));
#2535=CARTESIAN_POINT('',(0.0093500000000009,-0.104622803025151,0.00479020202535536));
#2536=CARTESIAN_POINT('',(0.0093500000000009,-0.0971228030251515,0.0015));
#2537=CARTESIAN_POINT('',(0.0093500000000009,-0.104622803025151,0.0114671572875254));
#2538=CARTESIAN_POINT('',(-0.0942106601717789,-0.0473228030251515,0.00812867965644037));
#2539=CARTESIAN_POINT('',(0.0115213203435605,-0.0473228030251515,0.00869154762208439));
#2540=CARTESIAN_POINT('',(0.0115213203435605,-0.0473228030251515,0.00696152236891499));
#2541=CARTESIAN_POINT('',(0.0115213203435605,-0.0473228030251515,0.00929583694396571));
#2542=CARTESIAN_POINT('',(0.0115207999615562,-0.0473228030251515,0.0069610019869107));
#2543=CARTESIAN_POINT('',(0.0094000000000009,-0.0473228030251515,0.00484020202535538));
#2544=CARTESIAN_POINT('',(0.0094000000000009,-0.0473228030251515,0.0015));
#2545=CARTESIAN_POINT('',(0.0094000000000009,-0.0473228030251515,0.0114171572875253));
#2546=CARTESIAN_POINT('',(0.0105101397897764,-0.0473228030251515,0.0103070174977498));
#2547=CARTESIAN_POINT('',(0.0114920310216792,-0.112122803025151,0.00693223304703363));
#2548=CARTESIAN_POINT('',(0.0094000000000009,-0.112122803025151,0.00484020202535536));
#2549=CARTESIAN_POINT('',(0.0115213203435605,-0.112122803025151,0.00696152236891498));
#2550=CARTESIAN_POINT('',(0.0094000000000009,-0.112122803025151,0.00498162338159267));
#2551=CARTESIAN_POINT('',(0.0094000000000009,-0.112122803025151,0.0114171572875254));
#2552=CARTESIAN_POINT('',(-0.09315,-0.0475228030251515,0.0015));
#2553=CARTESIAN_POINT('',(-0.09315,-0.0798228030251515,0.0114671572875255));
#2554=CARTESIAN_POINT('',(-0.09315,-0.0475228030251515,0.0015));
#2555=CARTESIAN_POINT('',(-0.09315,-0.0599228030251515,0.0015));
#2556=CARTESIAN_POINT('',(-0.09315,-0.0798228030251515,0.00479020202535529));
#2557=CARTESIAN_POINT('',(-0.0942106601717789,-0.0473228030251515,0.00812867965644037));
#2558=CARTESIAN_POINT('',(-0.0953213203435588,-0.0473228030251515,0.00756581169079633));
#2559=CARTESIAN_POINT('',(-0.0953213203435588,-0.0473228030251515,0.0092958369439657));
#2560=CARTESIAN_POINT('',(-0.0953213203435588,-0.0473228030251515,0.00696152236891497));
#2561=CARTESIAN_POINT('',(-0.0953207999615545,-0.0473228030251515,0.00929635732596999));
#2562=CARTESIAN_POINT('',(-0.0932,-0.0473228030251515,0.0114171572875255));
#2563=CARTESIAN_POINT('',(-0.0932,-0.0473228030251515,0.0665));
#2564=CARTESIAN_POINT('',(-0.0932,-0.0473228030251515,0.00484020202535527));
#2565=CARTESIAN_POINT('',(-0.0943101397897747,-0.0473228030251515,0.00595034181513086));
#2566=CARTESIAN_POINT('',(-0.0952920310216774,-0.112122803025151,0.00932512626584705));
#2567=CARTESIAN_POINT('',(-0.0932,-0.112122803025151,0.0114171572875255));
#2568=CARTESIAN_POINT('',(-0.0953213203435588,-0.112122803025151,0.00929583694396571));
#2569=CARTESIAN_POINT('',(-0.0932,-0.112122803025151,0.0112757359312881));
#2570=CARTESIAN_POINT('',(-0.0932,-0.112122803025151,0.0048402020253553));
#2571=CARTESIAN_POINT('',(-0.0953213203435588,-0.112122803025151,0.00700294372515228));
#2572=CARTESIAN_POINT('',(-0.0953213203435588,-0.112122803025151,0.00696152236891496));
#2573=CARTESIAN_POINT('',(-0.0932707106781178,-0.112122803025151,0.00491091270347396));
#2574=CARTESIAN_POINT('',(0.0115213203435605,-0.112122803025151,0.00925441558772843));
#2575=CARTESIAN_POINT('',(0.0115213203435605,-0.112122803025151,0.00929583694396573));
#2576=CARTESIAN_POINT('',(0.00947071067811956,-0.112122803025151,0.0113464466094067));
#2577=CARTESIAN_POINT('',(-0.0418999999999991,-0.0723228030251515,0.0015));
#2578=CARTESIAN_POINT('',(-0.0896,-0.0808228030251515,0.0015));
#2579=CARTESIAN_POINT('',(-0.0896,-0.0933228030251515,0.0015));
#2580=CARTESIAN_POINT('',(-0.0636499999999991,-0.0933228030251515,0.0015));
#2581=CARTESIAN_POINT('',(-0.0896,-0.0511772836529016,0.0555));
#2582=CARTESIAN_POINT('',(-0.0896,-0.0933228030251515,0.0555));
#2583=CARTESIAN_POINT('',(-0.0854,-0.0933228030251515,0.0555));
#2584=MECHANICAL_DESIGN_GEOMETRIC_PRESENTATION_REPRESENTATION('',(#1547),
#2585);
#2585=(
GEOMETRIC_REPRESENTATION_CONTEXT(3)
GLOBAL_UNCERTAINTY_ASSIGNED_CONTEXT((#2586))
GLOBAL_UNIT_ASSIGNED_CONTEXT((#2589,#2588,#2587))
REPRESENTATION_CONTEXT('Pipette Holder','TOP_LEVEL_ASSEMBLY_PART')
);
#2586=UNCERTAINTY_MEASURE_WITH_UNIT(LENGTH_MEASURE(1.E-6),#2589,
'DISTANCE_ACCURACY_VALUE','Maximum Tolerance applied to model');
#2587=(
NAMED_UNIT(*)
SI_UNIT($,.STERADIAN.)
SOLID_ANGLE_UNIT()
);
#2588=(
NAMED_UNIT(*)
PLANE_ANGLE_UNIT()
SI_UNIT($,.RADIAN.)
);
#2589=(
LENGTH_UNIT()
NAMED_UNIT(*)
SI_UNIT($,.METRE.)
);
#2590=PRODUCT_DEFINITION_SHAPE('','',#2591);
#2591=PRODUCT_DEFINITION('','',#2593,#2592);
#2592=PRODUCT_DEFINITION_CONTEXT('',#2599,'design');
#2593=PRODUCT_DEFINITION_FORMATION_WITH_SPECIFIED_SOURCE('','',#2595,
 .NOT_KNOWN.);
#2594=PRODUCT_RELATED_PRODUCT_CATEGORY('','',(#2595));
#2595=PRODUCT('Pipette Holder','Pipette Holder','Pipette Holder',(#2597));
#2596=PRODUCT_CATEGORY('','');
#2597=PRODUCT_CONTEXT('',#2599,'mechanical');
#2598=APPLICATION_PROTOCOL_DEFINITION('international standard',
'ap242_managed_model_based_3d_engineering',2020,#2599);
#2599=APPLICATION_CONTEXT('managed model based 3d engineering');
ENDSEC;
END-ISO-10303-21;
