ISO-10303-21;
HEADER;
/* Generated by software containing ST-Developer
 * from STEP Tools, Inc. (www.steptools.com) 
 */

FILE_DESCRIPTION(
/* description */ (''),
/* implementation_level */ '2;1');

FILE_NAME(
/* name */ 'Frame.step',
/* time_stamp */ '2026-09-15T03:04:37+08:00',
/* author */ (''),
/* organization */ (''),
/* preprocessor_version */ 'ST-DEVELOPER v20.1',
/* originating_system */ 'Autodesk Translation Framework v15.8.0.0',
/* authorisation */ '');

FILE_SCHEMA (('AUTOMOTIVE_DESIGN { 1 0 10303 214 3 1 1 }'));
ENDSEC;

DATA;
#10=MECHANICAL_DESIGN_GEOMETRIC_PRESENTATION_REPRESENTATION('',(#103,#104,
#105,#106),#2609);
#11=ITEM_DEFINED_TRANSFORMATION($,$,#1627,#1739);
#12=ITEM_DEFINED_TRANSFORMATION($,$,#1662,#1740);
#13=ITEM_DEFINED_TRANSFORMATION($,$,#1685,#1741);
#14=ITEM_DEFINED_TRANSFORMATION($,$,#1707,#1742);
#15=(
REPRESENTATION_RELATIONSHIP($,$,#2629,#2628)
REPRESENTATION_RELATIONSHIP_WITH_TRANSFORMATION(#11)
SHAPE_REPRESENTATION_RELATIONSHIP()
);
#16=(
REPRESENTATION_RELATIONSHIP($,$,#2630,#2628)
REPRESENTATION_RELATIONSHIP_WITH_TRANSFORMATION(#12)
SHAPE_REPRESENTATION_RELATIONSHIP()
);
#17=(
REPRESENTATION_RELATIONSHIP($,$,#2631,#2628)
REPRESENTATION_RELATIONSHIP_WITH_TRANSFORMATION(#13)
SHAPE_REPRESENTATION_RELATIONSHIP()
);
#18=(
REPRESENTATION_RELATIONSHIP($,$,#2632,#2628)
REPRESENTATION_RELATIONSHIP_WITH_TRANSFORMATION(#14)
SHAPE_REPRESENTATION_RELATIONSHIP()
);
#19=CONTEXT_DEPENDENT_SHAPE_REPRESENTATION(#15,#2624);
#20=CONTEXT_DEPENDENT_SHAPE_REPRESENTATION(#16,#2625);
#21=CONTEXT_DEPENDENT_SHAPE_REPRESENTATION(#17,#2626);
#22=CONTEXT_DEPENDENT_SHAPE_REPRESENTATION(#18,#2627);
#23=NEXT_ASSEMBLY_USAGE_OCCURRENCE('FRAME: RIGHT PLATE:1',
'FRAME: RIGHT PLATE:1','FRAME: RIGHT PLATE:1',#2634,#2635,
'FRAME: RIGHT PLATE:1');
#24=NEXT_ASSEMBLY_USAGE_OCCURRENCE('FRAME: GEAR PLATE:1',
'FRAME: GEAR PLATE:1','FRAME: GEAR PLATE:1',#2634,#2636,
'FRAME: GEAR PLATE:1');
#25=NEXT_ASSEMBLY_USAGE_OCCURRENCE('FRAME: TOP PLATE:1',
'FRAME: TOP PLATE:1','FRAME: TOP PLATE:1',#2634,#2637,
'FRAME: TOP PLATE:1');
#26=NEXT_ASSEMBLY_USAGE_OCCURRENCE('FRAME: BASE PLATE:1',
'FRAME: BASE PLATE:1','FRAME: BASE PLATE:1',#2634,#2638,
'FRAME: BASE PLATE:1');
#27=FACE_BOUND('',#228,.T.);
#28=FACE_BOUND('',#230,.T.);
#29=FACE_BOUND('',#231,.T.);
#30=FACE_BOUND('',#244,.T.);
#31=FACE_BOUND('',#245,.T.);
#32=FACE_BOUND('',#256,.T.);
#33=FACE_BOUND('',#257,.T.);
#34=FACE_BOUND('',#258,.T.);
#35=FACE_BOUND('',#259,.T.);
#36=FACE_BOUND('',#260,.T.);
#37=FACE_BOUND('',#262,.T.);
#38=FACE_BOUND('',#263,.T.);
#39=FACE_BOUND('',#264,.T.);
#40=FACE_BOUND('',#265,.T.);
#41=FACE_BOUND('',#266,.T.);
#42=FACE_BOUND('',#269,.T.);
#43=FACE_BOUND('',#275,.T.);
#44=FACE_BOUND('',#276,.T.);
#45=FACE_BOUND('',#277,.T.);
#46=FACE_BOUND('',#278,.T.);
#47=FACE_BOUND('',#279,.T.);
#48=FACE_BOUND('',#289,.T.);
#49=FACE_BOUND('',#290,.T.);
#50=FACE_BOUND('',#291,.T.);
#51=FACE_BOUND('',#292,.T.);
#52=FACE_BOUND('',#293,.T.);
#53=CIRCLE('',#1664,5.8);
#54=CIRCLE('',#1665,5.8);
#55=CIRCLE('',#1667,7.3);
#56=CIRCLE('',#1668,7.3);
#57=CIRCLE('',#1671,17.9);
#58=CIRCLE('',#1679,17.9);
#59=CIRCLE('',#1687,11.5);
#60=CIRCLE('',#1688,11.5);
#61=CIRCLE('',#1690,1.75);
#62=CIRCLE('',#1691,1.75);
#63=CIRCLE('',#1693,1.75);
#64=CIRCLE('',#1694,1.75);
#65=CIRCLE('',#1696,1.75);
#66=CIRCLE('',#1697,1.75);
#67=CIRCLE('',#1699,1.75);
#68=CIRCLE('',#1700,1.75);
#69=CIRCLE('',#1709,7.3);
#70=CIRCLE('',#1710,7.3);
#71=CIRCLE('',#1712,5.8);
#72=CIRCLE('',#1714,5.8);
#73=CIRCLE('',#1719,1.75);
#74=CIRCLE('',#1720,1.75);
#75=CIRCLE('',#1721,1.75);
#76=CIRCLE('',#1722,1.75);
#77=CIRCLE('',#1727,1.75);
#78=CIRCLE('',#1729,1.75);
#79=CIRCLE('',#1731,1.75);
#80=CIRCLE('',#1733,1.75);
#81=CYLINDRICAL_SURFACE('',#1663,5.8);
#82=CYLINDRICAL_SURFACE('',#1666,7.3);
#83=CYLINDRICAL_SURFACE('',#1678,17.9);
#84=CYLINDRICAL_SURFACE('',#1686,11.5);
#85=CYLINDRICAL_SURFACE('',#1689,1.75);
#86=CYLINDRICAL_SURFACE('',#1692,1.75);
#87=CYLINDRICAL_SURFACE('',#1695,1.75);
#88=CYLINDRICAL_SURFACE('',#1698,1.75);
#89=CYLINDRICAL_SURFACE('',#1708,7.3);
#90=CYLINDRICAL_SURFACE('',#1713,5.8);
#91=CYLINDRICAL_SURFACE('',#1726,1.75);
#92=CYLINDRICAL_SURFACE('',#1728,1.75);
#93=CYLINDRICAL_SURFACE('',#1730,1.75);
#94=CYLINDRICAL_SURFACE('',#1732,1.75);
#95=SHAPE_REPRESENTATION_RELATIONSHIP('SRR','None',#2629,#99);
#96=SHAPE_REPRESENTATION_RELATIONSHIP('SRR','None',#2630,#100);
#97=SHAPE_REPRESENTATION_RELATIONSHIP('SRR','None',#2631,#101);
#98=SHAPE_REPRESENTATION_RELATIONSHIP('SRR','None',#2632,#102);
#99=ADVANCED_BREP_SHAPE_REPRESENTATION('',(#107),#2605);
#100=ADVANCED_BREP_SHAPE_REPRESENTATION('',(#108),#2606);
#101=ADVANCED_BREP_SHAPE_REPRESENTATION('',(#109),#2607);
#102=ADVANCED_BREP_SHAPE_REPRESENTATION('',(#110),#2608);
#103=STYLED_ITEM('',(#2658),#107);
#104=STYLED_ITEM('',(#2658),#108);
#105=STYLED_ITEM('',(#2658),#109);
#106=STYLED_ITEM('',(#2658),#110);
#107=MANIFOLD_SOLID_BREP('Body1',#1577);
#108=MANIFOLD_SOLID_BREP('Body1',#1578);
#109=MANIFOLD_SOLID_BREP('Body1',#1579);
#110=MANIFOLD_SOLID_BREP('Body1',#1580);
#111=FACE_OUTER_BOUND('',#191,.T.);
#112=FACE_OUTER_BOUND('',#192,.T.);
#113=FACE_OUTER_BOUND('',#193,.T.);
#114=FACE_OUTER_BOUND('',#194,.T.);
#115=FACE_OUTER_BOUND('',#195,.T.);
#116=FACE_OUTER_BOUND('',#196,.T.);
#117=FACE_OUTER_BOUND('',#197,.T.);
#118=FACE_OUTER_BOUND('',#198,.T.);
#119=FACE_OUTER_BOUND('',#199,.T.);
#120=FACE_OUTER_BOUND('',#200,.T.);
#121=FACE_OUTER_BOUND('',#201,.T.);
#122=FACE_OUTER_BOUND('',#202,.T.);
#123=FACE_OUTER_BOUND('',#203,.T.);
#124=FACE_OUTER_BOUND('',#204,.T.);
#125=FACE_OUTER_BOUND('',#205,.T.);
#126=FACE_OUTER_BOUND('',#206,.T.);
#127=FACE_OUTER_BOUND('',#207,.T.);
#128=FACE_OUTER_BOUND('',#208,.T.);
#129=FACE_OUTER_BOUND('',#209,.T.);
#130=FACE_OUTER_BOUND('',#210,.T.);
#131=FACE_OUTER_BOUND('',#211,.T.);
#132=FACE_OUTER_BOUND('',#212,.T.);
#133=FACE_OUTER_BOUND('',#213,.T.);
#134=FACE_OUTER_BOUND('',#214,.T.);
#135=FACE_OUTER_BOUND('',#215,.T.);
#136=FACE_OUTER_BOUND('',#216,.T.);
#137=FACE_OUTER_BOUND('',#217,.T.);
#138=FACE_OUTER_BOUND('',#218,.T.);
#139=FACE_OUTER_BOUND('',#219,.T.);
#140=FACE_OUTER_BOUND('',#220,.T.);
#141=FACE_OUTER_BOUND('',#221,.T.);
#142=FACE_OUTER_BOUND('',#222,.T.);
#143=FACE_OUTER_BOUND('',#223,.T.);
#144=FACE_OUTER_BOUND('',#224,.T.);
#145=FACE_OUTER_BOUND('',#225,.T.);
#146=FACE_OUTER_BOUND('',#226,.T.);
#147=FACE_OUTER_BOUND('',#227,.T.);
#148=FACE_OUTER_BOUND('',#229,.T.);
#149=FACE_OUTER_BOUND('',#232,.T.);
#150=FACE_OUTER_BOUND('',#233,.T.);
#151=FACE_OUTER_BOUND('',#234,.T.);
#152=FACE_OUTER_BOUND('',#235,.T.);
#153=FACE_OUTER_BOUND('',#236,.T.);
#154=FACE_OUTER_BOUND('',#237,.T.);
#155=FACE_OUTER_BOUND('',#238,.T.);
#156=FACE_OUTER_BOUND('',#239,.T.);
#157=FACE_OUTER_BOUND('',#240,.T.);
#158=FACE_OUTER_BOUND('',#241,.T.);
#159=FACE_OUTER_BOUND('',#242,.T.);
#160=FACE_OUTER_BOUND('',#243,.T.);
#161=FACE_OUTER_BOUND('',#246,.T.);
#162=FACE_OUTER_BOUND('',#247,.T.);
#163=FACE_OUTER_BOUND('',#248,.T.);
#164=FACE_OUTER_BOUND('',#249,.T.);
#165=FACE_OUTER_BOUND('',#250,.T.);
#166=FACE_OUTER_BOUND('',#251,.T.);
#167=FACE_OUTER_BOUND('',#252,.T.);
#168=FACE_OUTER_BOUND('',#253,.T.);
#169=FACE_OUTER_BOUND('',#254,.T.);
#170=FACE_OUTER_BOUND('',#255,.T.);
#171=FACE_OUTER_BOUND('',#261,.T.);
#172=FACE_OUTER_BOUND('',#267,.T.);
#173=FACE_OUTER_BOUND('',#268,.T.);
#174=FACE_OUTER_BOUND('',#270,.T.);
#175=FACE_OUTER_BOUND('',#271,.T.);
#176=FACE_OUTER_BOUND('',#272,.T.);
#177=FACE_OUTER_BOUND('',#273,.T.);
#178=FACE_OUTER_BOUND('',#274,.T.);
#179=FACE_OUTER_BOUND('',#280,.T.);
#180=FACE_OUTER_BOUND('',#281,.T.);
#181=FACE_OUTER_BOUND('',#282,.T.);
#182=FACE_OUTER_BOUND('',#283,.T.);
#183=FACE_OUTER_BOUND('',#284,.T.);
#184=FACE_OUTER_BOUND('',#285,.T.);
#185=FACE_OUTER_BOUND('',#286,.T.);
#186=FACE_OUTER_BOUND('',#287,.T.);
#187=FACE_OUTER_BOUND('',#288,.T.);
#188=FACE_OUTER_BOUND('',#294,.T.);
#189=FACE_OUTER_BOUND('',#295,.T.);
#190=FACE_OUTER_BOUND('',#296,.T.);
#191=EDGE_LOOP('',(#1011,#1012,#1013,#1014));
#192=EDGE_LOOP('',(#1015,#1016,#1017,#1018,#1019,#1020,#1021,#1022,#1023,
#1024,#1025,#1026,#1027,#1028,#1029,#1030));
#193=EDGE_LOOP('',(#1031,#1032,#1033,#1034));
#194=EDGE_LOOP('',(#1035,#1036,#1037,#1038));
#195=EDGE_LOOP('',(#1039,#1040,#1041,#1042));
#196=EDGE_LOOP('',(#1043,#1044,#1045,#1046));
#197=EDGE_LOOP('',(#1047,#1048,#1049,#1050));
#198=EDGE_LOOP('',(#1051,#1052,#1053,#1054));
#199=EDGE_LOOP('',(#1055,#1056,#1057,#1058));
#200=EDGE_LOOP('',(#1059,#1060,#1061,#1062));
#201=EDGE_LOOP('',(#1063,#1064,#1065,#1066));
#202=EDGE_LOOP('',(#1067,#1068,#1069,#1070));
#203=EDGE_LOOP('',(#1071,#1072,#1073,#1074,#1075,#1076,#1077,#1078,#1079,
#1080,#1081,#1082,#1083,#1084,#1085,#1086,#1087,#1088,#1089,#1090,#1091,
#1092,#1093,#1094));
#204=EDGE_LOOP('',(#1095,#1096,#1097,#1098));
#205=EDGE_LOOP('',(#1099,#1100,#1101,#1102));
#206=EDGE_LOOP('',(#1103,#1104,#1105,#1106));
#207=EDGE_LOOP('',(#1107,#1108,#1109,#1110));
#208=EDGE_LOOP('',(#1111,#1112,#1113,#1114));
#209=EDGE_LOOP('',(#1115,#1116,#1117,#1118));
#210=EDGE_LOOP('',(#1119,#1120,#1121,#1122));
#211=EDGE_LOOP('',(#1123,#1124,#1125,#1126,#1127,#1128,#1129,#1130));
#212=EDGE_LOOP('',(#1131,#1132,#1133,#1134));
#213=EDGE_LOOP('',(#1135,#1136,#1137,#1138,#1139,#1140,#1141,#1142));
#214=EDGE_LOOP('',(#1143,#1144,#1145,#1146));
#215=EDGE_LOOP('',(#1147,#1148,#1149,#1150));
#216=EDGE_LOOP('',(#1151,#1152,#1153,#1154));
#217=EDGE_LOOP('',(#1155,#1156,#1157,#1158));
#218=EDGE_LOOP('',(#1159,#1160,#1161,#1162));
#219=EDGE_LOOP('',(#1163,#1164,#1165,#1166));
#220=EDGE_LOOP('',(#1167,#1168,#1169,#1170));
#221=EDGE_LOOP('',(#1171,#1172,#1173,#1174));
#222=EDGE_LOOP('',(#1175,#1176,#1177,#1178));
#223=EDGE_LOOP('',(#1179,#1180,#1181,#1182));
#224=EDGE_LOOP('',(#1183,#1184,#1185,#1186,#1187,#1188,#1189,#1190,#1191,
#1192,#1193,#1194,#1195,#1196,#1197,#1198,#1199,#1200,#1201,#1202));
#225=EDGE_LOOP('',(#1203,#1204,#1205,#1206));
#226=EDGE_LOOP('',(#1207,#1208,#1209,#1210));
#227=EDGE_LOOP('',(#1211));
#228=EDGE_LOOP('',(#1212));
#229=EDGE_LOOP('',(#1213,#1214,#1215,#1216,#1217,#1218,#1219,#1220));
#230=EDGE_LOOP('',(#1221));
#231=EDGE_LOOP('',(#1222));
#232=EDGE_LOOP('',(#1223,#1224,#1225,#1226));
#233=EDGE_LOOP('',(#1227,#1228,#1229,#1230));
#234=EDGE_LOOP('',(#1231,#1232,#1233,#1234));
#235=EDGE_LOOP('',(#1235,#1236,#1237,#1238));
#236=EDGE_LOOP('',(#1239,#1240,#1241,#1242));
#237=EDGE_LOOP('',(#1243,#1244,#1245,#1246));
#238=EDGE_LOOP('',(#1247,#1248,#1249,#1250));
#239=EDGE_LOOP('',(#1251,#1252,#1253,#1254,#1255,#1256,#1257,#1258));
#240=EDGE_LOOP('',(#1259,#1260,#1261,#1262,#1263,#1264));
#241=EDGE_LOOP('',(#1265,#1266,#1267,#1268));
#242=EDGE_LOOP('',(#1269,#1270,#1271,#1272,#1273,#1274));
#243=EDGE_LOOP('',(#1275,#1276,#1277,#1278));
#244=EDGE_LOOP('',(#1279));
#245=EDGE_LOOP('',(#1280));
#246=EDGE_LOOP('',(#1281,#1282,#1283,#1284));
#247=EDGE_LOOP('',(#1285,#1286,#1287,#1288));
#248=EDGE_LOOP('',(#1289,#1290,#1291,#1292));
#249=EDGE_LOOP('',(#1293,#1294,#1295,#1296));
#250=EDGE_LOOP('',(#1297,#1298,#1299,#1300));
#251=EDGE_LOOP('',(#1301,#1302,#1303,#1304));
#252=EDGE_LOOP('',(#1305,#1306,#1307,#1308));
#253=EDGE_LOOP('',(#1309,#1310,#1311,#1312));
#254=EDGE_LOOP('',(#1313,#1314,#1315,#1316));
#255=EDGE_LOOP('',(#1317,#1318,#1319,#1320));
#256=EDGE_LOOP('',(#1321));
#257=EDGE_LOOP('',(#1322));
#258=EDGE_LOOP('',(#1323));
#259=EDGE_LOOP('',(#1324));
#260=EDGE_LOOP('',(#1325));
#261=EDGE_LOOP('',(#1326,#1327,#1328,#1329));
#262=EDGE_LOOP('',(#1330));
#263=EDGE_LOOP('',(#1331));
#264=EDGE_LOOP('',(#1332));
#265=EDGE_LOOP('',(#1333));
#266=EDGE_LOOP('',(#1334));
#267=EDGE_LOOP('',(#1335,#1336,#1337,#1338));
#268=EDGE_LOOP('',(#1339));
#269=EDGE_LOOP('',(#1340));
#270=EDGE_LOOP('',(#1341,#1342,#1343,#1344));
#271=EDGE_LOOP('',(#1345,#1346,#1347,#1348));
#272=EDGE_LOOP('',(#1349,#1350,#1351,#1352));
#273=EDGE_LOOP('',(#1353,#1354,#1355,#1356));
#274=EDGE_LOOP('',(#1357,#1358,#1359,#1360,#1361,#1362,#1363,#1364));
#275=EDGE_LOOP('',(#1365));
#276=EDGE_LOOP('',(#1366));
#277=EDGE_LOOP('',(#1367));
#278=EDGE_LOOP('',(#1368));
#279=EDGE_LOOP('',(#1369));
#280=EDGE_LOOP('',(#1370,#1371,#1372,#1373));
#281=EDGE_LOOP('',(#1374,#1375,#1376,#1377));
#282=EDGE_LOOP('',(#1378,#1379,#1380,#1381));
#283=EDGE_LOOP('',(#1382,#1383,#1384,#1385));
#284=EDGE_LOOP('',(#1386,#1387,#1388,#1389));
#285=EDGE_LOOP('',(#1390,#1391,#1392,#1393));
#286=EDGE_LOOP('',(#1394,#1395,#1396,#1397));
#287=EDGE_LOOP('',(#1398,#1399,#1400,#1401,#1402,#1403,#1404,#1405));
#288=EDGE_LOOP('',(#1406,#1407,#1408,#1409));
#289=EDGE_LOOP('',(#1410));
#290=EDGE_LOOP('',(#1411));
#291=EDGE_LOOP('',(#1412));
#292=EDGE_LOOP('',(#1413));
#293=EDGE_LOOP('',(#1414));
#294=EDGE_LOOP('',(#1415,#1416,#1417,#1418));
#295=EDGE_LOOP('',(#1419,#1420,#1421,#1422,#1423,#1424));
#296=EDGE_LOOP('',(#1425,#1426,#1427,#1428,#1429,#1430));
#297=LINE('',#2164,#479);
#298=LINE('',#2166,#480);
#299=LINE('',#2168,#481);
#300=LINE('',#2169,#482);
#301=LINE('',#2172,#483);
#302=LINE('',#2174,#484);
#303=LINE('',#2176,#485);
#304=LINE('',#2178,#486);
#305=LINE('',#2180,#487);
#306=LINE('',#2182,#488);
#307=LINE('',#2184,#489);
#308=LINE('',#2186,#490);
#309=LINE('',#2188,#491);
#310=LINE('',#2190,#492);
#311=LINE('',#2192,#493);
#312=LINE('',#2194,#494);
#313=LINE('',#2196,#495);
#314=LINE('',#2198,#496);
#315=LINE('',#2199,#497);
#316=LINE('',#2202,#498);
#317=LINE('',#2204,#499);
#318=LINE('',#2205,#500);
#319=LINE('',#2208,#501);
#320=LINE('',#2209,#502);
#321=LINE('',#2212,#503);
#322=LINE('',#2213,#504);
#323=LINE('',#2215,#505);
#324=LINE('',#2218,#506);
#325=LINE('',#2219,#507);
#326=LINE('',#2222,#508);
#327=LINE('',#2223,#509);
#328=LINE('',#2225,#510);
#329=LINE('',#2229,#511);
#330=LINE('',#2230,#512);
#331=LINE('',#2231,#513);
#332=LINE('',#2234,#514);
#333=LINE('',#2235,#515);
#334=LINE('',#2238,#516);
#335=LINE('',#2239,#517);
#336=LINE('',#2242,#518);
#337=LINE('',#2244,#519);
#338=LINE('',#2246,#520);
#339=LINE('',#2248,#521);
#340=LINE('',#2250,#522);
#341=LINE('',#2252,#523);
#342=LINE('',#2254,#524);
#343=LINE('',#2256,#525);
#344=LINE('',#2258,#526);
#345=LINE('',#2260,#527);
#346=LINE('',#2262,#528);
#347=LINE('',#2264,#529);
#348=LINE('',#2266,#530);
#349=LINE('',#2268,#531);
#350=LINE('',#2270,#532);
#351=LINE('',#2272,#533);
#352=LINE('',#2274,#534);
#353=LINE('',#2276,#535);
#354=LINE('',#2278,#536);
#355=LINE('',#2280,#537);
#356=LINE('',#2281,#538);
#357=LINE('',#2283,#539);
#358=LINE('',#2286,#540);
#359=LINE('',#2288,#541);
#360=LINE('',#2289,#542);
#361=LINE('',#2292,#543);
#362=LINE('',#2293,#544);
#363=LINE('',#2296,#545);
#364=LINE('',#2297,#546);
#365=LINE('',#2300,#547);
#366=LINE('',#2302,#548);
#367=LINE('',#2303,#549);
#368=LINE('',#2306,#550);
#369=LINE('',#2307,#551);
#370=LINE('',#2310,#552);
#371=LINE('',#2311,#553);
#372=LINE('',#2314,#554);
#373=LINE('',#2316,#555);
#374=LINE('',#2318,#556);
#375=LINE('',#2320,#557);
#376=LINE('',#2321,#558);
#377=LINE('',#2323,#559);
#378=LINE('',#2326,#560);
#379=LINE('',#2328,#561);
#380=LINE('',#2330,#562);
#381=LINE('',#2332,#563);
#382=LINE('',#2333,#564);
#383=LINE('',#2335,#565);
#384=LINE('',#2337,#566);
#385=LINE('',#2339,#567);
#386=LINE('',#2340,#568);
#387=LINE('',#2343,#569);
#388=LINE('',#2345,#570);
#389=LINE('',#2346,#571);
#390=LINE('',#2349,#572);
#391=LINE('',#2351,#573);
#392=LINE('',#2352,#574);
#393=LINE('',#2360,#575);
#394=LINE('',#2366,#576);
#395=LINE('',#2372,#577);
#396=LINE('',#2374,#578);
#397=LINE('',#2376,#579);
#398=LINE('',#2378,#580);
#399=LINE('',#2380,#581);
#400=LINE('',#2382,#582);
#401=LINE('',#2384,#583);
#402=LINE('',#2385,#584);
#403=LINE('',#2390,#585);
#404=LINE('',#2392,#586);
#405=LINE('',#2393,#587);
#406=LINE('',#2396,#588);
#407=LINE('',#2397,#589);
#408=LINE('',#2400,#590);
#409=LINE('',#2401,#591);
#410=LINE('',#2404,#592);
#411=LINE('',#2406,#593);
#412=LINE('',#2407,#594);
#413=LINE('',#2410,#595);
#414=LINE('',#2411,#596);
#415=LINE('',#2414,#597);
#416=LINE('',#2415,#598);
#417=LINE('',#2418,#599);
#418=LINE('',#2423,#600);
#419=LINE('',#2424,#601);
#420=LINE('',#2425,#602);
#421=LINE('',#2428,#603);
#422=LINE('',#2429,#604);
#423=LINE('',#2432,#605);
#424=LINE('',#2433,#606);
#425=LINE('',#2435,#607);
#426=LINE('',#2442,#608);
#427=LINE('',#2448,#609);
#428=LINE('',#2454,#610);
#429=LINE('',#2460,#611);
#430=LINE('',#2466,#612);
#431=LINE('',#2471,#613);
#432=LINE('',#2473,#614);
#433=LINE('',#2475,#615);
#434=LINE('',#2476,#616);
#435=LINE('',#2479,#617);
#436=LINE('',#2481,#618);
#437=LINE('',#2482,#619);
#438=LINE('',#2485,#620);
#439=LINE('',#2487,#621);
#440=LINE('',#2488,#622);
#441=LINE('',#2490,#623);
#442=LINE('',#2491,#624);
#443=LINE('',#2499,#625);
#444=LINE('',#2507,#626);
#445=LINE('',#2511,#627);
#446=LINE('',#2513,#628);
#447=LINE('',#2515,#629);
#448=LINE('',#2516,#630);
#449=LINE('',#2519,#631);
#450=LINE('',#2521,#632);
#451=LINE('',#2522,#633);
#452=LINE('',#2525,#634);
#453=LINE('',#2526,#635);
#454=LINE('',#2529,#636);
#455=LINE('',#2531,#637);
#456=LINE('',#2533,#638);
#457=LINE('',#2535,#639);
#458=LINE('',#2537,#640);
#459=LINE('',#2538,#641);
#460=LINE('',#2549,#642);
#461=LINE('',#2551,#643);
#462=LINE('',#2552,#644);
#463=LINE('',#2555,#645);
#464=LINE('',#2556,#646);
#465=LINE('',#2559,#647);
#466=LINE('',#2560,#648);
#467=LINE('',#2563,#649);
#468=LINE('',#2567,#650);
#469=LINE('',#2571,#651);
#470=LINE('',#2575,#652);
#471=LINE('',#2579,#653);
#472=LINE('',#2581,#654);
#473=LINE('',#2582,#655);
#474=LINE('',#2585,#656);
#475=LINE('',#2587,#657);
#476=LINE('',#2588,#658);
#477=LINE('',#2590,#659);
#478=LINE('',#2591,#660);
#479=VECTOR('',#1749,10.);
#480=VECTOR('',#1750,10.);
#481=VECTOR('',#1751,9.99999999999999);
#482=VECTOR('',#1752,10.);
#483=VECTOR('',#1755,10.);
#484=VECTOR('',#1756,10.);
#485=VECTOR('',#1757,10.);
#486=VECTOR('',#1758,10.);
#487=VECTOR('',#1759,10.);
#488=VECTOR('',#1760,10.);
#489=VECTOR('',#1761,10.);
#490=VECTOR('',#1762,10.);
#491=VECTOR('',#1763,10.);
#492=VECTOR('',#1764,10.);
#493=VECTOR('',#1765,10.);
#494=VECTOR('',#1766,10.);
#495=VECTOR('',#1767,10.);
#496=VECTOR('',#1768,9.99999999999999);
#497=VECTOR('',#1769,10.);
#498=VECTOR('',#1772,10.);
#499=VECTOR('',#1773,9.99999999999999);
#500=VECTOR('',#1774,10.);
#501=VECTOR('',#1777,10.);
#502=VECTOR('',#1778,10.);
#503=VECTOR('',#1781,10.);
#504=VECTOR('',#1782,10.);
#505=VECTOR('',#1785,10.);
#506=VECTOR('',#1788,10.);
#507=VECTOR('',#1789,10.);
#508=VECTOR('',#1792,10.);
#509=VECTOR('',#1793,10.);
#510=VECTOR('',#1796,10.);
#511=VECTOR('',#1799,10.);
#512=VECTOR('',#1800,10.);
#513=VECTOR('',#1801,10.);
#514=VECTOR('',#1804,10.);
#515=VECTOR('',#1805,10.);
#516=VECTOR('',#1808,10.);
#517=VECTOR('',#1809,10.);
#518=VECTOR('',#1812,10.);
#519=VECTOR('',#1813,10.);
#520=VECTOR('',#1814,10.);
#521=VECTOR('',#1815,10.);
#522=VECTOR('',#1816,10.);
#523=VECTOR('',#1817,10.);
#524=VECTOR('',#1818,10.);
#525=VECTOR('',#1819,10.);
#526=VECTOR('',#1820,10.);
#527=VECTOR('',#1821,10.);
#528=VECTOR('',#1822,10.);
#529=VECTOR('',#1823,10.);
#530=VECTOR('',#1824,10.);
#531=VECTOR('',#1825,10.);
#532=VECTOR('',#1826,10.);
#533=VECTOR('',#1827,10.);
#534=VECTOR('',#1828,10.);
#535=VECTOR('',#1829,10.);
#536=VECTOR('',#1830,10.);
#537=VECTOR('',#1831,10.);
#538=VECTOR('',#1832,10.);
#539=VECTOR('',#1835,10.);
#540=VECTOR('',#1838,10.);
#541=VECTOR('',#1839,10.);
#542=VECTOR('',#1840,10.);
#543=VECTOR('',#1843,10.);
#544=VECTOR('',#1844,10.);
#545=VECTOR('',#1847,10.);
#546=VECTOR('',#1848,10.);
#547=VECTOR('',#1851,10.);
#548=VECTOR('',#1852,10.);
#549=VECTOR('',#1853,10.);
#550=VECTOR('',#1856,10.);
#551=VECTOR('',#1857,10.);
#552=VECTOR('',#1860,10.);
#553=VECTOR('',#1861,10.);
#554=VECTOR('',#1864,10.);
#555=VECTOR('',#1865,10.);
#556=VECTOR('',#1866,10.);
#557=VECTOR('',#1867,10.);
#558=VECTOR('',#1868,10.);
#559=VECTOR('',#1871,10.);
#560=VECTOR('',#1874,10.);
#561=VECTOR('',#1875,10.);
#562=VECTOR('',#1876,10.);
#563=VECTOR('',#1877,10.);
#564=VECTOR('',#1878,10.);
#565=VECTOR('',#1881,10.);
#566=VECTOR('',#1884,10.);
#567=VECTOR('',#1887,10.);
#568=VECTOR('',#1888,10.);
#569=VECTOR('',#1893,10.);
#570=VECTOR('',#1896,10.);
#571=VECTOR('',#1897,10.);
#572=VECTOR('',#1902,10.);
#573=VECTOR('',#1905,10.);
#574=VECTOR('',#1906,10.);
#575=VECTOR('',#1917,5.8);
#576=VECTOR('',#1924,7.3);
#577=VECTOR('',#1931,10.);
#578=VECTOR('',#1932,10.);
#579=VECTOR('',#1933,10.);
#580=VECTOR('',#1934,10.);
#581=VECTOR('',#1935,10.);
#582=VECTOR('',#1936,10.);
#583=VECTOR('',#1937,10.);
#584=VECTOR('',#1938,10.);
#585=VECTOR('',#1943,10.);
#586=VECTOR('',#1944,10.);
#587=VECTOR('',#1945,10.);
#588=VECTOR('',#1948,10.);
#589=VECTOR('',#1949,10.);
#590=VECTOR('',#1952,10.);
#591=VECTOR('',#1953,10.);
#592=VECTOR('',#1956,10.);
#593=VECTOR('',#1957,10.);
#594=VECTOR('',#1958,10.);
#595=VECTOR('',#1961,10.);
#596=VECTOR('',#1962,10.);
#597=VECTOR('',#1965,10.);
#598=VECTOR('',#1966,10.);
#599=VECTOR('',#1969,17.9);
#600=VECTOR('',#1974,10.);
#601=VECTOR('',#1975,10.);
#602=VECTOR('',#1976,10.);
#603=VECTOR('',#1979,10.);
#604=VECTOR('',#1980,10.);
#605=VECTOR('',#1983,10.);
#606=VECTOR('',#1984,10.);
#607=VECTOR('',#1987,10.);
#608=VECTOR('',#1996,11.5);
#609=VECTOR('',#2003,1.75);
#610=VECTOR('',#2010,1.75);
#611=VECTOR('',#2017,1.75);
#612=VECTOR('',#2024,1.75);
#613=VECTOR('',#2029,10.);
#614=VECTOR('',#2030,10.);
#615=VECTOR('',#2031,10.);
#616=VECTOR('',#2032,10.);
#617=VECTOR('',#2035,10.);
#618=VECTOR('',#2036,10.);
#619=VECTOR('',#2037,10.);
#620=VECTOR('',#2040,10.);
#621=VECTOR('',#2041,10.);
#622=VECTOR('',#2042,10.);
#623=VECTOR('',#2045,10.);
#624=VECTOR('',#2046,10.);
#625=VECTOR('',#2057,7.3);
#626=VECTOR('',#2068,5.8);
#627=VECTOR('',#2071,10.);
#628=VECTOR('',#2072,10.);
#629=VECTOR('',#2073,10.);
#630=VECTOR('',#2074,10.);
#631=VECTOR('',#2077,10.);
#632=VECTOR('',#2078,10.);
#633=VECTOR('',#2079,10.);
#634=VECTOR('',#2082,10.);
#635=VECTOR('',#2083,10.);
#636=VECTOR('',#2086,10.);
#637=VECTOR('',#2087,10.);
#638=VECTOR('',#2088,10.);
#639=VECTOR('',#2089,10.);
#640=VECTOR('',#2090,10.);
#641=VECTOR('',#2091,10.);
#642=VECTOR('',#2102,10.);
#643=VECTOR('',#2103,10.);
#644=VECTOR('',#2104,10.);
#645=VECTOR('',#2107,10.);
#646=VECTOR('',#2108,10.);
#647=VECTOR('',#2111,10.);
#648=VECTOR('',#2112,10.);
#649=VECTOR('',#2115,1.75);
#650=VECTOR('',#2120,1.75);
#651=VECTOR('',#2125,1.75);
#652=VECTOR('',#2130,1.75);
#653=VECTOR('',#2135,10.);
#654=VECTOR('',#2136,10.);
#655=VECTOR('',#2137,10.);
#656=VECTOR('',#2140,10.);
#657=VECTOR('',#2141,10.);
#658=VECTOR('',#2142,10.);
#659=VECTOR('',#2145,10.);
#660=VECTOR('',#2146,10.);
#661=VERTEX_POINT('',#2162);
#662=VERTEX_POINT('',#2163);
#663=VERTEX_POINT('',#2165);
#664=VERTEX_POINT('',#2167);
#665=VERTEX_POINT('',#2171);
#666=VERTEX_POINT('',#2173);
#667=VERTEX_POINT('',#2175);
#668=VERTEX_POINT('',#2177);
#669=VERTEX_POINT('',#2179);
#670=VERTEX_POINT('',#2181);
#671=VERTEX_POINT('',#2183);
#672=VERTEX_POINT('',#2185);
#673=VERTEX_POINT('',#2187);
#674=VERTEX_POINT('',#2189);
#675=VERTEX_POINT('',#2191);
#676=VERTEX_POINT('',#2193);
#677=VERTEX_POINT('',#2195);
#678=VERTEX_POINT('',#2197);
#679=VERTEX_POINT('',#2201);
#680=VERTEX_POINT('',#2203);
#681=VERTEX_POINT('',#2207);
#682=VERTEX_POINT('',#2211);
#683=VERTEX_POINT('',#2217);
#684=VERTEX_POINT('',#2221);
#685=VERTEX_POINT('',#2227);
#686=VERTEX_POINT('',#2228);
#687=VERTEX_POINT('',#2233);
#688=VERTEX_POINT('',#2237);
#689=VERTEX_POINT('',#2241);
#690=VERTEX_POINT('',#2243);
#691=VERTEX_POINT('',#2245);
#692=VERTEX_POINT('',#2247);
#693=VERTEX_POINT('',#2249);
#694=VERTEX_POINT('',#2251);
#695=VERTEX_POINT('',#2253);
#696=VERTEX_POINT('',#2255);
#697=VERTEX_POINT('',#2257);
#698=VERTEX_POINT('',#2259);
#699=VERTEX_POINT('',#2261);
#700=VERTEX_POINT('',#2263);
#701=VERTEX_POINT('',#2265);
#702=VERTEX_POINT('',#2267);
#703=VERTEX_POINT('',#2269);
#704=VERTEX_POINT('',#2271);
#705=VERTEX_POINT('',#2273);
#706=VERTEX_POINT('',#2275);
#707=VERTEX_POINT('',#2277);
#708=VERTEX_POINT('',#2279);
#709=VERTEX_POINT('',#2285);
#710=VERTEX_POINT('',#2287);
#711=VERTEX_POINT('',#2291);
#712=VERTEX_POINT('',#2295);
#713=VERTEX_POINT('',#2299);
#714=VERTEX_POINT('',#2301);
#715=VERTEX_POINT('',#2305);
#716=VERTEX_POINT('',#2309);
#717=VERTEX_POINT('',#2313);
#718=VERTEX_POINT('',#2315);
#719=VERTEX_POINT('',#2317);
#720=VERTEX_POINT('',#2319);
#721=VERTEX_POINT('',#2325);
#722=VERTEX_POINT('',#2327);
#723=VERTEX_POINT('',#2329);
#724=VERTEX_POINT('',#2331);
#725=VERTEX_POINT('',#2357);
#726=VERTEX_POINT('',#2359);
#727=VERTEX_POINT('',#2363);
#728=VERTEX_POINT('',#2365);
#729=VERTEX_POINT('',#2370);
#730=VERTEX_POINT('',#2371);
#731=VERTEX_POINT('',#2373);
#732=VERTEX_POINT('',#2375);
#733=VERTEX_POINT('',#2377);
#734=VERTEX_POINT('',#2379);
#735=VERTEX_POINT('',#2381);
#736=VERTEX_POINT('',#2383);
#737=VERTEX_POINT('',#2386);
#738=VERTEX_POINT('',#2389);
#739=VERTEX_POINT('',#2391);
#740=VERTEX_POINT('',#2395);
#741=VERTEX_POINT('',#2399);
#742=VERTEX_POINT('',#2403);
#743=VERTEX_POINT('',#2405);
#744=VERTEX_POINT('',#2409);
#745=VERTEX_POINT('',#2413);
#746=VERTEX_POINT('',#2417);
#747=VERTEX_POINT('',#2421);
#748=VERTEX_POINT('',#2422);
#749=VERTEX_POINT('',#2427);
#750=VERTEX_POINT('',#2431);
#751=VERTEX_POINT('',#2439);
#752=VERTEX_POINT('',#2441);
#753=VERTEX_POINT('',#2445);
#754=VERTEX_POINT('',#2447);
#755=VERTEX_POINT('',#2451);
#756=VERTEX_POINT('',#2453);
#757=VERTEX_POINT('',#2457);
#758=VERTEX_POINT('',#2459);
#759=VERTEX_POINT('',#2463);
#760=VERTEX_POINT('',#2465);
#761=VERTEX_POINT('',#2469);
#762=VERTEX_POINT('',#2470);
#763=VERTEX_POINT('',#2472);
#764=VERTEX_POINT('',#2474);
#765=VERTEX_POINT('',#2478);
#766=VERTEX_POINT('',#2480);
#767=VERTEX_POINT('',#2484);
#768=VERTEX_POINT('',#2486);
#769=VERTEX_POINT('',#2496);
#770=VERTEX_POINT('',#2498);
#771=VERTEX_POINT('',#2502);
#772=VERTEX_POINT('',#2505);
#773=VERTEX_POINT('',#2509);
#774=VERTEX_POINT('',#2510);
#775=VERTEX_POINT('',#2512);
#776=VERTEX_POINT('',#2514);
#777=VERTEX_POINT('',#2518);
#778=VERTEX_POINT('',#2520);
#779=VERTEX_POINT('',#2524);
#780=VERTEX_POINT('',#2528);
#781=VERTEX_POINT('',#2530);
#782=VERTEX_POINT('',#2532);
#783=VERTEX_POINT('',#2534);
#784=VERTEX_POINT('',#2536);
#785=VERTEX_POINT('',#2539);
#786=VERTEX_POINT('',#2541);
#787=VERTEX_POINT('',#2543);
#788=VERTEX_POINT('',#2545);
#789=VERTEX_POINT('',#2548);
#790=VERTEX_POINT('',#2550);
#791=VERTEX_POINT('',#2554);
#792=VERTEX_POINT('',#2558);
#793=VERTEX_POINT('',#2562);
#794=VERTEX_POINT('',#2566);
#795=VERTEX_POINT('',#2570);
#796=VERTEX_POINT('',#2574);
#797=VERTEX_POINT('',#2578);
#798=VERTEX_POINT('',#2580);
#799=VERTEX_POINT('',#2584);
#800=VERTEX_POINT('',#2586);
#801=EDGE_CURVE('',#661,#662,#297,.T.);
#802=EDGE_CURVE('',#661,#663,#298,.T.);
#803=EDGE_CURVE('',#664,#663,#299,.T.);
#804=EDGE_CURVE('',#662,#664,#300,.T.);
#805=EDGE_CURVE('',#662,#665,#301,.T.);
#806=EDGE_CURVE('',#665,#666,#302,.T.);
#807=EDGE_CURVE('',#666,#667,#303,.T.);
#808=EDGE_CURVE('',#667,#668,#304,.T.);
#809=EDGE_CURVE('',#669,#668,#305,.T.);
#810=EDGE_CURVE('',#669,#670,#306,.T.);
#811=EDGE_CURVE('',#670,#671,#307,.T.);
#812=EDGE_CURVE('',#671,#672,#308,.T.);
#813=EDGE_CURVE('',#673,#672,#309,.T.);
#814=EDGE_CURVE('',#674,#673,#310,.T.);
#815=EDGE_CURVE('',#674,#675,#311,.T.);
#816=EDGE_CURVE('',#675,#676,#312,.T.);
#817=EDGE_CURVE('',#676,#677,#313,.T.);
#818=EDGE_CURVE('',#677,#678,#314,.T.);
#819=EDGE_CURVE('',#678,#661,#315,.T.);
#820=EDGE_CURVE('',#677,#679,#316,.T.);
#821=EDGE_CURVE('',#680,#679,#317,.T.);
#822=EDGE_CURVE('',#678,#680,#318,.T.);
#823=EDGE_CURVE('',#681,#664,#319,.T.);
#824=EDGE_CURVE('',#665,#681,#320,.T.);
#825=EDGE_CURVE('',#682,#681,#321,.T.);
#826=EDGE_CURVE('',#666,#682,#322,.T.);
#827=EDGE_CURVE('',#663,#682,#323,.T.);
#828=EDGE_CURVE('',#676,#683,#324,.T.);
#829=EDGE_CURVE('',#679,#683,#325,.T.);
#830=EDGE_CURVE('',#675,#684,#326,.T.);
#831=EDGE_CURVE('',#683,#684,#327,.T.);
#832=EDGE_CURVE('',#684,#680,#328,.T.);
#833=EDGE_CURVE('',#685,#686,#329,.T.);
#834=EDGE_CURVE('',#671,#685,#330,.T.);
#835=EDGE_CURVE('',#670,#686,#331,.T.);
#836=EDGE_CURVE('',#686,#687,#332,.T.);
#837=EDGE_CURVE('',#687,#669,#333,.T.);
#838=EDGE_CURVE('',#688,#685,#334,.T.);
#839=EDGE_CURVE('',#672,#688,#335,.T.);
#840=EDGE_CURVE('',#689,#687,#336,.T.);
#841=EDGE_CURVE('',#690,#689,#337,.T.);
#842=EDGE_CURVE('',#691,#690,#338,.T.);
#843=EDGE_CURVE('',#691,#692,#339,.T.);
#844=EDGE_CURVE('',#693,#692,#340,.T.);
#845=EDGE_CURVE('',#693,#694,#341,.T.);
#846=EDGE_CURVE('',#694,#695,#342,.T.);
#847=EDGE_CURVE('',#695,#696,#343,.T.);
#848=EDGE_CURVE('',#697,#696,#344,.T.);
#849=EDGE_CURVE('',#698,#697,#345,.T.);
#850=EDGE_CURVE('',#699,#698,#346,.T.);
#851=EDGE_CURVE('',#699,#700,#347,.T.);
#852=EDGE_CURVE('',#701,#700,#348,.T.);
#853=EDGE_CURVE('',#701,#702,#349,.T.);
#854=EDGE_CURVE('',#702,#703,#350,.T.);
#855=EDGE_CURVE('',#703,#704,#351,.T.);
#856=EDGE_CURVE('',#705,#704,#352,.T.);
#857=EDGE_CURVE('',#706,#705,#353,.T.);
#858=EDGE_CURVE('',#707,#706,#354,.T.);
#859=EDGE_CURVE('',#707,#708,#355,.T.);
#860=EDGE_CURVE('',#688,#708,#356,.T.);
#861=EDGE_CURVE('',#668,#689,#357,.T.);
#862=EDGE_CURVE('',#709,#701,#358,.T.);
#863=EDGE_CURVE('',#710,#709,#359,.T.);
#864=EDGE_CURVE('',#710,#702,#360,.T.);
#865=EDGE_CURVE('',#711,#710,#361,.T.);
#866=EDGE_CURVE('',#711,#703,#362,.T.);
#867=EDGE_CURVE('',#712,#711,#363,.T.);
#868=EDGE_CURVE('',#704,#712,#364,.T.);
#869=EDGE_CURVE('',#713,#693,#365,.T.);
#870=EDGE_CURVE('',#714,#713,#366,.T.);
#871=EDGE_CURVE('',#714,#694,#367,.T.);
#872=EDGE_CURVE('',#715,#714,#368,.T.);
#873=EDGE_CURVE('',#715,#695,#369,.T.);
#874=EDGE_CURVE('',#716,#715,#370,.T.);
#875=EDGE_CURVE('',#696,#716,#371,.T.);
#876=EDGE_CURVE('',#717,#709,#372,.T.);
#877=EDGE_CURVE('',#718,#717,#373,.T.);
#878=EDGE_CURVE('',#719,#718,#374,.T.);
#879=EDGE_CURVE('',#719,#720,#375,.T.);
#880=EDGE_CURVE('',#712,#720,#376,.T.);
#881=EDGE_CURVE('',#700,#717,#377,.T.);
#882=EDGE_CURVE('',#721,#713,#378,.T.);
#883=EDGE_CURVE('',#722,#721,#379,.T.);
#884=EDGE_CURVE('',#723,#722,#380,.T.);
#885=EDGE_CURVE('',#723,#724,#381,.T.);
#886=EDGE_CURVE('',#716,#724,#382,.T.);
#887=EDGE_CURVE('',#692,#721,#383,.T.);
#888=EDGE_CURVE('',#718,#699,#384,.T.);
#889=EDGE_CURVE('',#706,#719,#385,.T.);
#890=EDGE_CURVE('',#720,#705,#386,.T.);
#891=EDGE_CURVE('',#722,#691,#387,.T.);
#892=EDGE_CURVE('',#698,#723,#388,.T.);
#893=EDGE_CURVE('',#724,#697,#389,.T.);
#894=EDGE_CURVE('',#667,#690,#390,.T.);
#895=EDGE_CURVE('',#674,#707,#391,.T.);
#896=EDGE_CURVE('',#708,#673,#392,.T.);
#897=EDGE_CURVE('',#725,#725,#53,.T.);
#898=EDGE_CURVE('',#725,#726,#393,.T.);
#899=EDGE_CURVE('',#726,#726,#54,.T.);
#900=EDGE_CURVE('',#727,#727,#55,.T.);
#901=EDGE_CURVE('',#727,#728,#394,.T.);
#902=EDGE_CURVE('',#728,#728,#56,.T.);
#903=EDGE_CURVE('',#729,#730,#395,.T.);
#904=EDGE_CURVE('',#730,#731,#396,.T.);
#905=EDGE_CURVE('',#731,#732,#397,.T.);
#906=EDGE_CURVE('',#732,#733,#398,.T.);
#907=EDGE_CURVE('',#733,#734,#399,.T.);
#908=EDGE_CURVE('',#734,#735,#400,.T.);
#909=EDGE_CURVE('',#735,#736,#401,.T.);
#910=EDGE_CURVE('',#736,#729,#402,.T.);
#911=EDGE_CURVE('',#737,#737,#57,.T.);
#912=EDGE_CURVE('',#729,#738,#403,.T.);
#913=EDGE_CURVE('',#739,#738,#404,.T.);
#914=EDGE_CURVE('',#730,#739,#405,.T.);
#915=EDGE_CURVE('',#740,#739,#406,.T.);
#916=EDGE_CURVE('',#731,#740,#407,.T.);
#917=EDGE_CURVE('',#738,#741,#408,.T.);
#918=EDGE_CURVE('',#741,#740,#409,.T.);
#919=EDGE_CURVE('',#732,#742,#410,.T.);
#920=EDGE_CURVE('',#743,#742,#411,.T.);
#921=EDGE_CURVE('',#733,#743,#412,.T.);
#922=EDGE_CURVE('',#744,#743,#413,.T.);
#923=EDGE_CURVE('',#734,#744,#414,.T.);
#924=EDGE_CURVE('',#745,#744,#415,.T.);
#925=EDGE_CURVE('',#742,#745,#416,.T.);
#926=EDGE_CURVE('',#737,#746,#417,.T.);
#927=EDGE_CURVE('',#746,#746,#58,.T.);
#928=EDGE_CURVE('',#747,#748,#418,.T.);
#929=EDGE_CURVE('',#747,#745,#419,.T.);
#930=EDGE_CURVE('',#748,#741,#420,.T.);
#931=EDGE_CURVE('',#748,#749,#421,.T.);
#932=EDGE_CURVE('',#749,#736,#422,.T.);
#933=EDGE_CURVE('',#749,#750,#423,.T.);
#934=EDGE_CURVE('',#750,#735,#424,.T.);
#935=EDGE_CURVE('',#750,#747,#425,.T.);
#936=EDGE_CURVE('',#751,#751,#59,.T.);
#937=EDGE_CURVE('',#751,#752,#426,.T.);
#938=EDGE_CURVE('',#752,#752,#60,.T.);
#939=EDGE_CURVE('',#753,#753,#61,.T.);
#940=EDGE_CURVE('',#753,#754,#427,.T.);
#941=EDGE_CURVE('',#754,#754,#62,.T.);
#942=EDGE_CURVE('',#755,#755,#63,.T.);
#943=EDGE_CURVE('',#755,#756,#428,.T.);
#944=EDGE_CURVE('',#756,#756,#64,.T.);
#945=EDGE_CURVE('',#757,#757,#65,.T.);
#946=EDGE_CURVE('',#757,#758,#429,.T.);
#947=EDGE_CURVE('',#758,#758,#66,.T.);
#948=EDGE_CURVE('',#759,#759,#67,.T.);
#949=EDGE_CURVE('',#759,#760,#430,.T.);
#950=EDGE_CURVE('',#760,#760,#68,.T.);
#951=EDGE_CURVE('',#761,#762,#431,.T.);
#952=EDGE_CURVE('',#762,#763,#432,.T.);
#953=EDGE_CURVE('',#764,#763,#433,.T.);
#954=EDGE_CURVE('',#761,#764,#434,.T.);
#955=EDGE_CURVE('',#765,#761,#435,.T.);
#956=EDGE_CURVE('',#766,#764,#436,.T.);
#957=EDGE_CURVE('',#765,#766,#437,.T.);
#958=EDGE_CURVE('',#767,#765,#438,.T.);
#959=EDGE_CURVE('',#768,#766,#439,.T.);
#960=EDGE_CURVE('',#767,#768,#440,.T.);
#961=EDGE_CURVE('',#762,#767,#441,.T.);
#962=EDGE_CURVE('',#763,#768,#442,.T.);
#963=EDGE_CURVE('',#769,#769,#69,.T.);
#964=EDGE_CURVE('',#769,#770,#443,.T.);
#965=EDGE_CURVE('',#770,#770,#70,.T.);
#966=EDGE_CURVE('',#771,#771,#71,.T.);
#967=EDGE_CURVE('',#772,#772,#72,.T.);
#968=EDGE_CURVE('',#772,#771,#444,.T.);
#969=EDGE_CURVE('',#773,#774,#445,.T.);
#970=EDGE_CURVE('',#773,#775,#446,.T.);
#971=EDGE_CURVE('',#776,#775,#447,.T.);
#972=EDGE_CURVE('',#774,#776,#448,.T.);
#973=EDGE_CURVE('',#774,#777,#449,.T.);
#974=EDGE_CURVE('',#778,#776,#450,.T.);
#975=EDGE_CURVE('',#777,#778,#451,.T.);
#976=EDGE_CURVE('',#775,#779,#452,.T.);
#977=EDGE_CURVE('',#779,#778,#453,.T.);
#978=EDGE_CURVE('',#780,#777,#454,.T.);
#979=EDGE_CURVE('',#780,#781,#455,.T.);
#980=EDGE_CURVE('',#781,#782,#456,.T.);
#981=EDGE_CURVE('',#782,#783,#457,.T.);
#982=EDGE_CURVE('',#783,#784,#458,.T.);
#983=EDGE_CURVE('',#773,#784,#459,.T.);
#984=EDGE_CURVE('',#785,#785,#73,.T.);
#985=EDGE_CURVE('',#786,#786,#74,.T.);
#986=EDGE_CURVE('',#787,#787,#75,.T.);
#987=EDGE_CURVE('',#788,#788,#76,.T.);
#988=EDGE_CURVE('',#780,#789,#460,.T.);
#989=EDGE_CURVE('',#790,#789,#461,.T.);
#990=EDGE_CURVE('',#781,#790,#462,.T.);
#991=EDGE_CURVE('',#791,#790,#463,.T.);
#992=EDGE_CURVE('',#782,#791,#464,.T.);
#993=EDGE_CURVE('',#789,#792,#465,.T.);
#994=EDGE_CURVE('',#792,#791,#466,.T.);
#995=EDGE_CURVE('',#788,#793,#467,.T.);
#996=EDGE_CURVE('',#793,#793,#77,.T.);
#997=EDGE_CURVE('',#787,#794,#468,.T.);
#998=EDGE_CURVE('',#794,#794,#78,.T.);
#999=EDGE_CURVE('',#786,#795,#469,.T.);
#1000=EDGE_CURVE('',#795,#795,#79,.T.);
#1001=EDGE_CURVE('',#785,#796,#470,.T.);
#1002=EDGE_CURVE('',#796,#796,#80,.T.);
#1003=EDGE_CURVE('',#797,#792,#471,.T.);
#1004=EDGE_CURVE('',#798,#779,#472,.T.);
#1005=EDGE_CURVE('',#797,#798,#473,.T.);
#1006=EDGE_CURVE('',#799,#797,#474,.T.);
#1007=EDGE_CURVE('',#800,#798,#475,.T.);
#1008=EDGE_CURVE('',#799,#800,#476,.T.);
#1009=EDGE_CURVE('',#783,#799,#477,.T.);
#1010=EDGE_CURVE('',#784,#800,#478,.T.);
#1011=ORIENTED_EDGE('',*,*,#801,.F.);
#1012=ORIENTED_EDGE('',*,*,#802,.T.);
#1013=ORIENTED_EDGE('',*,*,#803,.F.);
#1014=ORIENTED_EDGE('',*,*,#804,.F.);
#1015=ORIENTED_EDGE('',*,*,#801,.T.);
#1016=ORIENTED_EDGE('',*,*,#805,.T.);
#1017=ORIENTED_EDGE('',*,*,#806,.T.);
#1018=ORIENTED_EDGE('',*,*,#807,.T.);
#1019=ORIENTED_EDGE('',*,*,#808,.T.);
#1020=ORIENTED_EDGE('',*,*,#809,.F.);
#1021=ORIENTED_EDGE('',*,*,#810,.T.);
#1022=ORIENTED_EDGE('',*,*,#811,.T.);
#1023=ORIENTED_EDGE('',*,*,#812,.T.);
#1024=ORIENTED_EDGE('',*,*,#813,.F.);
#1025=ORIENTED_EDGE('',*,*,#814,.F.);
#1026=ORIENTED_EDGE('',*,*,#815,.T.);
#1027=ORIENTED_EDGE('',*,*,#816,.T.);
#1028=ORIENTED_EDGE('',*,*,#817,.T.);
#1029=ORIENTED_EDGE('',*,*,#818,.T.);
#1030=ORIENTED_EDGE('',*,*,#819,.T.);
#1031=ORIENTED_EDGE('',*,*,#818,.F.);
#1032=ORIENTED_EDGE('',*,*,#820,.T.);
#1033=ORIENTED_EDGE('',*,*,#821,.F.);
#1034=ORIENTED_EDGE('',*,*,#822,.F.);
#1035=ORIENTED_EDGE('',*,*,#805,.F.);
#1036=ORIENTED_EDGE('',*,*,#804,.T.);
#1037=ORIENTED_EDGE('',*,*,#823,.F.);
#1038=ORIENTED_EDGE('',*,*,#824,.F.);
#1039=ORIENTED_EDGE('',*,*,#806,.F.);
#1040=ORIENTED_EDGE('',*,*,#824,.T.);
#1041=ORIENTED_EDGE('',*,*,#825,.F.);
#1042=ORIENTED_EDGE('',*,*,#826,.F.);
#1043=ORIENTED_EDGE('',*,*,#827,.T.);
#1044=ORIENTED_EDGE('',*,*,#825,.T.);
#1045=ORIENTED_EDGE('',*,*,#823,.T.);
#1046=ORIENTED_EDGE('',*,*,#803,.T.);
#1047=ORIENTED_EDGE('',*,*,#817,.F.);
#1048=ORIENTED_EDGE('',*,*,#828,.T.);
#1049=ORIENTED_EDGE('',*,*,#829,.F.);
#1050=ORIENTED_EDGE('',*,*,#820,.F.);
#1051=ORIENTED_EDGE('',*,*,#816,.F.);
#1052=ORIENTED_EDGE('',*,*,#830,.T.);
#1053=ORIENTED_EDGE('',*,*,#831,.F.);
#1054=ORIENTED_EDGE('',*,*,#828,.F.);
#1055=ORIENTED_EDGE('',*,*,#831,.T.);
#1056=ORIENTED_EDGE('',*,*,#832,.T.);
#1057=ORIENTED_EDGE('',*,*,#821,.T.);
#1058=ORIENTED_EDGE('',*,*,#829,.T.);
#1059=ORIENTED_EDGE('',*,*,#833,.F.);
#1060=ORIENTED_EDGE('',*,*,#834,.F.);
#1061=ORIENTED_EDGE('',*,*,#811,.F.);
#1062=ORIENTED_EDGE('',*,*,#835,.T.);
#1063=ORIENTED_EDGE('',*,*,#836,.F.);
#1064=ORIENTED_EDGE('',*,*,#835,.F.);
#1065=ORIENTED_EDGE('',*,*,#810,.F.);
#1066=ORIENTED_EDGE('',*,*,#837,.F.);
#1067=ORIENTED_EDGE('',*,*,#838,.F.);
#1068=ORIENTED_EDGE('',*,*,#839,.F.);
#1069=ORIENTED_EDGE('',*,*,#812,.F.);
#1070=ORIENTED_EDGE('',*,*,#834,.T.);
#1071=ORIENTED_EDGE('',*,*,#838,.T.);
#1072=ORIENTED_EDGE('',*,*,#833,.T.);
#1073=ORIENTED_EDGE('',*,*,#836,.T.);
#1074=ORIENTED_EDGE('',*,*,#840,.F.);
#1075=ORIENTED_EDGE('',*,*,#841,.F.);
#1076=ORIENTED_EDGE('',*,*,#842,.F.);
#1077=ORIENTED_EDGE('',*,*,#843,.T.);
#1078=ORIENTED_EDGE('',*,*,#844,.F.);
#1079=ORIENTED_EDGE('',*,*,#845,.T.);
#1080=ORIENTED_EDGE('',*,*,#846,.T.);
#1081=ORIENTED_EDGE('',*,*,#847,.T.);
#1082=ORIENTED_EDGE('',*,*,#848,.F.);
#1083=ORIENTED_EDGE('',*,*,#849,.F.);
#1084=ORIENTED_EDGE('',*,*,#850,.F.);
#1085=ORIENTED_EDGE('',*,*,#851,.T.);
#1086=ORIENTED_EDGE('',*,*,#852,.F.);
#1087=ORIENTED_EDGE('',*,*,#853,.T.);
#1088=ORIENTED_EDGE('',*,*,#854,.T.);
#1089=ORIENTED_EDGE('',*,*,#855,.T.);
#1090=ORIENTED_EDGE('',*,*,#856,.F.);
#1091=ORIENTED_EDGE('',*,*,#857,.F.);
#1092=ORIENTED_EDGE('',*,*,#858,.F.);
#1093=ORIENTED_EDGE('',*,*,#859,.T.);
#1094=ORIENTED_EDGE('',*,*,#860,.F.);
#1095=ORIENTED_EDGE('',*,*,#837,.T.);
#1096=ORIENTED_EDGE('',*,*,#809,.T.);
#1097=ORIENTED_EDGE('',*,*,#861,.T.);
#1098=ORIENTED_EDGE('',*,*,#840,.T.);
#1099=ORIENTED_EDGE('',*,*,#853,.F.);
#1100=ORIENTED_EDGE('',*,*,#862,.F.);
#1101=ORIENTED_EDGE('',*,*,#863,.F.);
#1102=ORIENTED_EDGE('',*,*,#864,.T.);
#1103=ORIENTED_EDGE('',*,*,#854,.F.);
#1104=ORIENTED_EDGE('',*,*,#864,.F.);
#1105=ORIENTED_EDGE('',*,*,#865,.F.);
#1106=ORIENTED_EDGE('',*,*,#866,.T.);
#1107=ORIENTED_EDGE('',*,*,#855,.F.);
#1108=ORIENTED_EDGE('',*,*,#866,.F.);
#1109=ORIENTED_EDGE('',*,*,#867,.F.);
#1110=ORIENTED_EDGE('',*,*,#868,.F.);
#1111=ORIENTED_EDGE('',*,*,#845,.F.);
#1112=ORIENTED_EDGE('',*,*,#869,.F.);
#1113=ORIENTED_EDGE('',*,*,#870,.F.);
#1114=ORIENTED_EDGE('',*,*,#871,.T.);
#1115=ORIENTED_EDGE('',*,*,#846,.F.);
#1116=ORIENTED_EDGE('',*,*,#871,.F.);
#1117=ORIENTED_EDGE('',*,*,#872,.F.);
#1118=ORIENTED_EDGE('',*,*,#873,.T.);
#1119=ORIENTED_EDGE('',*,*,#847,.F.);
#1120=ORIENTED_EDGE('',*,*,#873,.F.);
#1121=ORIENTED_EDGE('',*,*,#874,.F.);
#1122=ORIENTED_EDGE('',*,*,#875,.F.);
#1123=ORIENTED_EDGE('',*,*,#867,.T.);
#1124=ORIENTED_EDGE('',*,*,#865,.T.);
#1125=ORIENTED_EDGE('',*,*,#863,.T.);
#1126=ORIENTED_EDGE('',*,*,#876,.F.);
#1127=ORIENTED_EDGE('',*,*,#877,.F.);
#1128=ORIENTED_EDGE('',*,*,#878,.F.);
#1129=ORIENTED_EDGE('',*,*,#879,.T.);
#1130=ORIENTED_EDGE('',*,*,#880,.F.);
#1131=ORIENTED_EDGE('',*,*,#862,.T.);
#1132=ORIENTED_EDGE('',*,*,#852,.T.);
#1133=ORIENTED_EDGE('',*,*,#881,.T.);
#1134=ORIENTED_EDGE('',*,*,#876,.T.);
#1135=ORIENTED_EDGE('',*,*,#874,.T.);
#1136=ORIENTED_EDGE('',*,*,#872,.T.);
#1137=ORIENTED_EDGE('',*,*,#870,.T.);
#1138=ORIENTED_EDGE('',*,*,#882,.F.);
#1139=ORIENTED_EDGE('',*,*,#883,.F.);
#1140=ORIENTED_EDGE('',*,*,#884,.F.);
#1141=ORIENTED_EDGE('',*,*,#885,.T.);
#1142=ORIENTED_EDGE('',*,*,#886,.F.);
#1143=ORIENTED_EDGE('',*,*,#869,.T.);
#1144=ORIENTED_EDGE('',*,*,#844,.T.);
#1145=ORIENTED_EDGE('',*,*,#887,.T.);
#1146=ORIENTED_EDGE('',*,*,#882,.T.);
#1147=ORIENTED_EDGE('',*,*,#888,.F.);
#1148=ORIENTED_EDGE('',*,*,#877,.T.);
#1149=ORIENTED_EDGE('',*,*,#881,.F.);
#1150=ORIENTED_EDGE('',*,*,#851,.F.);
#1151=ORIENTED_EDGE('',*,*,#889,.F.);
#1152=ORIENTED_EDGE('',*,*,#857,.T.);
#1153=ORIENTED_EDGE('',*,*,#890,.F.);
#1154=ORIENTED_EDGE('',*,*,#879,.F.);
#1155=ORIENTED_EDGE('',*,*,#868,.T.);
#1156=ORIENTED_EDGE('',*,*,#880,.T.);
#1157=ORIENTED_EDGE('',*,*,#890,.T.);
#1158=ORIENTED_EDGE('',*,*,#856,.T.);
#1159=ORIENTED_EDGE('',*,*,#891,.F.);
#1160=ORIENTED_EDGE('',*,*,#883,.T.);
#1161=ORIENTED_EDGE('',*,*,#887,.F.);
#1162=ORIENTED_EDGE('',*,*,#843,.F.);
#1163=ORIENTED_EDGE('',*,*,#892,.F.);
#1164=ORIENTED_EDGE('',*,*,#849,.T.);
#1165=ORIENTED_EDGE('',*,*,#893,.F.);
#1166=ORIENTED_EDGE('',*,*,#885,.F.);
#1167=ORIENTED_EDGE('',*,*,#875,.T.);
#1168=ORIENTED_EDGE('',*,*,#886,.T.);
#1169=ORIENTED_EDGE('',*,*,#893,.T.);
#1170=ORIENTED_EDGE('',*,*,#848,.T.);
#1171=ORIENTED_EDGE('',*,*,#894,.T.);
#1172=ORIENTED_EDGE('',*,*,#841,.T.);
#1173=ORIENTED_EDGE('',*,*,#861,.F.);
#1174=ORIENTED_EDGE('',*,*,#808,.F.);
#1175=ORIENTED_EDGE('',*,*,#895,.F.);
#1176=ORIENTED_EDGE('',*,*,#814,.T.);
#1177=ORIENTED_EDGE('',*,*,#896,.F.);
#1178=ORIENTED_EDGE('',*,*,#859,.F.);
#1179=ORIENTED_EDGE('',*,*,#839,.T.);
#1180=ORIENTED_EDGE('',*,*,#860,.T.);
#1181=ORIENTED_EDGE('',*,*,#896,.T.);
#1182=ORIENTED_EDGE('',*,*,#813,.T.);
#1183=ORIENTED_EDGE('',*,*,#888,.T.);
#1184=ORIENTED_EDGE('',*,*,#850,.T.);
#1185=ORIENTED_EDGE('',*,*,#892,.T.);
#1186=ORIENTED_EDGE('',*,*,#884,.T.);
#1187=ORIENTED_EDGE('',*,*,#891,.T.);
#1188=ORIENTED_EDGE('',*,*,#842,.T.);
#1189=ORIENTED_EDGE('',*,*,#894,.F.);
#1190=ORIENTED_EDGE('',*,*,#807,.F.);
#1191=ORIENTED_EDGE('',*,*,#826,.T.);
#1192=ORIENTED_EDGE('',*,*,#827,.F.);
#1193=ORIENTED_EDGE('',*,*,#802,.F.);
#1194=ORIENTED_EDGE('',*,*,#819,.F.);
#1195=ORIENTED_EDGE('',*,*,#822,.T.);
#1196=ORIENTED_EDGE('',*,*,#832,.F.);
#1197=ORIENTED_EDGE('',*,*,#830,.F.);
#1198=ORIENTED_EDGE('',*,*,#815,.F.);
#1199=ORIENTED_EDGE('',*,*,#895,.T.);
#1200=ORIENTED_EDGE('',*,*,#858,.T.);
#1201=ORIENTED_EDGE('',*,*,#889,.T.);
#1202=ORIENTED_EDGE('',*,*,#878,.T.);
#1203=ORIENTED_EDGE('',*,*,#897,.T.);
#1204=ORIENTED_EDGE('',*,*,#898,.T.);
#1205=ORIENTED_EDGE('',*,*,#899,.F.);
#1206=ORIENTED_EDGE('',*,*,#898,.F.);
#1207=ORIENTED_EDGE('',*,*,#900,.F.);
#1208=ORIENTED_EDGE('',*,*,#901,.T.);
#1209=ORIENTED_EDGE('',*,*,#902,.T.);
#1210=ORIENTED_EDGE('',*,*,#901,.F.);
#1211=ORIENTED_EDGE('',*,*,#902,.F.);
#1212=ORIENTED_EDGE('',*,*,#897,.F.);
#1213=ORIENTED_EDGE('',*,*,#903,.T.);
#1214=ORIENTED_EDGE('',*,*,#904,.T.);
#1215=ORIENTED_EDGE('',*,*,#905,.T.);
#1216=ORIENTED_EDGE('',*,*,#906,.T.);
#1217=ORIENTED_EDGE('',*,*,#907,.T.);
#1218=ORIENTED_EDGE('',*,*,#908,.T.);
#1219=ORIENTED_EDGE('',*,*,#909,.T.);
#1220=ORIENTED_EDGE('',*,*,#910,.T.);
#1221=ORIENTED_EDGE('',*,*,#911,.T.);
#1222=ORIENTED_EDGE('',*,*,#900,.T.);
#1223=ORIENTED_EDGE('',*,*,#903,.F.);
#1224=ORIENTED_EDGE('',*,*,#912,.T.);
#1225=ORIENTED_EDGE('',*,*,#913,.F.);
#1226=ORIENTED_EDGE('',*,*,#914,.F.);
#1227=ORIENTED_EDGE('',*,*,#904,.F.);
#1228=ORIENTED_EDGE('',*,*,#914,.T.);
#1229=ORIENTED_EDGE('',*,*,#915,.F.);
#1230=ORIENTED_EDGE('',*,*,#916,.F.);
#1231=ORIENTED_EDGE('',*,*,#915,.T.);
#1232=ORIENTED_EDGE('',*,*,#913,.T.);
#1233=ORIENTED_EDGE('',*,*,#917,.T.);
#1234=ORIENTED_EDGE('',*,*,#918,.T.);
#1235=ORIENTED_EDGE('',*,*,#906,.F.);
#1236=ORIENTED_EDGE('',*,*,#919,.T.);
#1237=ORIENTED_EDGE('',*,*,#920,.F.);
#1238=ORIENTED_EDGE('',*,*,#921,.F.);
#1239=ORIENTED_EDGE('',*,*,#907,.F.);
#1240=ORIENTED_EDGE('',*,*,#921,.T.);
#1241=ORIENTED_EDGE('',*,*,#922,.F.);
#1242=ORIENTED_EDGE('',*,*,#923,.F.);
#1243=ORIENTED_EDGE('',*,*,#924,.T.);
#1244=ORIENTED_EDGE('',*,*,#922,.T.);
#1245=ORIENTED_EDGE('',*,*,#920,.T.);
#1246=ORIENTED_EDGE('',*,*,#925,.T.);
#1247=ORIENTED_EDGE('',*,*,#911,.F.);
#1248=ORIENTED_EDGE('',*,*,#926,.T.);
#1249=ORIENTED_EDGE('',*,*,#927,.F.);
#1250=ORIENTED_EDGE('',*,*,#926,.F.);
#1251=ORIENTED_EDGE('',*,*,#928,.F.);
#1252=ORIENTED_EDGE('',*,*,#929,.T.);
#1253=ORIENTED_EDGE('',*,*,#925,.F.);
#1254=ORIENTED_EDGE('',*,*,#919,.F.);
#1255=ORIENTED_EDGE('',*,*,#905,.F.);
#1256=ORIENTED_EDGE('',*,*,#916,.T.);
#1257=ORIENTED_EDGE('',*,*,#918,.F.);
#1258=ORIENTED_EDGE('',*,*,#930,.F.);
#1259=ORIENTED_EDGE('',*,*,#931,.F.);
#1260=ORIENTED_EDGE('',*,*,#930,.T.);
#1261=ORIENTED_EDGE('',*,*,#917,.F.);
#1262=ORIENTED_EDGE('',*,*,#912,.F.);
#1263=ORIENTED_EDGE('',*,*,#910,.F.);
#1264=ORIENTED_EDGE('',*,*,#932,.F.);
#1265=ORIENTED_EDGE('',*,*,#933,.F.);
#1266=ORIENTED_EDGE('',*,*,#932,.T.);
#1267=ORIENTED_EDGE('',*,*,#909,.F.);
#1268=ORIENTED_EDGE('',*,*,#934,.F.);
#1269=ORIENTED_EDGE('',*,*,#935,.F.);
#1270=ORIENTED_EDGE('',*,*,#934,.T.);
#1271=ORIENTED_EDGE('',*,*,#908,.F.);
#1272=ORIENTED_EDGE('',*,*,#923,.T.);
#1273=ORIENTED_EDGE('',*,*,#924,.F.);
#1274=ORIENTED_EDGE('',*,*,#929,.F.);
#1275=ORIENTED_EDGE('',*,*,#935,.T.);
#1276=ORIENTED_EDGE('',*,*,#928,.T.);
#1277=ORIENTED_EDGE('',*,*,#931,.T.);
#1278=ORIENTED_EDGE('',*,*,#933,.T.);
#1279=ORIENTED_EDGE('',*,*,#899,.T.);
#1280=ORIENTED_EDGE('',*,*,#927,.T.);
#1281=ORIENTED_EDGE('',*,*,#936,.F.);
#1282=ORIENTED_EDGE('',*,*,#937,.T.);
#1283=ORIENTED_EDGE('',*,*,#938,.F.);
#1284=ORIENTED_EDGE('',*,*,#937,.F.);
#1285=ORIENTED_EDGE('',*,*,#939,.F.);
#1286=ORIENTED_EDGE('',*,*,#940,.T.);
#1287=ORIENTED_EDGE('',*,*,#941,.F.);
#1288=ORIENTED_EDGE('',*,*,#940,.F.);
#1289=ORIENTED_EDGE('',*,*,#942,.F.);
#1290=ORIENTED_EDGE('',*,*,#943,.T.);
#1291=ORIENTED_EDGE('',*,*,#944,.F.);
#1292=ORIENTED_EDGE('',*,*,#943,.F.);
#1293=ORIENTED_EDGE('',*,*,#945,.F.);
#1294=ORIENTED_EDGE('',*,*,#946,.T.);
#1295=ORIENTED_EDGE('',*,*,#947,.F.);
#1296=ORIENTED_EDGE('',*,*,#946,.F.);
#1297=ORIENTED_EDGE('',*,*,#948,.F.);
#1298=ORIENTED_EDGE('',*,*,#949,.T.);
#1299=ORIENTED_EDGE('',*,*,#950,.F.);
#1300=ORIENTED_EDGE('',*,*,#949,.F.);
#1301=ORIENTED_EDGE('',*,*,#951,.T.);
#1302=ORIENTED_EDGE('',*,*,#952,.T.);
#1303=ORIENTED_EDGE('',*,*,#953,.F.);
#1304=ORIENTED_EDGE('',*,*,#954,.F.);
#1305=ORIENTED_EDGE('',*,*,#955,.T.);
#1306=ORIENTED_EDGE('',*,*,#954,.T.);
#1307=ORIENTED_EDGE('',*,*,#956,.F.);
#1308=ORIENTED_EDGE('',*,*,#957,.F.);
#1309=ORIENTED_EDGE('',*,*,#958,.T.);
#1310=ORIENTED_EDGE('',*,*,#957,.T.);
#1311=ORIENTED_EDGE('',*,*,#959,.F.);
#1312=ORIENTED_EDGE('',*,*,#960,.F.);
#1313=ORIENTED_EDGE('',*,*,#961,.T.);
#1314=ORIENTED_EDGE('',*,*,#960,.T.);
#1315=ORIENTED_EDGE('',*,*,#962,.F.);
#1316=ORIENTED_EDGE('',*,*,#952,.F.);
#1317=ORIENTED_EDGE('',*,*,#962,.T.);
#1318=ORIENTED_EDGE('',*,*,#959,.T.);
#1319=ORIENTED_EDGE('',*,*,#956,.T.);
#1320=ORIENTED_EDGE('',*,*,#953,.T.);
#1321=ORIENTED_EDGE('',*,*,#936,.T.);
#1322=ORIENTED_EDGE('',*,*,#939,.T.);
#1323=ORIENTED_EDGE('',*,*,#942,.T.);
#1324=ORIENTED_EDGE('',*,*,#945,.T.);
#1325=ORIENTED_EDGE('',*,*,#948,.T.);
#1326=ORIENTED_EDGE('',*,*,#961,.F.);
#1327=ORIENTED_EDGE('',*,*,#951,.F.);
#1328=ORIENTED_EDGE('',*,*,#955,.F.);
#1329=ORIENTED_EDGE('',*,*,#958,.F.);
#1330=ORIENTED_EDGE('',*,*,#938,.T.);
#1331=ORIENTED_EDGE('',*,*,#941,.T.);
#1332=ORIENTED_EDGE('',*,*,#944,.T.);
#1333=ORIENTED_EDGE('',*,*,#947,.T.);
#1334=ORIENTED_EDGE('',*,*,#950,.T.);
#1335=ORIENTED_EDGE('',*,*,#963,.F.);
#1336=ORIENTED_EDGE('',*,*,#964,.T.);
#1337=ORIENTED_EDGE('',*,*,#965,.T.);
#1338=ORIENTED_EDGE('',*,*,#964,.F.);
#1339=ORIENTED_EDGE('',*,*,#965,.F.);
#1340=ORIENTED_EDGE('',*,*,#966,.F.);
#1341=ORIENTED_EDGE('',*,*,#967,.F.);
#1342=ORIENTED_EDGE('',*,*,#968,.T.);
#1343=ORIENTED_EDGE('',*,*,#966,.T.);
#1344=ORIENTED_EDGE('',*,*,#968,.F.);
#1345=ORIENTED_EDGE('',*,*,#969,.F.);
#1346=ORIENTED_EDGE('',*,*,#970,.T.);
#1347=ORIENTED_EDGE('',*,*,#971,.F.);
#1348=ORIENTED_EDGE('',*,*,#972,.F.);
#1349=ORIENTED_EDGE('',*,*,#973,.F.);
#1350=ORIENTED_EDGE('',*,*,#972,.T.);
#1351=ORIENTED_EDGE('',*,*,#974,.F.);
#1352=ORIENTED_EDGE('',*,*,#975,.F.);
#1353=ORIENTED_EDGE('',*,*,#974,.T.);
#1354=ORIENTED_EDGE('',*,*,#971,.T.);
#1355=ORIENTED_EDGE('',*,*,#976,.T.);
#1356=ORIENTED_EDGE('',*,*,#977,.T.);
#1357=ORIENTED_EDGE('',*,*,#969,.T.);
#1358=ORIENTED_EDGE('',*,*,#973,.T.);
#1359=ORIENTED_EDGE('',*,*,#978,.F.);
#1360=ORIENTED_EDGE('',*,*,#979,.T.);
#1361=ORIENTED_EDGE('',*,*,#980,.T.);
#1362=ORIENTED_EDGE('',*,*,#981,.T.);
#1363=ORIENTED_EDGE('',*,*,#982,.T.);
#1364=ORIENTED_EDGE('',*,*,#983,.F.);
#1365=ORIENTED_EDGE('',*,*,#967,.T.);
#1366=ORIENTED_EDGE('',*,*,#984,.T.);
#1367=ORIENTED_EDGE('',*,*,#985,.T.);
#1368=ORIENTED_EDGE('',*,*,#986,.T.);
#1369=ORIENTED_EDGE('',*,*,#987,.T.);
#1370=ORIENTED_EDGE('',*,*,#979,.F.);
#1371=ORIENTED_EDGE('',*,*,#988,.T.);
#1372=ORIENTED_EDGE('',*,*,#989,.F.);
#1373=ORIENTED_EDGE('',*,*,#990,.F.);
#1374=ORIENTED_EDGE('',*,*,#980,.F.);
#1375=ORIENTED_EDGE('',*,*,#990,.T.);
#1376=ORIENTED_EDGE('',*,*,#991,.F.);
#1377=ORIENTED_EDGE('',*,*,#992,.F.);
#1378=ORIENTED_EDGE('',*,*,#993,.T.);
#1379=ORIENTED_EDGE('',*,*,#994,.T.);
#1380=ORIENTED_EDGE('',*,*,#991,.T.);
#1381=ORIENTED_EDGE('',*,*,#989,.T.);
#1382=ORIENTED_EDGE('',*,*,#987,.F.);
#1383=ORIENTED_EDGE('',*,*,#995,.T.);
#1384=ORIENTED_EDGE('',*,*,#996,.F.);
#1385=ORIENTED_EDGE('',*,*,#995,.F.);
#1386=ORIENTED_EDGE('',*,*,#986,.F.);
#1387=ORIENTED_EDGE('',*,*,#997,.T.);
#1388=ORIENTED_EDGE('',*,*,#998,.F.);
#1389=ORIENTED_EDGE('',*,*,#997,.F.);
#1390=ORIENTED_EDGE('',*,*,#985,.F.);
#1391=ORIENTED_EDGE('',*,*,#999,.T.);
#1392=ORIENTED_EDGE('',*,*,#1000,.F.);
#1393=ORIENTED_EDGE('',*,*,#999,.F.);
#1394=ORIENTED_EDGE('',*,*,#984,.F.);
#1395=ORIENTED_EDGE('',*,*,#1001,.T.);
#1396=ORIENTED_EDGE('',*,*,#1002,.F.);
#1397=ORIENTED_EDGE('',*,*,#1001,.F.);
#1398=ORIENTED_EDGE('',*,*,#1003,.T.);
#1399=ORIENTED_EDGE('',*,*,#993,.F.);
#1400=ORIENTED_EDGE('',*,*,#988,.F.);
#1401=ORIENTED_EDGE('',*,*,#978,.T.);
#1402=ORIENTED_EDGE('',*,*,#975,.T.);
#1403=ORIENTED_EDGE('',*,*,#977,.F.);
#1404=ORIENTED_EDGE('',*,*,#1004,.F.);
#1405=ORIENTED_EDGE('',*,*,#1005,.F.);
#1406=ORIENTED_EDGE('',*,*,#1006,.T.);
#1407=ORIENTED_EDGE('',*,*,#1005,.T.);
#1408=ORIENTED_EDGE('',*,*,#1007,.F.);
#1409=ORIENTED_EDGE('',*,*,#1008,.F.);
#1410=ORIENTED_EDGE('',*,*,#963,.T.);
#1411=ORIENTED_EDGE('',*,*,#996,.T.);
#1412=ORIENTED_EDGE('',*,*,#998,.T.);
#1413=ORIENTED_EDGE('',*,*,#1000,.T.);
#1414=ORIENTED_EDGE('',*,*,#1002,.T.);
#1415=ORIENTED_EDGE('',*,*,#1009,.T.);
#1416=ORIENTED_EDGE('',*,*,#1008,.T.);
#1417=ORIENTED_EDGE('',*,*,#1010,.F.);
#1418=ORIENTED_EDGE('',*,*,#982,.F.);
#1419=ORIENTED_EDGE('',*,*,#1010,.T.);
#1420=ORIENTED_EDGE('',*,*,#1007,.T.);
#1421=ORIENTED_EDGE('',*,*,#1004,.T.);
#1422=ORIENTED_EDGE('',*,*,#976,.F.);
#1423=ORIENTED_EDGE('',*,*,#970,.F.);
#1424=ORIENTED_EDGE('',*,*,#983,.T.);
#1425=ORIENTED_EDGE('',*,*,#1009,.F.);
#1426=ORIENTED_EDGE('',*,*,#981,.F.);
#1427=ORIENTED_EDGE('',*,*,#992,.T.);
#1428=ORIENTED_EDGE('',*,*,#994,.F.);
#1429=ORIENTED_EDGE('',*,*,#1003,.F.);
#1430=ORIENTED_EDGE('',*,*,#1006,.F.);
#1431=PLANE('',#1628);
#1432=PLANE('',#1629);
#1433=PLANE('',#1630);
#1434=PLANE('',#1631);
#1435=PLANE('',#1632);
#1436=PLANE('',#1633);
#1437=PLANE('',#1634);
#1438=PLANE('',#1635);
#1439=PLANE('',#1636);
#1440=PLANE('',#1637);
#1441=PLANE('',#1638);
#1442=PLANE('',#1639);
#1443=PLANE('',#1640);
#1444=PLANE('',#1641);
#1445=PLANE('',#1642);
#1446=PLANE('',#1643);
#1447=PLANE('',#1644);
#1448=PLANE('',#1645);
#1449=PLANE('',#1646);
#1450=PLANE('',#1647);
#1451=PLANE('',#1648);
#1452=PLANE('',#1649);
#1453=PLANE('',#1650);
#1454=PLANE('',#1651);
#1455=PLANE('',#1652);
#1456=PLANE('',#1653);
#1457=PLANE('',#1654);
#1458=PLANE('',#1655);
#1459=PLANE('',#1656);
#1460=PLANE('',#1657);
#1461=PLANE('',#1658);
#1462=PLANE('',#1659);
#1463=PLANE('',#1660);
#1464=PLANE('',#1661);
#1465=PLANE('',#1669);
#1466=PLANE('',#1670);
#1467=PLANE('',#1672);
#1468=PLANE('',#1673);
#1469=PLANE('',#1674);
#1470=PLANE('',#1675);
#1471=PLANE('',#1676);
#1472=PLANE('',#1677);
#1473=PLANE('',#1680);
#1474=PLANE('',#1681);
#1475=PLANE('',#1682);
#1476=PLANE('',#1683);
#1477=PLANE('',#1684);
#1478=PLANE('',#1701);
#1479=PLANE('',#1702);
#1480=PLANE('',#1703);
#1481=PLANE('',#1704);
#1482=PLANE('',#1705);
#1483=PLANE('',#1706);
#1484=PLANE('',#1711);
#1485=PLANE('',#1715);
#1486=PLANE('',#1716);
#1487=PLANE('',#1717);
#1488=PLANE('',#1718);
#1489=PLANE('',#1723);
#1490=PLANE('',#1724);
#1491=PLANE('',#1725);
#1492=PLANE('',#1734);
#1493=PLANE('',#1735);
#1494=PLANE('',#1736);
#1495=PLANE('',#1737);
#1496=PLANE('',#1738);
#1497=ADVANCED_FACE('',(#111),#1431,.T.);
#1498=ADVANCED_FACE('',(#112),#1432,.T.);
#1499=ADVANCED_FACE('',(#113),#1433,.T.);
#1500=ADVANCED_FACE('',(#114),#1434,.T.);
#1501=ADVANCED_FACE('',(#115),#1435,.T.);
#1502=ADVANCED_FACE('',(#116),#1436,.T.);
#1503=ADVANCED_FACE('',(#117),#1437,.T.);
#1504=ADVANCED_FACE('',(#118),#1438,.T.);
#1505=ADVANCED_FACE('',(#119),#1439,.T.);
#1506=ADVANCED_FACE('',(#120),#1440,.F.);
#1507=ADVANCED_FACE('',(#121),#1441,.F.);
#1508=ADVANCED_FACE('',(#122),#1442,.F.);
#1509=ADVANCED_FACE('',(#123),#1443,.T.);
#1510=ADVANCED_FACE('',(#124),#1444,.T.);
#1511=ADVANCED_FACE('',(#125),#1445,.F.);
#1512=ADVANCED_FACE('',(#126),#1446,.F.);
#1513=ADVANCED_FACE('',(#127),#1447,.F.);
#1514=ADVANCED_FACE('',(#128),#1448,.F.);
#1515=ADVANCED_FACE('',(#129),#1449,.F.);
#1516=ADVANCED_FACE('',(#130),#1450,.F.);
#1517=ADVANCED_FACE('',(#131),#1451,.T.);
#1518=ADVANCED_FACE('',(#132),#1452,.T.);
#1519=ADVANCED_FACE('',(#133),#1453,.T.);
#1520=ADVANCED_FACE('',(#134),#1454,.T.);
#1521=ADVANCED_FACE('',(#135),#1455,.T.);
#1522=ADVANCED_FACE('',(#136),#1456,.T.);
#1523=ADVANCED_FACE('',(#137),#1457,.T.);
#1524=ADVANCED_FACE('',(#138),#1458,.T.);
#1525=ADVANCED_FACE('',(#139),#1459,.T.);
#1526=ADVANCED_FACE('',(#140),#1460,.T.);
#1527=ADVANCED_FACE('',(#141),#1461,.T.);
#1528=ADVANCED_FACE('',(#142),#1462,.T.);
#1529=ADVANCED_FACE('',(#143),#1463,.T.);
#1530=ADVANCED_FACE('',(#144),#1464,.F.);
#1531=ADVANCED_FACE('',(#145),#81,.F.);
#1532=ADVANCED_FACE('',(#146),#82,.F.);
#1533=ADVANCED_FACE('',(#147,#27),#1465,.T.);
#1534=ADVANCED_FACE('',(#148,#28,#29),#1466,.T.);
#1535=ADVANCED_FACE('',(#149),#1467,.T.);
#1536=ADVANCED_FACE('',(#150),#1468,.T.);
#1537=ADVANCED_FACE('',(#151),#1469,.T.);
#1538=ADVANCED_FACE('',(#152),#1470,.T.);
#1539=ADVANCED_FACE('',(#153),#1471,.T.);
#1540=ADVANCED_FACE('',(#154),#1472,.T.);
#1541=ADVANCED_FACE('',(#155),#83,.F.);
#1542=ADVANCED_FACE('',(#156),#1473,.T.);
#1543=ADVANCED_FACE('',(#157),#1474,.T.);
#1544=ADVANCED_FACE('',(#158),#1475,.T.);
#1545=ADVANCED_FACE('',(#159),#1476,.T.);
#1546=ADVANCED_FACE('',(#160,#30,#31),#1477,.F.);
#1547=ADVANCED_FACE('',(#161),#84,.F.);
#1548=ADVANCED_FACE('',(#162),#85,.F.);
#1549=ADVANCED_FACE('',(#163),#86,.F.);
#1550=ADVANCED_FACE('',(#164),#87,.F.);
#1551=ADVANCED_FACE('',(#165),#88,.F.);
#1552=ADVANCED_FACE('',(#166),#1478,.T.);
#1553=ADVANCED_FACE('',(#167),#1479,.T.);
#1554=ADVANCED_FACE('',(#168),#1480,.T.);
#1555=ADVANCED_FACE('',(#169),#1481,.T.);
#1556=ADVANCED_FACE('',(#170,#32,#33,#34,#35,#36),#1482,.T.);
#1557=ADVANCED_FACE('',(#171,#37,#38,#39,#40,#41),#1483,.F.);
#1558=ADVANCED_FACE('',(#172),#89,.F.);
#1559=ADVANCED_FACE('',(#173,#42),#1484,.T.);
#1560=ADVANCED_FACE('',(#174),#90,.F.);
#1561=ADVANCED_FACE('',(#175),#1485,.T.);
#1562=ADVANCED_FACE('',(#176),#1486,.T.);
#1563=ADVANCED_FACE('',(#177),#1487,.T.);
#1564=ADVANCED_FACE('',(#178,#43,#44,#45,#46,#47),#1488,.T.);
#1565=ADVANCED_FACE('',(#179),#1489,.T.);
#1566=ADVANCED_FACE('',(#180),#1490,.T.);
#1567=ADVANCED_FACE('',(#181),#1491,.T.);
#1568=ADVANCED_FACE('',(#182),#91,.F.);
#1569=ADVANCED_FACE('',(#183),#92,.F.);
#1570=ADVANCED_FACE('',(#184),#93,.F.);
#1571=ADVANCED_FACE('',(#185),#94,.F.);
#1572=ADVANCED_FACE('',(#186),#1492,.T.);
#1573=ADVANCED_FACE('',(#187,#48,#49,#50,#51,#52),#1493,.T.);
#1574=ADVANCED_FACE('',(#188),#1494,.T.);
#1575=ADVANCED_FACE('',(#189),#1495,.T.);
#1576=ADVANCED_FACE('',(#190),#1496,.F.);
#1577=CLOSED_SHELL('',(#1497,#1498,#1499,#1500,#1501,#1502,#1503,#1504,
#1505,#1506,#1507,#1508,#1509,#1510,#1511,#1512,#1513,#1514,#1515,#1516,
#1517,#1518,#1519,#1520,#1521,#1522,#1523,#1524,#1525,#1526,#1527,#1528,
#1529,#1530));
#1578=CLOSED_SHELL('',(#1531,#1532,#1533,#1534,#1535,#1536,#1537,#1538,
#1539,#1540,#1541,#1542,#1543,#1544,#1545,#1546));
#1579=CLOSED_SHELL('',(#1547,#1548,#1549,#1550,#1551,#1552,#1553,#1554,
#1555,#1556,#1557));
#1580=CLOSED_SHELL('',(#1558,#1559,#1560,#1561,#1562,#1563,#1564,#1565,
#1566,#1567,#1568,#1569,#1570,#1571,#1572,#1573,#1574,#1575,#1576));
#1581=DERIVED_UNIT_ELEMENT(#1589,1.);
#1582=DERIVED_UNIT_ELEMENT(#2611,-3.);
#1583=DERIVED_UNIT_ELEMENT(#1589,1.);
#1584=DERIVED_UNIT_ELEMENT(#2611,-3.);
#1585=DERIVED_UNIT_ELEMENT(#1589,1.);
#1586=DERIVED_UNIT_ELEMENT(#2611,-3.);
#1587=DERIVED_UNIT_ELEMENT(#1589,1.);
#1588=DERIVED_UNIT_ELEMENT(#2611,-3.);
#1589=(
MASS_UNIT()
NAMED_UNIT(*)
SI_UNIT(.KILO.,.GRAM.)
);
#1590=DERIVED_UNIT((#1581,#1582));
#1591=DERIVED_UNIT((#1583,#1584));
#1592=DERIVED_UNIT((#1585,#1586));
#1593=DERIVED_UNIT((#1587,#1588));
#1594=MEASURE_REPRESENTATION_ITEM('density measure',
POSITIVE_RATIO_MEASURE(7850.),#1590);
#1595=MEASURE_REPRESENTATION_ITEM('density measure',
POSITIVE_RATIO_MEASURE(7850.),#1591);
#1596=MEASURE_REPRESENTATION_ITEM('density measure',
POSITIVE_RATIO_MEASURE(7850.),#1592);
#1597=MEASURE_REPRESENTATION_ITEM('density measure',
POSITIVE_RATIO_MEASURE(7850.),#1593);
#1598=PROPERTY_DEFINITION_REPRESENTATION(#1618,#1606);
#1599=PROPERTY_DEFINITION_REPRESENTATION(#1619,#1607);
#1600=PROPERTY_DEFINITION_REPRESENTATION(#1620,#1608);
#1601=PROPERTY_DEFINITION_REPRESENTATION(#1621,#1609);
#1602=PROPERTY_DEFINITION_REPRESENTATION(#1622,#1610);
#1603=PROPERTY_DEFINITION_REPRESENTATION(#1623,#1611);
#1604=PROPERTY_DEFINITION_REPRESENTATION(#1624,#1612);
#1605=PROPERTY_DEFINITION_REPRESENTATION(#1625,#1613);
#1606=REPRESENTATION('material name',(#1614),#2605);
#1607=REPRESENTATION('density',(#1594),#2605);
#1608=REPRESENTATION('material name',(#1615),#2606);
#1609=REPRESENTATION('density',(#1595),#2606);
#1610=REPRESENTATION('material name',(#1616),#2607);
#1611=REPRESENTATION('density',(#1596),#2607);
#1612=REPRESENTATION('material name',(#1617),#2608);
#1613=REPRESENTATION('density',(#1597),#2608);
#1614=DESCRIPTIVE_REPRESENTATION_ITEM('Steel','Steel');
#1615=DESCRIPTIVE_REPRESENTATION_ITEM('Steel','Steel');
#1616=DESCRIPTIVE_REPRESENTATION_ITEM('Steel','Steel');
#1617=DESCRIPTIVE_REPRESENTATION_ITEM('Steel','Steel');
#1618=PROPERTY_DEFINITION('material property','material name',#2635);
#1619=PROPERTY_DEFINITION('material property','density of part',#2635);
#1620=PROPERTY_DEFINITION('material property','material name',#2636);
#1621=PROPERTY_DEFINITION('material property','density of part',#2636);
#1622=PROPERTY_DEFINITION('material property','material name',#2637);
#1623=PROPERTY_DEFINITION('material property','density of part',#2637);
#1624=PROPERTY_DEFINITION('material property','material name',#2638);
#1625=PROPERTY_DEFINITION('material property','density of part',#2638);
#1626=AXIS2_PLACEMENT_3D('',#2159,#1743,#1744);
#1627=AXIS2_PLACEMENT_3D('',#2160,#1745,#1746);
#1628=AXIS2_PLACEMENT_3D('',#2161,#1747,#1748);
#1629=AXIS2_PLACEMENT_3D('',#2170,#1753,#1754);
#1630=AXIS2_PLACEMENT_3D('',#2200,#1770,#1771);
#1631=AXIS2_PLACEMENT_3D('',#2206,#1775,#1776);
#1632=AXIS2_PLACEMENT_3D('',#2210,#1779,#1780);
#1633=AXIS2_PLACEMENT_3D('',#2214,#1783,#1784);
#1634=AXIS2_PLACEMENT_3D('',#2216,#1786,#1787);
#1635=AXIS2_PLACEMENT_3D('',#2220,#1790,#1791);
#1636=AXIS2_PLACEMENT_3D('',#2224,#1794,#1795);
#1637=AXIS2_PLACEMENT_3D('',#2226,#1797,#1798);
#1638=AXIS2_PLACEMENT_3D('',#2232,#1802,#1803);
#1639=AXIS2_PLACEMENT_3D('',#2236,#1806,#1807);
#1640=AXIS2_PLACEMENT_3D('',#2240,#1810,#1811);
#1641=AXIS2_PLACEMENT_3D('',#2282,#1833,#1834);
#1642=AXIS2_PLACEMENT_3D('',#2284,#1836,#1837);
#1643=AXIS2_PLACEMENT_3D('',#2290,#1841,#1842);
#1644=AXIS2_PLACEMENT_3D('',#2294,#1845,#1846);
#1645=AXIS2_PLACEMENT_3D('',#2298,#1849,#1850);
#1646=AXIS2_PLACEMENT_3D('',#2304,#1854,#1855);
#1647=AXIS2_PLACEMENT_3D('',#2308,#1858,#1859);
#1648=AXIS2_PLACEMENT_3D('',#2312,#1862,#1863);
#1649=AXIS2_PLACEMENT_3D('',#2322,#1869,#1870);
#1650=AXIS2_PLACEMENT_3D('',#2324,#1872,#1873);
#1651=AXIS2_PLACEMENT_3D('',#2334,#1879,#1880);
#1652=AXIS2_PLACEMENT_3D('',#2336,#1882,#1883);
#1653=AXIS2_PLACEMENT_3D('',#2338,#1885,#1886);
#1654=AXIS2_PLACEMENT_3D('',#2341,#1889,#1890);
#1655=AXIS2_PLACEMENT_3D('',#2342,#1891,#1892);
#1656=AXIS2_PLACEMENT_3D('',#2344,#1894,#1895);
#1657=AXIS2_PLACEMENT_3D('',#2347,#1898,#1899);
#1658=AXIS2_PLACEMENT_3D('',#2348,#1900,#1901);
#1659=AXIS2_PLACEMENT_3D('',#2350,#1903,#1904);
#1660=AXIS2_PLACEMENT_3D('',#2353,#1907,#1908);
#1661=AXIS2_PLACEMENT_3D('',#2354,#1909,#1910);
#1662=AXIS2_PLACEMENT_3D('',#2355,#1911,#1912);
#1663=AXIS2_PLACEMENT_3D('',#2356,#1913,#1914);
#1664=AXIS2_PLACEMENT_3D('',#2358,#1915,#1916);
#1665=AXIS2_PLACEMENT_3D('',#2361,#1918,#1919);
#1666=AXIS2_PLACEMENT_3D('',#2362,#1920,#1921);
#1667=AXIS2_PLACEMENT_3D('',#2364,#1922,#1923);
#1668=AXIS2_PLACEMENT_3D('',#2367,#1925,#1926);
#1669=AXIS2_PLACEMENT_3D('',#2368,#1927,#1928);
#1670=AXIS2_PLACEMENT_3D('',#2369,#1929,#1930);
#1671=AXIS2_PLACEMENT_3D('',#2387,#1939,#1940);
#1672=AXIS2_PLACEMENT_3D('',#2388,#1941,#1942);
#1673=AXIS2_PLACEMENT_3D('',#2394,#1946,#1947);
#1674=AXIS2_PLACEMENT_3D('',#2398,#1950,#1951);
#1675=AXIS2_PLACEMENT_3D('',#2402,#1954,#1955);
#1676=AXIS2_PLACEMENT_3D('',#2408,#1959,#1960);
#1677=AXIS2_PLACEMENT_3D('',#2412,#1963,#1964);
#1678=AXIS2_PLACEMENT_3D('',#2416,#1967,#1968);
#1679=AXIS2_PLACEMENT_3D('',#2419,#1970,#1971);
#1680=AXIS2_PLACEMENT_3D('',#2420,#1972,#1973);
#1681=AXIS2_PLACEMENT_3D('',#2426,#1977,#1978);
#1682=AXIS2_PLACEMENT_3D('',#2430,#1981,#1982);
#1683=AXIS2_PLACEMENT_3D('',#2434,#1985,#1986);
#1684=AXIS2_PLACEMENT_3D('',#2436,#1988,#1989);
#1685=AXIS2_PLACEMENT_3D('',#2437,#1990,#1991);
#1686=AXIS2_PLACEMENT_3D('',#2438,#1992,#1993);
#1687=AXIS2_PLACEMENT_3D('',#2440,#1994,#1995);
#1688=AXIS2_PLACEMENT_3D('',#2443,#1997,#1998);
#1689=AXIS2_PLACEMENT_3D('',#2444,#1999,#2000);
#1690=AXIS2_PLACEMENT_3D('',#2446,#2001,#2002);
#1691=AXIS2_PLACEMENT_3D('',#2449,#2004,#2005);
#1692=AXIS2_PLACEMENT_3D('',#2450,#2006,#2007);
#1693=AXIS2_PLACEMENT_3D('',#2452,#2008,#2009);
#1694=AXIS2_PLACEMENT_3D('',#2455,#2011,#2012);
#1695=AXIS2_PLACEMENT_3D('',#2456,#2013,#2014);
#1696=AXIS2_PLACEMENT_3D('',#2458,#2015,#2016);
#1697=AXIS2_PLACEMENT_3D('',#2461,#2018,#2019);
#1698=AXIS2_PLACEMENT_3D('',#2462,#2020,#2021);
#1699=AXIS2_PLACEMENT_3D('',#2464,#2022,#2023);
#1700=AXIS2_PLACEMENT_3D('',#2467,#2025,#2026);
#1701=AXIS2_PLACEMENT_3D('',#2468,#2027,#2028);
#1702=AXIS2_PLACEMENT_3D('',#2477,#2033,#2034);
#1703=AXIS2_PLACEMENT_3D('',#2483,#2038,#2039);
#1704=AXIS2_PLACEMENT_3D('',#2489,#2043,#2044);
#1705=AXIS2_PLACEMENT_3D('',#2492,#2047,#2048);
#1706=AXIS2_PLACEMENT_3D('',#2493,#2049,#2050);
#1707=AXIS2_PLACEMENT_3D('',#2494,#2051,#2052);
#1708=AXIS2_PLACEMENT_3D('',#2495,#2053,#2054);
#1709=AXIS2_PLACEMENT_3D('',#2497,#2055,#2056);
#1710=AXIS2_PLACEMENT_3D('',#2500,#2058,#2059);
#1711=AXIS2_PLACEMENT_3D('',#2501,#2060,#2061);
#1712=AXIS2_PLACEMENT_3D('',#2503,#2062,#2063);
#1713=AXIS2_PLACEMENT_3D('',#2504,#2064,#2065);
#1714=AXIS2_PLACEMENT_3D('',#2506,#2066,#2067);
#1715=AXIS2_PLACEMENT_3D('',#2508,#2069,#2070);
#1716=AXIS2_PLACEMENT_3D('',#2517,#2075,#2076);
#1717=AXIS2_PLACEMENT_3D('',#2523,#2080,#2081);
#1718=AXIS2_PLACEMENT_3D('',#2527,#2084,#2085);
#1719=AXIS2_PLACEMENT_3D('',#2540,#2092,#2093);
#1720=AXIS2_PLACEMENT_3D('',#2542,#2094,#2095);
#1721=AXIS2_PLACEMENT_3D('',#2544,#2096,#2097);
#1722=AXIS2_PLACEMENT_3D('',#2546,#2098,#2099);
#1723=AXIS2_PLACEMENT_3D('',#2547,#2100,#2101);
#1724=AXIS2_PLACEMENT_3D('',#2553,#2105,#2106);
#1725=AXIS2_PLACEMENT_3D('',#2557,#2109,#2110);
#1726=AXIS2_PLACEMENT_3D('',#2561,#2113,#2114);
#1727=AXIS2_PLACEMENT_3D('',#2564,#2116,#2117);
#1728=AXIS2_PLACEMENT_3D('',#2565,#2118,#2119);
#1729=AXIS2_PLACEMENT_3D('',#2568,#2121,#2122);
#1730=AXIS2_PLACEMENT_3D('',#2569,#2123,#2124);
#1731=AXIS2_PLACEMENT_3D('',#2572,#2126,#2127);
#1732=AXIS2_PLACEMENT_3D('',#2573,#2128,#2129);
#1733=AXIS2_PLACEMENT_3D('',#2576,#2131,#2132);
#1734=AXIS2_PLACEMENT_3D('',#2577,#2133,#2134);
#1735=AXIS2_PLACEMENT_3D('',#2583,#2138,#2139);
#1736=AXIS2_PLACEMENT_3D('',#2589,#2143,#2144);
#1737=AXIS2_PLACEMENT_3D('',#2592,#2147,#2148);
#1738=AXIS2_PLACEMENT_3D('',#2593,#2149,#2150);
#1739=AXIS2_PLACEMENT_3D('',#2594,#2151,#2152);
#1740=AXIS2_PLACEMENT_3D('',#2595,#2153,#2154);
#1741=AXIS2_PLACEMENT_3D('',#2596,#2155,#2156);
#1742=AXIS2_PLACEMENT_3D('',#2597,#2157,#2158);
#1743=DIRECTION('axis',(0.,0.,1.));
#1744=DIRECTION('refdir',(1.,0.,0.));
#1745=DIRECTION('axis',(0.,0.,1.));
#1746=DIRECTION('refdir',(1.,0.,0.));
#1747=DIRECTION('center_axis',(0.148340452930245,0.988936352868298,-1.71851463992851E-16));
#1748=DIRECTION('ref_axis',(-0.988936352868298,0.148340452930245,1.145676426619E-15));
#1749=DIRECTION('',(0.988936352868297,-0.148340452930245,0.));
#1750=DIRECTION('',(1.15849359091321E-15,0.,1.));
#1751=DIRECTION('',(-0.988936352868297,0.148340452930245,1.145676426619E-15));
#1752=DIRECTION('',(1.15849359091321E-15,0.,1.));
#1753=DIRECTION('center_axis',(0.,0.,1.));
#1754=DIRECTION('ref_axis',(0.,-1.,0.));
#1755=DIRECTION('',(0.,-1.,0.));
#1756=DIRECTION('',(-1.,0.,0.));
#1757=DIRECTION('',(0.,-1.,0.));
#1758=DIRECTION('',(1.,0.,0.));
#1759=DIRECTION('',(0.,-1.,0.));
#1760=DIRECTION('',(-1.,0.,0.));
#1761=DIRECTION('',(0.,1.,0.));
#1762=DIRECTION('',(1.,0.,0.));
#1763=DIRECTION('',(0.,-1.,0.));
#1764=DIRECTION('',(1.,0.,0.));
#1765=DIRECTION('',(0.,-1.,0.));
#1766=DIRECTION('',(1.,0.,0.));
#1767=DIRECTION('',(0.,-1.,0.));
#1768=DIRECTION('',(-0.988936352868297,-0.148340452930245,0.));
#1769=DIRECTION('',(0.,-1.,0.));
#1770=DIRECTION('center_axis',(0.148340452930245,-0.988936352868298,-1.71851463992851E-16));
#1771=DIRECTION('ref_axis',(0.988936352868298,0.148340452930245,-1.145676426619E-15));
#1772=DIRECTION('',(1.19562479575017E-15,0.,1.));
#1773=DIRECTION('',(0.988936352868297,0.148340452930245,-1.145676426619E-15));
#1774=DIRECTION('',(1.15849359091321E-15,0.,1.));
#1775=DIRECTION('center_axis',(1.,0.,-1.15849359091321E-15));
#1776=DIRECTION('ref_axis',(0.,1.,0.));
#1777=DIRECTION('',(0.,1.,0.));
#1778=DIRECTION('',(1.15849359091321E-15,0.,1.));
#1779=DIRECTION('center_axis',(0.,-1.,0.));
#1780=DIRECTION('ref_axis',(1.,0.,-1.15849359091321E-15));
#1781=DIRECTION('',(1.,0.,-1.15849359091321E-15));
#1782=DIRECTION('',(1.15849359091321E-15,0.,1.));
#1783=DIRECTION('center_axis',(1.15849359091321E-15,0.,1.));
#1784=DIRECTION('ref_axis',(1.,0.,-1.15849359091321E-15));
#1785=DIRECTION('',(0.,-1.,0.));
#1786=DIRECTION('center_axis',(1.,0.,-1.19562479575017E-15));
#1787=DIRECTION('ref_axis',(0.,1.,0.));
#1788=DIRECTION('',(1.19562479575017E-15,0.,1.));
#1789=DIRECTION('',(0.,1.,0.));
#1790=DIRECTION('center_axis',(0.,1.,0.));
#1791=DIRECTION('ref_axis',(-1.,0.,1.15849359091321E-15));
#1792=DIRECTION('',(1.19562479575017E-15,0.,1.));
#1793=DIRECTION('',(-1.,0.,1.15849359091321E-15));
#1794=DIRECTION('center_axis',(1.19562479575017E-15,0.,1.));
#1795=DIRECTION('ref_axis',(1.,0.,-1.19562479575017E-15));
#1796=DIRECTION('',(0.,-1.,0.));
#1797=DIRECTION('center_axis',(-1.,0.,1.16798763025174E-15));
#1798=DIRECTION('ref_axis',(0.,1.,0.));
#1799=DIRECTION('',(0.,-1.,0.));
#1800=DIRECTION('',(-1.16798763025174E-15,0.,-1.));
#1801=DIRECTION('',(-1.16798763025174E-15,0.,-1.));
#1802=DIRECTION('center_axis',(0.,-1.,0.));
#1803=DIRECTION('ref_axis',(-1.,0.,1.15849359091321E-15));
#1804=DIRECTION('',(1.,0.,0.));
#1805=DIRECTION('',(0.,0.,1.));
#1806=DIRECTION('center_axis',(0.,1.,0.));
#1807=DIRECTION('ref_axis',(1.,0.,-1.15849359091321E-15));
#1808=DIRECTION('',(-1.,0.,0.));
#1809=DIRECTION('',(0.,0.,-1.));
#1810=DIRECTION('center_axis',(0.,0.,-1.));
#1811=DIRECTION('ref_axis',(0.,1.,0.));
#1812=DIRECTION('',(0.,1.,0.));
#1813=DIRECTION('',(1.,0.,0.));
#1814=DIRECTION('',(0.,-1.,0.));
#1815=DIRECTION('',(-1.,0.,0.));
#1816=DIRECTION('',(0.,-1.,0.));
#1817=DIRECTION('',(1.,0.,0.));
#1818=DIRECTION('',(0.,1.,0.));
#1819=DIRECTION('',(-1.,2.22044604925031E-16,0.));
#1820=DIRECTION('',(0.,-1.,0.));
#1821=DIRECTION('',(-1.,0.,0.));
#1822=DIRECTION('',(0.,-1.,0.));
#1823=DIRECTION('',(-1.,0.,0.));
#1824=DIRECTION('',(0.,-1.,0.));
#1825=DIRECTION('',(1.,0.,0.));
#1826=DIRECTION('',(0.,1.,0.));
#1827=DIRECTION('',(-1.,0.,0.));
#1828=DIRECTION('',(0.,-1.,0.));
#1829=DIRECTION('',(-1.,0.,0.));
#1830=DIRECTION('',(0.,-1.,0.));
#1831=DIRECTION('',(1.,0.,0.));
#1832=DIRECTION('',(0.,1.,0.));
#1833=DIRECTION('center_axis',(1.,0.,0.));
#1834=DIRECTION('ref_axis',(0.,0.,-1.));
#1835=DIRECTION('',(0.,5.33334446138004E-33,-1.));
#1836=DIRECTION('center_axis',(0.,-1.,0.));
#1837=DIRECTION('ref_axis',(-1.,0.,9.51619735392991E-16));
#1838=DIRECTION('',(0.,0.,-1.));
#1839=DIRECTION('',(-1.,0.,0.));
#1840=DIRECTION('',(-8.65108850357262E-16,0.,-1.));
#1841=DIRECTION('center_axis',(1.,0.,-8.65108850357262E-16));
#1842=DIRECTION('ref_axis',(0.,-1.,0.));
#1843=DIRECTION('',(0.,-1.,0.));
#1844=DIRECTION('',(-8.65108850357262E-16,0.,-1.));
#1845=DIRECTION('center_axis',(0.,1.,0.));
#1846=DIRECTION('ref_axis',(1.,0.,-9.51619735392991E-16));
#1847=DIRECTION('',(1.,0.,0.));
#1848=DIRECTION('',(0.,0.,1.));
#1849=DIRECTION('center_axis',(0.,-1.,0.));
#1850=DIRECTION('ref_axis',(-1.,0.,9.51619735392991E-16));
#1851=DIRECTION('',(0.,0.,-1.));
#1852=DIRECTION('',(-1.,0.,0.));
#1853=DIRECTION('',(-8.65108850357262E-16,0.,-1.));
#1854=DIRECTION('center_axis',(1.,0.,-8.65108850357262E-16));
#1855=DIRECTION('ref_axis',(0.,-1.,0.));
#1856=DIRECTION('',(0.,-1.,0.));
#1857=DIRECTION('',(-8.65108850357262E-16,0.,-1.));
#1858=DIRECTION('center_axis',(2.22044604925031E-16,1.,-1.92092752894726E-31));
#1859=DIRECTION('ref_axis',(1.,-2.22044604925031E-16,-9.51619735392991E-16));
#1860=DIRECTION('',(1.,-2.22044604925031E-16,0.));
#1861=DIRECTION('',(0.,1.92092752894726E-31,1.));
#1862=DIRECTION('center_axis',(0.,0.,1.));
#1863=DIRECTION('ref_axis',(0.,1.,0.));
#1864=DIRECTION('',(0.,1.,0.));
#1865=DIRECTION('',(-1.,0.,0.));
#1866=DIRECTION('',(0.,-1.,0.));
#1867=DIRECTION('',(-1.,0.,0.));
#1868=DIRECTION('',(0.,1.,0.));
#1869=DIRECTION('center_axis',(-1.,0.,0.));
#1870=DIRECTION('ref_axis',(0.,0.,1.));
#1871=DIRECTION('',(0.,0.,1.));
#1872=DIRECTION('center_axis',(0.,0.,1.));
#1873=DIRECTION('ref_axis',(0.,1.,0.));
#1874=DIRECTION('',(0.,1.,0.));
#1875=DIRECTION('',(-1.,0.,0.));
#1876=DIRECTION('',(0.,-1.,0.));
#1877=DIRECTION('',(-1.,0.,0.));
#1878=DIRECTION('',(0.,1.,0.));
#1879=DIRECTION('center_axis',(-1.,0.,0.));
#1880=DIRECTION('ref_axis',(0.,0.,1.));
#1881=DIRECTION('',(0.,-7.93016446160826E-17,1.));
#1882=DIRECTION('center_axis',(0.,-1.,0.));
#1883=DIRECTION('ref_axis',(0.,0.,1.));
#1884=DIRECTION('',(0.,0.,-1.));
#1885=DIRECTION('center_axis',(0.,1.,0.));
#1886=DIRECTION('ref_axis',(0.,0.,-1.));
#1887=DIRECTION('',(0.,0.,1.));
#1888=DIRECTION('',(0.,0.,-1.));
#1889=DIRECTION('center_axis',(-1.,0.,0.));
#1890=DIRECTION('ref_axis',(0.,0.,1.));
#1891=DIRECTION('center_axis',(0.,-1.,-7.93016446160826E-17));
#1892=DIRECTION('ref_axis',(0.,-7.93016446160826E-17,1.));
#1893=DIRECTION('',(0.,7.93016446160826E-17,-1.));
#1894=DIRECTION('center_axis',(0.,1.,0.));
#1895=DIRECTION('ref_axis',(0.,0.,-1.));
#1896=DIRECTION('',(0.,0.,1.));
#1897=DIRECTION('',(0.,0.,-1.));
#1898=DIRECTION('center_axis',(-1.,0.,0.));
#1899=DIRECTION('ref_axis',(0.,0.,1.));
#1900=DIRECTION('center_axis',(0.,-1.,-5.33334446138004E-33));
#1901=DIRECTION('ref_axis',(0.,5.33334446138004E-33,-1.));
#1902=DIRECTION('',(0.,5.33334446138004E-33,-1.));
#1903=DIRECTION('center_axis',(0.,1.,0.));
#1904=DIRECTION('ref_axis',(0.,0.,1.));
#1905=DIRECTION('',(0.,0.,-1.));
#1906=DIRECTION('',(0.,0.,1.));
#1907=DIRECTION('center_axis',(1.,0.,0.));
#1908=DIRECTION('ref_axis',(0.,0.,-1.));
#1909=DIRECTION('center_axis',(1.,0.,0.));
#1910=DIRECTION('ref_axis',(0.,1.,0.));
#1911=DIRECTION('axis',(0.,0.,1.));
#1912=DIRECTION('refdir',(1.,0.,0.));
#1913=DIRECTION('center_axis',(0.,0.,-1.));
#1914=DIRECTION('ref_axis',(-1.,0.,0.));
#1915=DIRECTION('center_axis',(0.,0.,1.));
#1916=DIRECTION('ref_axis',(-1.,0.,0.));
#1917=DIRECTION('',(0.,0.,-1.));
#1918=DIRECTION('center_axis',(0.,0.,1.));
#1919=DIRECTION('ref_axis',(-1.,0.,0.));
#1920=DIRECTION('center_axis',(0.,0.,-1.));
#1921=DIRECTION('ref_axis',(-1.,0.,0.));
#1922=DIRECTION('center_axis',(0.,0.,-1.));
#1923=DIRECTION('ref_axis',(-1.,0.,0.));
#1924=DIRECTION('',(0.,0.,-1.));
#1925=DIRECTION('center_axis',(0.,0.,-1.));
#1926=DIRECTION('ref_axis',(-1.,0.,0.));
#1927=DIRECTION('center_axis',(0.,0.,1.));
#1928=DIRECTION('ref_axis',(-1.,0.,0.));
#1929=DIRECTION('center_axis',(0.,0.,1.));
#1930=DIRECTION('ref_axis',(1.,0.,0.));
#1931=DIRECTION('',(0.,-1.,0.));
#1932=DIRECTION('',(-1.,0.,0.));
#1933=DIRECTION('',(-1.38777878078145E-16,-1.,0.));
#1934=DIRECTION('',(1.,0.,0.));
#1935=DIRECTION('',(0.,-1.,0.));
#1936=DIRECTION('',(1.,2.72143733143856E-17,0.));
#1937=DIRECTION('',(0.,1.,0.));
#1938=DIRECTION('',(-1.,0.,0.));
#1939=DIRECTION('center_axis',(0.,0.,-1.));
#1940=DIRECTION('ref_axis',(-1.,0.,0.));
#1941=DIRECTION('center_axis',(1.,0.,0.));
#1942=DIRECTION('ref_axis',(0.,1.,0.));
#1943=DIRECTION('',(0.,0.,1.));
#1944=DIRECTION('',(0.,1.,0.));
#1945=DIRECTION('',(0.,0.,1.));
#1946=DIRECTION('center_axis',(0.,-1.,0.));
#1947=DIRECTION('ref_axis',(1.,0.,0.));
#1948=DIRECTION('',(1.,0.,0.));
#1949=DIRECTION('',(0.,0.,1.));
#1950=DIRECTION('center_axis',(0.,0.,1.));
#1951=DIRECTION('ref_axis',(1.,0.,0.));
#1952=DIRECTION('',(-1.,0.,0.));
#1953=DIRECTION('',(0.,-1.,0.));
#1954=DIRECTION('center_axis',(0.,1.,0.));
#1955=DIRECTION('ref_axis',(-1.,0.,0.));
#1956=DIRECTION('',(0.,0.,1.));
#1957=DIRECTION('',(-1.,0.,0.));
#1958=DIRECTION('',(0.,0.,1.));
#1959=DIRECTION('center_axis',(1.,0.,0.));
#1960=DIRECTION('ref_axis',(0.,1.,0.));
#1961=DIRECTION('',(0.,1.,0.));
#1962=DIRECTION('',(0.,0.,1.));
#1963=DIRECTION('center_axis',(0.,0.,1.));
#1964=DIRECTION('ref_axis',(1.,0.,0.));
#1965=DIRECTION('',(1.,0.,0.));
#1966=DIRECTION('',(0.,-1.,0.));
#1967=DIRECTION('center_axis',(0.,0.,-1.));
#1968=DIRECTION('ref_axis',(-1.,0.,0.));
#1969=DIRECTION('',(0.,0.,-1.));
#1970=DIRECTION('center_axis',(0.,0.,1.));
#1971=DIRECTION('ref_axis',(-1.,0.,0.));
#1972=DIRECTION('center_axis',(-1.,1.38777878078145E-16,0.));
#1973=DIRECTION('ref_axis',(-1.38777878078145E-16,-1.,0.));
#1974=DIRECTION('',(1.38777878078145E-16,1.,0.));
#1975=DIRECTION('',(0.,0.,1.));
#1976=DIRECTION('',(0.,0.,1.));
#1977=DIRECTION('center_axis',(0.,1.,0.));
#1978=DIRECTION('ref_axis',(-1.,0.,0.));
#1979=DIRECTION('',(1.,0.,0.));
#1980=DIRECTION('',(0.,0.,1.));
#1981=DIRECTION('center_axis',(1.,0.,0.));
#1982=DIRECTION('ref_axis',(0.,1.,0.));
#1983=DIRECTION('',(0.,-1.,0.));
#1984=DIRECTION('',(0.,0.,1.));
#1985=DIRECTION('center_axis',(2.72143733143856E-17,-1.,0.));
#1986=DIRECTION('ref_axis',(1.,2.72143733143856E-17,0.));
#1987=DIRECTION('',(-1.,-2.72143733143856E-17,0.));
#1988=DIRECTION('center_axis',(0.,0.,1.));
#1989=DIRECTION('ref_axis',(-1.,0.,0.));
#1990=DIRECTION('axis',(0.,0.,1.));
#1991=DIRECTION('refdir',(1.,0.,0.));
#1992=DIRECTION('center_axis',(0.,0.,-1.));
#1993=DIRECTION('ref_axis',(-1.,0.,0.));
#1994=DIRECTION('center_axis',(0.,0.,-1.));
#1995=DIRECTION('ref_axis',(-1.,0.,0.));
#1996=DIRECTION('',(0.,0.,-1.));
#1997=DIRECTION('center_axis',(0.,0.,1.));
#1998=DIRECTION('ref_axis',(-1.,0.,0.));
#1999=DIRECTION('center_axis',(0.,0.,-1.));
#2000=DIRECTION('ref_axis',(-1.,0.,0.));
#2001=DIRECTION('center_axis',(0.,0.,-1.));
#2002=DIRECTION('ref_axis',(-1.,0.,0.));
#2003=DIRECTION('',(0.,0.,-1.));
#2004=DIRECTION('center_axis',(0.,0.,1.));
#2005=DIRECTION('ref_axis',(-1.,0.,0.));
#2006=DIRECTION('center_axis',(0.,0.,-1.));
#2007=DIRECTION('ref_axis',(-1.,0.,0.));
#2008=DIRECTION('center_axis',(0.,0.,-1.));
#2009=DIRECTION('ref_axis',(-1.,0.,0.));
#2010=DIRECTION('',(0.,0.,-1.));
#2011=DIRECTION('center_axis',(0.,0.,1.));
#2012=DIRECTION('ref_axis',(-1.,0.,0.));
#2013=DIRECTION('center_axis',(0.,0.,-1.));
#2014=DIRECTION('ref_axis',(-1.,0.,0.));
#2015=DIRECTION('center_axis',(0.,0.,-1.));
#2016=DIRECTION('ref_axis',(-1.,0.,0.));
#2017=DIRECTION('',(0.,0.,-1.));
#2018=DIRECTION('center_axis',(0.,0.,1.));
#2019=DIRECTION('ref_axis',(-1.,0.,0.));
#2020=DIRECTION('center_axis',(0.,0.,-1.));
#2021=DIRECTION('ref_axis',(-1.,0.,0.));
#2022=DIRECTION('center_axis',(0.,0.,-1.));
#2023=DIRECTION('ref_axis',(-1.,0.,0.));
#2024=DIRECTION('',(0.,0.,-1.));
#2025=DIRECTION('center_axis',(0.,0.,1.));
#2026=DIRECTION('ref_axis',(-1.,0.,0.));
#2027=DIRECTION('center_axis',(0.,1.,0.));
#2028=DIRECTION('ref_axis',(-1.,0.,0.));
#2029=DIRECTION('',(-1.,0.,0.));
#2030=DIRECTION('',(0.,0.,1.));
#2031=DIRECTION('',(-1.,0.,0.));
#2032=DIRECTION('',(0.,0.,1.));
#2033=DIRECTION('center_axis',(1.,0.,0.));
#2034=DIRECTION('ref_axis',(0.,1.,0.));
#2035=DIRECTION('',(0.,1.,0.));
#2036=DIRECTION('',(0.,1.,0.));
#2037=DIRECTION('',(0.,0.,1.));
#2038=DIRECTION('center_axis',(-9.25185853854297E-17,-1.,0.));
#2039=DIRECTION('ref_axis',(1.,-9.25185853854297E-17,0.));
#2040=DIRECTION('',(1.,-9.25185853854297E-17,0.));
#2041=DIRECTION('',(1.,-9.25185853854297E-17,0.));
#2042=DIRECTION('',(0.,0.,1.));
#2043=DIRECTION('center_axis',(-1.,0.,0.));
#2044=DIRECTION('ref_axis',(0.,-1.,0.));
#2045=DIRECTION('',(0.,-1.,0.));
#2046=DIRECTION('',(0.,-1.,0.));
#2047=DIRECTION('center_axis',(0.,0.,1.));
#2048=DIRECTION('ref_axis',(1.,0.,0.));
#2049=DIRECTION('center_axis',(0.,0.,1.));
#2050=DIRECTION('ref_axis',(-1.,0.,0.));
#2051=DIRECTION('axis',(0.,0.,1.));
#2052=DIRECTION('refdir',(1.,0.,0.));
#2053=DIRECTION('center_axis',(0.,0.,1.));
#2054=DIRECTION('ref_axis',(1.,0.,0.));
#2055=DIRECTION('center_axis',(1.4791141972894E-32,0.,1.));
#2056=DIRECTION('ref_axis',(1.,0.,-1.4791141972894E-32));
#2057=DIRECTION('',(0.,0.,1.));
#2058=DIRECTION('center_axis',(0.,0.,1.));
#2059=DIRECTION('ref_axis',(1.,0.,0.));
#2060=DIRECTION('center_axis',(0.,0.,-1.));
#2061=DIRECTION('ref_axis',(1.,0.,0.));
#2062=DIRECTION('center_axis',(0.,0.,-1.));
#2063=DIRECTION('ref_axis',(-1.,0.,0.));
#2064=DIRECTION('center_axis',(0.,0.,-1.));
#2065=DIRECTION('ref_axis',(-1.,0.,0.));
#2066=DIRECTION('center_axis',(0.,0.,-1.));
#2067=DIRECTION('ref_axis',(-1.,0.,0.));
#2068=DIRECTION('',(0.,0.,-1.));
#2069=DIRECTION('center_axis',(1.,0.,0.));
#2070=DIRECTION('ref_axis',(0.,1.,0.));
#2071=DIRECTION('',(0.,-1.,0.));
#2072=DIRECTION('',(0.,0.,1.));
#2073=DIRECTION('',(0.,1.,0.));
#2074=DIRECTION('',(0.,0.,1.));
#2075=DIRECTION('center_axis',(0.,-1.,0.));
#2076=DIRECTION('ref_axis',(1.,0.,0.));
#2077=DIRECTION('',(-1.,0.,0.));
#2078=DIRECTION('',(1.,0.,0.));
#2079=DIRECTION('',(0.,0.,1.));
#2080=DIRECTION('center_axis',(0.,0.,1.));
#2081=DIRECTION('ref_axis',(1.,0.,0.));
#2082=DIRECTION('',(-1.,0.,0.));
#2083=DIRECTION('',(0.,-1.,0.));
#2084=DIRECTION('center_axis',(0.,0.,1.));
#2085=DIRECTION('ref_axis',(1.,0.,0.));
#2086=DIRECTION('',(0.,1.,0.));
#2087=DIRECTION('',(1.,0.,0.));
#2088=DIRECTION('',(0.,-1.,0.));
#2089=DIRECTION('',(1.,0.,0.));
#2090=DIRECTION('',(0.,1.,0.));
#2091=DIRECTION('',(1.,0.,0.));
#2092=DIRECTION('center_axis',(0.,0.,-1.));
#2093=DIRECTION('ref_axis',(-1.,0.,0.));
#2094=DIRECTION('center_axis',(0.,0.,-1.));
#2095=DIRECTION('ref_axis',(-1.,0.,0.));
#2096=DIRECTION('center_axis',(0.,0.,-1.));
#2097=DIRECTION('ref_axis',(-1.,0.,0.));
#2098=DIRECTION('center_axis',(0.,0.,-1.));
#2099=DIRECTION('ref_axis',(-1.,0.,0.));
#2100=DIRECTION('center_axis',(0.,1.,0.));
#2101=DIRECTION('ref_axis',(-1.,0.,0.));
#2102=DIRECTION('',(0.,0.,1.));
#2103=DIRECTION('',(-1.,0.,0.));
#2104=DIRECTION('',(0.,0.,1.));
#2105=DIRECTION('center_axis',(1.,0.,0.));
#2106=DIRECTION('ref_axis',(0.,1.,0.));
#2107=DIRECTION('',(0.,1.,0.));
#2108=DIRECTION('',(0.,0.,1.));
#2109=DIRECTION('center_axis',(0.,0.,1.));
#2110=DIRECTION('ref_axis',(1.,0.,0.));
#2111=DIRECTION('',(0.,-1.,0.));
#2112=DIRECTION('',(1.,2.91029413818516E-32,0.));
#2113=DIRECTION('center_axis',(0.,0.,-1.));
#2114=DIRECTION('ref_axis',(-1.,0.,0.));
#2115=DIRECTION('',(0.,0.,-1.));
#2116=DIRECTION('center_axis',(1.4791141972894E-32,0.,1.));
#2117=DIRECTION('ref_axis',(-1.,0.,1.4791141972894E-32));
#2118=DIRECTION('center_axis',(0.,0.,-1.));
#2119=DIRECTION('ref_axis',(-1.,0.,0.));
#2120=DIRECTION('',(0.,0.,-1.));
#2121=DIRECTION('center_axis',(1.4791141972894E-32,0.,1.));
#2122=DIRECTION('ref_axis',(-1.,0.,1.4791141972894E-32));
#2123=DIRECTION('center_axis',(0.,0.,-1.));
#2124=DIRECTION('ref_axis',(-1.,0.,0.));
#2125=DIRECTION('',(0.,0.,-1.));
#2126=DIRECTION('center_axis',(1.4791141972894E-32,0.,1.));
#2127=DIRECTION('ref_axis',(-1.,0.,1.4791141972894E-32));
#2128=DIRECTION('center_axis',(0.,0.,-1.));
#2129=DIRECTION('ref_axis',(-1.,0.,0.));
#2130=DIRECTION('',(0.,0.,-1.));
#2131=DIRECTION('center_axis',(1.4791141972894E-32,0.,1.));
#2132=DIRECTION('ref_axis',(-1.,0.,1.4791141972894E-32));
#2133=DIRECTION('center_axis',(-1.,0.,0.));
#2134=DIRECTION('ref_axis',(0.,0.,1.));
#2135=DIRECTION('',(0.,0.,1.));
#2136=DIRECTION('',(0.,0.,1.));
#2137=DIRECTION('',(0.,1.,0.));
#2138=DIRECTION('center_axis',(-1.4791141972894E-32,0.,-1.));
#2139=DIRECTION('ref_axis',(-1.,0.,1.4791141972894E-32));
#2140=DIRECTION('',(-1.,0.,1.4791141972894E-32));
#2141=DIRECTION('',(-1.,0.,1.4791141972894E-32));
#2142=DIRECTION('',(0.,1.,0.));
#2143=DIRECTION('center_axis',(1.,0.,0.));
#2144=DIRECTION('ref_axis',(0.,0.,-1.));
#2145=DIRECTION('',(0.,0.,-1.));
#2146=DIRECTION('',(0.,0.,-1.));
#2147=DIRECTION('center_axis',(0.,1.,0.));
#2148=DIRECTION('ref_axis',(0.,0.,1.));
#2149=DIRECTION('center_axis',(0.,1.,0.));
#2150=DIRECTION('ref_axis',(1.,0.,0.));
#2151=DIRECTION('',(0.,0.,1.));
#2152=DIRECTION('',(1.,0.,0.));
#2153=DIRECTION('',(0.,0.,1.));
#2154=DIRECTION('',(1.,0.,0.));
#2155=DIRECTION('',(2.57626173076089E-15,1.31524374079577E-29,1.));
#2156=DIRECTION('',(1.,7.88860905220998E-31,-2.57626173076089E-15));
#2157=DIRECTION('',(0.,0.,1.));
#2158=DIRECTION('',(1.,0.,0.));
#2159=CARTESIAN_POINT('',(0.,0.,0.));
#2160=CARTESIAN_POINT('',(0.,0.,0.));
#2161=CARTESIAN_POINT('Origin',(10.,22.0000000000001,27.5));
#2162=CARTESIAN_POINT('',(4.07403579471145E-14,23.5000000000001,27.5));
#2163=CARTESIAN_POINT('',(10.,22.0000000000001,27.5));
#2164=CARTESIAN_POINT('',(2.02933985330077,23.195599022005,27.5));
#2165=CARTESIAN_POINT('',(5.58007746289862E-14,23.5000000000001,40.5));
#2166=CARTESIAN_POINT('',(4.07403579471145E-14,23.5000000000001,27.5));
#2167=CARTESIAN_POINT('',(10.0000000000001,22.0000000000001,40.5));
#2168=CARTESIAN_POINT('',(5.58007746289862E-14,23.5000000000001,40.5));
#2169=CARTESIAN_POINT('',(10.,22.0000000000001,27.5));
#2170=CARTESIAN_POINT('Origin',(8.88178419700125E-15,64.,27.5));
#2171=CARTESIAN_POINT('',(10.,18.0000000000001,27.5));
#2172=CARTESIAN_POINT('',(10.,41.,27.5));
#2173=CARTESIAN_POINT('',(4.07403579471145E-14,18.0000000000001,27.5));
#2174=CARTESIAN_POINT('',(2.44249065417534E-14,18.0000000000001,27.5));
#2175=CARTESIAN_POINT('',(8.88178419700125E-15,-1.04000216996911E-31,27.5));
#2176=CARTESIAN_POINT('',(8.88178419700125E-15,64.,27.5));
#2177=CARTESIAN_POINT('',(23.,0.,27.5));
#2178=CARTESIAN_POINT('',(8.88178419700125E-15,-1.04000216996911E-31,27.5));
#2179=CARTESIAN_POINT('',(23.,22.,27.5));
#2180=CARTESIAN_POINT('',(23.,64.,27.5));
#2181=CARTESIAN_POINT('',(16.,22.,27.5));
#2182=CARTESIAN_POINT('',(11.5,22.,27.5));
#2183=CARTESIAN_POINT('',(16.,42.,27.5));
#2184=CARTESIAN_POINT('',(16.,43.,27.5));
#2185=CARTESIAN_POINT('',(23.,42.,27.5));
#2186=CARTESIAN_POINT('',(8.00000000000003,42.,27.5));
#2187=CARTESIAN_POINT('',(23.,64.,27.5));
#2188=CARTESIAN_POINT('',(23.,64.,27.5));
#2189=CARTESIAN_POINT('',(8.88178419700125E-15,64.,27.5));
#2190=CARTESIAN_POINT('',(8.88178419700125E-15,64.,27.5));
#2191=CARTESIAN_POINT('',(4.07403579471145E-14,46.0000000000001,27.5));
#2192=CARTESIAN_POINT('',(8.88178419700125E-15,64.,27.5));
#2193=CARTESIAN_POINT('',(10.,46.0000000000001,27.5));
#2194=CARTESIAN_POINT('',(5.00000000000002,46.0000000000001,27.5));
#2195=CARTESIAN_POINT('',(10.,42.0000000000001,27.5));
#2196=CARTESIAN_POINT('',(10.,53.,27.5));
#2197=CARTESIAN_POINT('',(4.07403579471145E-14,40.5000000000001,27.5));
#2198=CARTESIAN_POINT('',(1.72371638141812,40.7585574572128,27.5));
#2199=CARTESIAN_POINT('',(8.88178419700125E-15,64.,27.5));
#2200=CARTESIAN_POINT('Origin',(4.07403579471145E-14,40.5000000000001,27.5));
#2201=CARTESIAN_POINT('',(10.0000000000001,42.0000000000001,40.5));
#2202=CARTESIAN_POINT('',(10.,42.0000000000001,27.5));
#2203=CARTESIAN_POINT('',(5.58007746289862E-14,40.5000000000001,40.5));
#2204=CARTESIAN_POINT('',(5.58007746289862E-14,40.5000000000001,40.5));
#2205=CARTESIAN_POINT('',(4.07403579471145E-14,40.5000000000001,27.5));
#2206=CARTESIAN_POINT('Origin',(10.,18.0000000000001,27.5));
#2207=CARTESIAN_POINT('',(10.0000000000001,18.0000000000001,40.5));
#2208=CARTESIAN_POINT('',(10.0000000000001,22.0000000000001,40.5));
#2209=CARTESIAN_POINT('',(10.,18.0000000000001,27.5));
#2210=CARTESIAN_POINT('Origin',(3.99680288865056E-14,18.0000000000001,27.5));
#2211=CARTESIAN_POINT('',(5.58007746289862E-14,18.0000000000001,40.5));
#2212=CARTESIAN_POINT('',(10.0000000000001,18.0000000000001,40.5));
#2213=CARTESIAN_POINT('',(4.07403579471145E-14,18.0000000000001,27.5));
#2214=CARTESIAN_POINT('Origin',(5.00000000000006,20.0000000000001,40.5));
#2215=CARTESIAN_POINT('',(5.58007746289862E-14,64.,40.5));
#2216=CARTESIAN_POINT('Origin',(10.,42.0000000000001,27.5));
#2217=CARTESIAN_POINT('',(10.0000000000001,46.0000000000001,40.5));
#2218=CARTESIAN_POINT('',(10.,46.0000000000001,27.5));
#2219=CARTESIAN_POINT('',(10.0000000000001,42.0000000000001,40.5));
#2220=CARTESIAN_POINT('Origin',(10.,46.0000000000001,27.5));
#2221=CARTESIAN_POINT('',(5.6621374255883E-14,46.0000000000001,40.5));
#2222=CARTESIAN_POINT('',(4.07403579471145E-14,46.0000000000001,27.5));
#2223=CARTESIAN_POINT('',(10.0000000000001,46.0000000000001,40.5));
#2224=CARTESIAN_POINT('Origin',(5.00000000000006,44.0000000000001,40.5));
#2225=CARTESIAN_POINT('',(5.62834802918667E-14,64.,40.5));
#2226=CARTESIAN_POINT('Origin',(16.,22.,27.5));
#2227=CARTESIAN_POINT('',(16.,42.,-52.));
#2228=CARTESIAN_POINT('',(16.,22.,-52.));
#2229=CARTESIAN_POINT('',(16.,11.,-52.));
#2230=CARTESIAN_POINT('',(16.,42.,27.5));
#2231=CARTESIAN_POINT('',(16.,22.,27.5));
#2232=CARTESIAN_POINT('Origin',(23.,22.,27.5));
#2233=CARTESIAN_POINT('',(22.9999999999999,22.,-52.));
#2234=CARTESIAN_POINT('',(11.5,22.,-52.));
#2235=CARTESIAN_POINT('',(23.,22.,7.62500000000001));
#2236=CARTESIAN_POINT('Origin',(16.,42.,27.5));
#2237=CARTESIAN_POINT('',(22.9999999999999,42.,-52.));
#2238=CARTESIAN_POINT('',(8.00000000000003,42.,-52.));
#2239=CARTESIAN_POINT('',(23.,42.,7.62500000000001));
#2240=CARTESIAN_POINT('Origin',(8.88178419700125E-15,0.,-52.));
#2241=CARTESIAN_POINT('',(23.,0.,-52.));
#2242=CARTESIAN_POINT('',(23.,64.,-52.));
#2243=CARTESIAN_POINT('',(8.88178419700125E-15,1.84889274661175E-31,-52.));
#2244=CARTESIAN_POINT('',(8.88178419700125E-15,1.84889274661175E-31,-52.));
#2245=CARTESIAN_POINT('',(0.,3.25,-52.));
#2246=CARTESIAN_POINT('',(8.88178419700125E-15,64.,-52.));
#2247=CARTESIAN_POINT('',(-28.,3.25,-52.));
#2248=CARTESIAN_POINT('',(0.,3.25,-52.));
#2249=CARTESIAN_POINT('',(-28.,8.25,-52.));
#2250=CARTESIAN_POINT('',(-28.,3.25,-52.));
#2251=CARTESIAN_POINT('',(-18.,8.25,-52.));
#2252=CARTESIAN_POINT('',(-9.00000000000002,8.25,-52.));
#2253=CARTESIAN_POINT('',(-18.,10.25,-52.));
#2254=CARTESIAN_POINT('',(-18.,5.125,-52.));
#2255=CARTESIAN_POINT('',(-28.,10.25,-52.));
#2256=CARTESIAN_POINT('',(-14.,10.25,-52.));
#2257=CARTESIAN_POINT('',(-28.,21.25,-52.));
#2258=CARTESIAN_POINT('',(-28.,3.25,-52.));
#2259=CARTESIAN_POINT('',(0.,21.25,-52.));
#2260=CARTESIAN_POINT('',(0.,21.25,-52.));
#2261=CARTESIAN_POINT('',(0.,42.75,-52.));
#2262=CARTESIAN_POINT('',(8.88178419700125E-15,64.,-52.));
#2263=CARTESIAN_POINT('',(-28.,42.75,-52.));
#2264=CARTESIAN_POINT('',(0.,42.75,-52.));
#2265=CARTESIAN_POINT('',(-28.,53.75,-52.));
#2266=CARTESIAN_POINT('',(-28.,42.75,-52.));
#2267=CARTESIAN_POINT('',(-18.,53.75,-52.));
#2268=CARTESIAN_POINT('',(-9.00000000000002,53.75,-52.));
#2269=CARTESIAN_POINT('',(-18.,55.75,-52.));
#2270=CARTESIAN_POINT('',(-18.,27.875,-52.));
#2271=CARTESIAN_POINT('',(-28.,55.75,-52.));
#2272=CARTESIAN_POINT('',(-14.,55.75,-52.));
#2273=CARTESIAN_POINT('',(-28.,60.75,-52.));
#2274=CARTESIAN_POINT('',(-28.,42.75,-52.));
#2275=CARTESIAN_POINT('',(0.,60.75,-52.));
#2276=CARTESIAN_POINT('',(0.,60.75,-52.));
#2277=CARTESIAN_POINT('',(8.88178419700125E-15,64.,-52.));
#2278=CARTESIAN_POINT('',(8.88178419700125E-15,64.,-52.));
#2279=CARTESIAN_POINT('',(23.,64.,-52.));
#2280=CARTESIAN_POINT('',(8.88178419700125E-15,64.,-52.));
#2281=CARTESIAN_POINT('',(23.,64.,-52.));
#2282=CARTESIAN_POINT('Origin',(23.,32.,-12.25));
#2283=CARTESIAN_POINT('',(23.,-1.04000216996911E-31,27.5));
#2284=CARTESIAN_POINT('Origin',(-18.,53.75,-45.));
#2285=CARTESIAN_POINT('',(-28.,53.75,-45.));
#2286=CARTESIAN_POINT('',(-28.,53.75,-46.75));
#2287=CARTESIAN_POINT('',(-18.,53.75,-45.));
#2288=CARTESIAN_POINT('',(-9.00000000000002,53.75,-45.));
#2289=CARTESIAN_POINT('',(-18.,53.75,-45.));
#2290=CARTESIAN_POINT('Origin',(-18.,55.75,-45.));
#2291=CARTESIAN_POINT('',(-18.,55.75,-45.));
#2292=CARTESIAN_POINT('',(-18.,49.25,-45.));
#2293=CARTESIAN_POINT('',(-18.,55.75,-45.));
#2294=CARTESIAN_POINT('Origin',(-28.,55.75,-45.));
#2295=CARTESIAN_POINT('',(-28.,55.75,-45.));
#2296=CARTESIAN_POINT('',(-14.,55.75,-45.));
#2297=CARTESIAN_POINT('',(-28.,55.75,-46.75));
#2298=CARTESIAN_POINT('Origin',(-18.,8.25,-45.));
#2299=CARTESIAN_POINT('',(-28.,8.25,-45.));
#2300=CARTESIAN_POINT('',(-28.,8.25000000000001,-46.75));
#2301=CARTESIAN_POINT('',(-18.,8.25,-45.));
#2302=CARTESIAN_POINT('',(-9.00000000000002,8.25,-45.));
#2303=CARTESIAN_POINT('',(-18.,8.25,-45.));
#2304=CARTESIAN_POINT('Origin',(-18.,10.25,-45.));
#2305=CARTESIAN_POINT('',(-18.,10.25,-45.));
#2306=CARTESIAN_POINT('',(-18.,6.75,-45.));
#2307=CARTESIAN_POINT('',(-18.,10.25,-45.));
#2308=CARTESIAN_POINT('Origin',(-28.,10.25,-45.));
#2309=CARTESIAN_POINT('',(-28.,10.25,-45.));
#2310=CARTESIAN_POINT('',(-14.,10.25,-45.));
#2311=CARTESIAN_POINT('',(-28.,10.25,-46.75));
#2312=CARTESIAN_POINT('Origin',(0.,42.75,-45.));
#2313=CARTESIAN_POINT('',(-28.,42.75,-45.));
#2314=CARTESIAN_POINT('',(-28.,60.75,-45.));
#2315=CARTESIAN_POINT('',(0.,42.75,-45.));
#2316=CARTESIAN_POINT('',(0.,42.75,-45.));
#2317=CARTESIAN_POINT('',(0.,60.75,-45.));
#2318=CARTESIAN_POINT('',(8.88178419700125E-15,37.375,-45.));
#2319=CARTESIAN_POINT('',(-28.,60.75,-45.));
#2320=CARTESIAN_POINT('',(0.,60.75,-45.));
#2321=CARTESIAN_POINT('',(-28.,60.75,-45.));
#2322=CARTESIAN_POINT('Origin',(-28.,51.75,-48.5));
#2323=CARTESIAN_POINT('',(-28.,42.75,-45.));
#2324=CARTESIAN_POINT('Origin',(0.,3.25,-45.));
#2325=CARTESIAN_POINT('',(-28.,3.25,-45.));
#2326=CARTESIAN_POINT('',(-28.,21.25,-45.));
#2327=CARTESIAN_POINT('',(0.,3.25,-45.));
#2328=CARTESIAN_POINT('',(0.,3.25,-45.));
#2329=CARTESIAN_POINT('',(0.,21.25,-45.));
#2330=CARTESIAN_POINT('',(8.88178419700125E-15,17.625,-45.));
#2331=CARTESIAN_POINT('',(-28.,21.25,-45.));
#2332=CARTESIAN_POINT('',(0.,21.25,-45.));
#2333=CARTESIAN_POINT('',(-28.,21.25,-45.));
#2334=CARTESIAN_POINT('Origin',(-28.,12.25,-48.5));
#2335=CARTESIAN_POINT('',(-28.,3.25,-45.));
#2336=CARTESIAN_POINT('Origin',(0.,42.75,-52.));
#2337=CARTESIAN_POINT('',(8.88178419700125E-15,42.75,-32.125));
#2338=CARTESIAN_POINT('Origin',(0.,60.75,-45.));
#2339=CARTESIAN_POINT('',(8.88178419700125E-15,60.75,-28.625));
#2340=CARTESIAN_POINT('',(-28.,60.75,-52.));
#2341=CARTESIAN_POINT('Origin',(-28.,51.75,-48.5));
#2342=CARTESIAN_POINT('Origin',(0.,3.25,-52.));
#2343=CARTESIAN_POINT('',(8.88178419700125E-15,3.25,-32.125));
#2344=CARTESIAN_POINT('Origin',(0.,21.25,-45.));
#2345=CARTESIAN_POINT('',(8.88178419700125E-15,21.25,-28.625));
#2346=CARTESIAN_POINT('',(-28.,21.25,-52.));
#2347=CARTESIAN_POINT('Origin',(-28.,12.25,-48.5));
#2348=CARTESIAN_POINT('Origin',(8.88178419700125E-15,-1.04000216996911E-31,
27.5));
#2349=CARTESIAN_POINT('',(8.88178419700125E-15,-1.04000216996911E-31,27.5));
#2350=CARTESIAN_POINT('Origin',(8.88178419700125E-15,64.,-52.));
#2351=CARTESIAN_POINT('',(8.88178419700125E-15,64.,8.00000000000002));
#2352=CARTESIAN_POINT('',(23.,64.,8.00000000000002));
#2353=CARTESIAN_POINT('Origin',(23.,32.,-12.25));
#2354=CARTESIAN_POINT('Origin',(8.88178419700125E-15,32.,-12.25));
#2355=CARTESIAN_POINT('',(0.,0.,0.));
#2356=CARTESIAN_POINT('Origin',(-30.,32.,76.));
#2357=CARTESIAN_POINT('',(-24.2,32.,73.));
#2358=CARTESIAN_POINT('Origin',(-30.,32.,73.));
#2359=CARTESIAN_POINT('',(-24.2,32.,62.));
#2360=CARTESIAN_POINT('',(-24.2,32.,76.));
#2361=CARTESIAN_POINT('Origin',(-30.,32.,62.));
#2362=CARTESIAN_POINT('Origin',(-30.,32.,76.));
#2363=CARTESIAN_POINT('',(-22.7,32.,76.));
#2364=CARTESIAN_POINT('Origin',(-30.,32.,76.));
#2365=CARTESIAN_POINT('',(-22.7,32.,73.));
#2366=CARTESIAN_POINT('',(-22.7,32.,76.));
#2367=CARTESIAN_POINT('Origin',(-30.,32.,73.));
#2368=CARTESIAN_POINT('Origin',(-30.,32.,73.));
#2369=CARTESIAN_POINT('Origin',(-7.5,32.,76.));
#2370=CARTESIAN_POINT('',(-57.,64.,76.));
#2371=CARTESIAN_POINT('',(-57.,46.,76.));
#2372=CARTESIAN_POINT('',(-57.,39.,76.));
#2373=CARTESIAN_POINT('',(-75.,46.,76.));
#2374=CARTESIAN_POINT('',(-41.25,46.,76.));
#2375=CARTESIAN_POINT('',(-75.,18.,76.));
#2376=CARTESIAN_POINT('',(-75.,0.,76.));
#2377=CARTESIAN_POINT('',(-57.,18.,76.));
#2378=CARTESIAN_POINT('',(-32.25,18.,76.));
#2379=CARTESIAN_POINT('',(-57.,0.,76.));
#2380=CARTESIAN_POINT('',(-57.,16.,76.));
#2381=CARTESIAN_POINT('',(60.,3.67394039744206E-15,76.));
#2382=CARTESIAN_POINT('',(60.,3.67394039744206E-15,76.));
#2383=CARTESIAN_POINT('',(60.,64.,76.));
#2384=CARTESIAN_POINT('',(60.,64.,76.));
#2385=CARTESIAN_POINT('',(-75.,64.,76.));
#2386=CARTESIAN_POINT('',(47.9,32.,76.));
#2387=CARTESIAN_POINT('Origin',(30.,32.,76.));
#2388=CARTESIAN_POINT('Origin',(-57.,46.,76.));
#2389=CARTESIAN_POINT('',(-57.,64.,159.));
#2390=CARTESIAN_POINT('',(-57.,64.,76.));
#2391=CARTESIAN_POINT('',(-57.,46.,159.));
#2392=CARTESIAN_POINT('',(-57.,64.,159.));
#2393=CARTESIAN_POINT('',(-57.,46.,76.));
#2394=CARTESIAN_POINT('Origin',(-75.,46.,76.));
#2395=CARTESIAN_POINT('',(-75.,46.,159.));
#2396=CARTESIAN_POINT('',(-57.,46.,159.));
#2397=CARTESIAN_POINT('',(-75.,46.,76.));
#2398=CARTESIAN_POINT('Origin',(-66.,55.,159.));
#2399=CARTESIAN_POINT('',(-75.,64.,159.));
#2400=CARTESIAN_POINT('',(-75.,64.,159.));
#2401=CARTESIAN_POINT('',(-75.,46.,159.));
#2402=CARTESIAN_POINT('Origin',(-57.,18.,76.));
#2403=CARTESIAN_POINT('',(-75.,18.,159.));
#2404=CARTESIAN_POINT('',(-75.,18.,76.));
#2405=CARTESIAN_POINT('',(-57.,18.,159.));
#2406=CARTESIAN_POINT('',(-57.,18.,159.));
#2407=CARTESIAN_POINT('',(-57.,18.,76.));
#2408=CARTESIAN_POINT('Origin',(-57.,0.,76.));
#2409=CARTESIAN_POINT('',(-57.,0.,159.));
#2410=CARTESIAN_POINT('',(-57.,0.,159.));
#2411=CARTESIAN_POINT('',(-57.,0.,76.));
#2412=CARTESIAN_POINT('Origin',(-66.,9.,159.));
#2413=CARTESIAN_POINT('',(-75.,0.,159.));
#2414=CARTESIAN_POINT('',(-75.,0.,159.));
#2415=CARTESIAN_POINT('',(-75.,18.,159.));
#2416=CARTESIAN_POINT('Origin',(30.,32.,76.));
#2417=CARTESIAN_POINT('',(47.9,32.,62.));
#2418=CARTESIAN_POINT('',(47.9,32.,76.));
#2419=CARTESIAN_POINT('Origin',(30.,32.,62.));
#2420=CARTESIAN_POINT('Origin',(-75.,64.,62.));
#2421=CARTESIAN_POINT('',(-75.,0.,62.));
#2422=CARTESIAN_POINT('',(-75.,64.,62.));
#2423=CARTESIAN_POINT('',(-75.,0.,62.));
#2424=CARTESIAN_POINT('',(-75.,0.,62.));
#2425=CARTESIAN_POINT('',(-75.,64.,62.));
#2426=CARTESIAN_POINT('Origin',(60.,64.,62.));
#2427=CARTESIAN_POINT('',(60.,64.,62.));
#2428=CARTESIAN_POINT('',(-75.,64.,62.));
#2429=CARTESIAN_POINT('',(60.,64.,62.));
#2430=CARTESIAN_POINT('Origin',(60.,0.,62.));
#2431=CARTESIAN_POINT('',(60.,3.67394039744206E-15,62.));
#2432=CARTESIAN_POINT('',(60.,64.,62.));
#2433=CARTESIAN_POINT('',(60.,3.67394039744206E-15,62.));
#2434=CARTESIAN_POINT('Origin',(-75.,0.,62.));
#2435=CARTESIAN_POINT('',(60.,3.67394039744206E-15,62.));
#2436=CARTESIAN_POINT('Origin',(-7.5,32.,62.));
#2437=CARTESIAN_POINT('',(0.,0.,0.));
#2438=CARTESIAN_POINT('Origin',(-30.,96.,172.));
#2439=CARTESIAN_POINT('',(-18.5,96.,172.));
#2440=CARTESIAN_POINT('Origin',(-30.,96.,172.));
#2441=CARTESIAN_POINT('',(-18.5,96.,159.));
#2442=CARTESIAN_POINT('',(-18.5,96.,172.));
#2443=CARTESIAN_POINT('Origin',(-30.,96.,159.));
#2444=CARTESIAN_POINT('Origin',(-45.5,80.5,172.));
#2445=CARTESIAN_POINT('',(-43.75,80.5,172.));
#2446=CARTESIAN_POINT('Origin',(-45.5,80.5,172.));
#2447=CARTESIAN_POINT('',(-43.75,80.5,159.));
#2448=CARTESIAN_POINT('',(-43.75,80.5,172.));
#2449=CARTESIAN_POINT('Origin',(-45.5,80.5,159.));
#2450=CARTESIAN_POINT('Origin',(-14.5,111.5,172.));
#2451=CARTESIAN_POINT('',(-12.75,111.5,172.));
#2452=CARTESIAN_POINT('Origin',(-14.5,111.5,172.));
#2453=CARTESIAN_POINT('',(-12.75,111.5,159.));
#2454=CARTESIAN_POINT('',(-12.75,111.5,172.));
#2455=CARTESIAN_POINT('Origin',(-14.5,111.5,159.));
#2456=CARTESIAN_POINT('Origin',(-45.5,111.5,172.));
#2457=CARTESIAN_POINT('',(-43.75,111.5,172.));
#2458=CARTESIAN_POINT('Origin',(-45.5,111.5,172.));
#2459=CARTESIAN_POINT('',(-43.75,111.5,159.));
#2460=CARTESIAN_POINT('',(-43.75,111.5,172.));
#2461=CARTESIAN_POINT('Origin',(-45.5,111.5,159.));
#2462=CARTESIAN_POINT('Origin',(-14.5,80.5,172.));
#2463=CARTESIAN_POINT('',(-12.75,80.5,172.));
#2464=CARTESIAN_POINT('Origin',(-14.5,80.5,172.));
#2465=CARTESIAN_POINT('',(-12.75,80.5,159.));
#2466=CARTESIAN_POINT('',(-12.75,80.5,172.));
#2467=CARTESIAN_POINT('Origin',(-14.5,80.5,159.));
#2468=CARTESIAN_POINT('Origin',(21.,128.,159.));
#2469=CARTESIAN_POINT('',(21.,128.,159.));
#2470=CARTESIAN_POINT('',(-75.,128.,159.));
#2471=CARTESIAN_POINT('',(21.,128.,159.));
#2472=CARTESIAN_POINT('',(-75.,128.,172.));
#2473=CARTESIAN_POINT('',(-75.,128.,159.));
#2474=CARTESIAN_POINT('',(21.,128.,172.));
#2475=CARTESIAN_POINT('',(21.,128.,172.));
#2476=CARTESIAN_POINT('',(21.,128.,159.));
#2477=CARTESIAN_POINT('Origin',(21.,64.,159.));
#2478=CARTESIAN_POINT('',(21.,64.,159.));
#2479=CARTESIAN_POINT('',(21.,64.,159.));
#2480=CARTESIAN_POINT('',(21.,64.,172.));
#2481=CARTESIAN_POINT('',(21.,64.,172.));
#2482=CARTESIAN_POINT('',(21.,64.,159.));
#2483=CARTESIAN_POINT('Origin',(-75.,64.,159.));
#2484=CARTESIAN_POINT('',(-75.,64.,159.));
#2485=CARTESIAN_POINT('',(-75.,64.,159.));
#2486=CARTESIAN_POINT('',(-75.,64.,172.));
#2487=CARTESIAN_POINT('',(-75.,64.,172.));
#2488=CARTESIAN_POINT('',(-75.,64.,159.));
#2489=CARTESIAN_POINT('Origin',(-75.,128.,159.));
#2490=CARTESIAN_POINT('',(-75.,128.,159.));
#2491=CARTESIAN_POINT('',(-75.,128.,172.));
#2492=CARTESIAN_POINT('Origin',(-27.,96.,172.));
#2493=CARTESIAN_POINT('Origin',(-27.,96.,159.));
#2494=CARTESIAN_POINT('',(0.,0.,0.));
#2495=CARTESIAN_POINT('Origin',(-30.,32.,1.10933564796705E-31));
#2496=CARTESIAN_POINT('',(-37.3,32.,1.10933564796705E-31));
#2497=CARTESIAN_POINT('Origin',(-30.,32.,0.));
#2498=CARTESIAN_POINT('',(-37.3,32.,12.));
#2499=CARTESIAN_POINT('',(-37.3,32.,1.10933564796705E-31));
#2500=CARTESIAN_POINT('Origin',(-30.,32.,12.));
#2501=CARTESIAN_POINT('Origin',(-30.,32.,12.));
#2502=CARTESIAN_POINT('',(-24.2,32.,12.));
#2503=CARTESIAN_POINT('Origin',(-30.,32.,12.));
#2504=CARTESIAN_POINT('Origin',(-30.,32.,16.));
#2505=CARTESIAN_POINT('',(-24.2,32.,16.));
#2506=CARTESIAN_POINT('Origin',(-30.,32.,16.));
#2507=CARTESIAN_POINT('',(-24.2,32.,16.));
#2508=CARTESIAN_POINT('Origin',(-57.,46.,16.));
#2509=CARTESIAN_POINT('',(-57.,64.,16.));
#2510=CARTESIAN_POINT('',(-57.,46.,16.));
#2511=CARTESIAN_POINT('',(-57.,23.,16.));
#2512=CARTESIAN_POINT('',(-57.,64.,62.));
#2513=CARTESIAN_POINT('',(-57.,64.,16.));
#2514=CARTESIAN_POINT('',(-57.,46.,62.));
#2515=CARTESIAN_POINT('',(-57.,64.,62.));
#2516=CARTESIAN_POINT('',(-57.,46.,16.));
#2517=CARTESIAN_POINT('Origin',(-75.,46.,16.));
#2518=CARTESIAN_POINT('',(-75.,46.,16.));
#2519=CARTESIAN_POINT('',(-75.,46.,16.));
#2520=CARTESIAN_POINT('',(-75.,46.,62.));
#2521=CARTESIAN_POINT('',(-57.,46.,62.));
#2522=CARTESIAN_POINT('',(-75.,46.,16.));
#2523=CARTESIAN_POINT('Origin',(-66.,55.,62.));
#2524=CARTESIAN_POINT('',(-75.,64.,62.));
#2525=CARTESIAN_POINT('',(-75.,64.,62.));
#2526=CARTESIAN_POINT('',(-75.,46.,62.));
#2527=CARTESIAN_POINT('Origin',(-75.,0.,16.));
#2528=CARTESIAN_POINT('',(-75.,18.,16.));
#2529=CARTESIAN_POINT('',(-75.,0.,16.));
#2530=CARTESIAN_POINT('',(-57.,18.,16.));
#2531=CARTESIAN_POINT('',(-66.,18.,16.));
#2532=CARTESIAN_POINT('',(-57.,5.23852944873328E-31,16.));
#2533=CARTESIAN_POINT('',(-57.,2.61926472436664E-31,16.));
#2534=CARTESIAN_POINT('',(0.,0.,16.));
#2535=CARTESIAN_POINT('',(-75.,0.,16.));
#2536=CARTESIAN_POINT('',(0.,64.,16.));
#2537=CARTESIAN_POINT('',(0.,0.,16.));
#2538=CARTESIAN_POINT('',(-75.,64.,16.));
#2539=CARTESIAN_POINT('',(-6.75,22.,16.));
#2540=CARTESIAN_POINT('Origin',(-8.5,22.,16.));
#2541=CARTESIAN_POINT('',(-26.75,42.,16.));
#2542=CARTESIAN_POINT('Origin',(-28.5,42.,16.));
#2543=CARTESIAN_POINT('',(-6.75,42.,16.));
#2544=CARTESIAN_POINT('Origin',(-8.5,42.,16.));
#2545=CARTESIAN_POINT('',(-26.75,22.,16.));
#2546=CARTESIAN_POINT('Origin',(-28.5,22.,16.));
#2547=CARTESIAN_POINT('Origin',(-57.,18.,16.));
#2548=CARTESIAN_POINT('',(-75.,18.,62.));
#2549=CARTESIAN_POINT('',(-75.,18.,16.));
#2550=CARTESIAN_POINT('',(-57.,18.,62.));
#2551=CARTESIAN_POINT('',(-57.,18.,62.));
#2552=CARTESIAN_POINT('',(-57.,18.,16.));
#2553=CARTESIAN_POINT('Origin',(-57.,5.23852944873328E-31,16.));
#2554=CARTESIAN_POINT('',(-57.,0.,62.));
#2555=CARTESIAN_POINT('',(-57.,5.23852944873328E-31,62.));
#2556=CARTESIAN_POINT('',(-57.,5.23852944873328E-31,16.));
#2557=CARTESIAN_POINT('Origin',(-66.,9.,62.));
#2558=CARTESIAN_POINT('',(-75.,0.,62.));
#2559=CARTESIAN_POINT('',(-75.,18.,62.));
#2560=CARTESIAN_POINT('',(-75.,0.,62.));
#2561=CARTESIAN_POINT('Origin',(-28.5,22.,16.));
#2562=CARTESIAN_POINT('',(-26.75,22.,0.));
#2563=CARTESIAN_POINT('',(-26.75,22.,16.));
#2564=CARTESIAN_POINT('Origin',(-28.5,22.,0.));
#2565=CARTESIAN_POINT('Origin',(-8.5,42.,16.));
#2566=CARTESIAN_POINT('',(-6.75,42.,0.));
#2567=CARTESIAN_POINT('',(-6.75,42.,16.));
#2568=CARTESIAN_POINT('Origin',(-8.5,42.,0.));
#2569=CARTESIAN_POINT('Origin',(-28.5,42.,16.));
#2570=CARTESIAN_POINT('',(-26.75,42.,0.));
#2571=CARTESIAN_POINT('',(-26.75,42.,16.));
#2572=CARTESIAN_POINT('Origin',(-28.5,42.,0.));
#2573=CARTESIAN_POINT('Origin',(-8.5,22.,16.));
#2574=CARTESIAN_POINT('',(-6.75,22.,0.));
#2575=CARTESIAN_POINT('',(-6.75,22.,16.));
#2576=CARTESIAN_POINT('Origin',(-8.5,22.,0.));
#2577=CARTESIAN_POINT('Origin',(-75.,0.,1.10933564796705E-30));
#2578=CARTESIAN_POINT('',(-75.,0.,1.10933564796705E-30));
#2579=CARTESIAN_POINT('',(-75.,0.,1.10933564796705E-30));
#2580=CARTESIAN_POINT('',(-75.,64.,0.));
#2581=CARTESIAN_POINT('',(-75.,64.,1.10933564796705E-30));
#2582=CARTESIAN_POINT('',(-75.,0.,1.10933564796705E-30));
#2583=CARTESIAN_POINT('Origin',(0.,0.,0.));
#2584=CARTESIAN_POINT('',(0.,0.,0.));
#2585=CARTESIAN_POINT('',(0.,0.,0.));
#2586=CARTESIAN_POINT('',(0.,64.,0.));
#2587=CARTESIAN_POINT('',(0.,64.,0.));
#2588=CARTESIAN_POINT('',(0.,0.,0.));
#2589=CARTESIAN_POINT('Origin',(0.,0.,16.));
#2590=CARTESIAN_POINT('',(0.,0.,16.));
#2591=CARTESIAN_POINT('',(0.,64.,16.));
#2592=CARTESIAN_POINT('Origin',(-37.5,64.,8.));
#2593=CARTESIAN_POINT('Origin',(-37.5,0.,8.));
#2594=CARTESIAN_POINT('',(-4.44089209850063E-15,0.,7.99999999999998));
#2595=CARTESIAN_POINT('',(0.,0.,0.));
#2596=CARTESIAN_POINT('',(-8.70414851306123E-13,-63.9999999999998,3.12638803734444E-12));
#2597=CARTESIAN_POINT('',(0.,0.,0.));
#2598=UNCERTAINTY_MEASURE_WITH_UNIT(LENGTH_MEASURE(0.01),#2610,
'DISTANCE_ACCURACY_VALUE',
'Maximum model space distance between geometric entities at asserted c
onnectivities');
#2599=UNCERTAINTY_MEASURE_WITH_UNIT(LENGTH_MEASURE(0.01),#2610,
'DISTANCE_ACCURACY_VALUE',
'Maximum model space distance between geometric entities at asserted c
onnectivities');
#2600=UNCERTAINTY_MEASURE_WITH_UNIT(LENGTH_MEASURE(0.01),#2610,
'DISTANCE_ACCURACY_VALUE',
'Maximum model space distance between geometric entities at asserted c
onnectivities');
#2601=UNCERTAINTY_MEASURE_WITH_UNIT(LENGTH_MEASURE(0.01),#2610,
'DISTANCE_ACCURACY_VALUE',
'Maximum model space distance between geometric entities at asserted c
onnectivities');
#2602=UNCERTAINTY_MEASURE_WITH_UNIT(LENGTH_MEASURE(0.01),#2610,
'DISTANCE_ACCURACY_VALUE',
'Maximum model space distance between geometric entities at asserted c
onnectivities');
#2603=UNCERTAINTY_MEASURE_WITH_UNIT(LENGTH_MEASURE(0.01),#2610,
'DISTANCE_ACCURACY_VALUE',
'Maximum model space distance between geometric entities at asserted c
onnectivities');
#2604=(
GEOMETRIC_REPRESENTATION_CONTEXT(3)
GLOBAL_UNCERTAINTY_ASSIGNED_CONTEXT((#2598))
GLOBAL_UNIT_ASSIGNED_CONTEXT((#2610,#2612,#2613))
REPRESENTATION_CONTEXT('','3D')
);
#2605=(
GEOMETRIC_REPRESENTATION_CONTEXT(3)
GLOBAL_UNCERTAINTY_ASSIGNED_CONTEXT((#2599))
GLOBAL_UNIT_ASSIGNED_CONTEXT((#2610,#2612,#2613))
REPRESENTATION_CONTEXT('','3D')
);
#2606=(
GEOMETRIC_REPRESENTATION_CONTEXT(3)
GLOBAL_UNCERTAINTY_ASSIGNED_CONTEXT((#2600))
GLOBAL_UNIT_ASSIGNED_CONTEXT((#2610,#2612,#2613))
REPRESENTATION_CONTEXT('','3D')
);
#2607=(
GEOMETRIC_REPRESENTATION_CONTEXT(3)
GLOBAL_UNCERTAINTY_ASSIGNED_CONTEXT((#2601))
GLOBAL_UNIT_ASSIGNED_CONTEXT((#2610,#2612,#2613))
REPRESENTATION_CONTEXT('','3D')
);
#2608=(
GEOMETRIC_REPRESENTATION_CONTEXT(3)
GLOBAL_UNCERTAINTY_ASSIGNED_CONTEXT((#2602))
GLOBAL_UNIT_ASSIGNED_CONTEXT((#2610,#2612,#2613))
REPRESENTATION_CONTEXT('','3D')
);
#2609=(
GEOMETRIC_REPRESENTATION_CONTEXT(3)
GLOBAL_UNCERTAINTY_ASSIGNED_CONTEXT((#2603))
GLOBAL_UNIT_ASSIGNED_CONTEXT((#2610,#2612,#2613))
REPRESENTATION_CONTEXT('','3D')
);
#2610=(
LENGTH_UNIT()
NAMED_UNIT(*)
SI_UNIT(.MILLI.,.METRE.)
);
#2611=(
LENGTH_UNIT()
NAMED_UNIT(*)
SI_UNIT($,.METRE.)
);
#2612=(
NAMED_UNIT(*)
PLANE_ANGLE_UNIT()
SI_UNIT($,.RADIAN.)
);
#2613=(
NAMED_UNIT(*)
SI_UNIT($,.STERADIAN.)
SOLID_ANGLE_UNIT()
);
#2614=SHAPE_DEFINITION_REPRESENTATION(#2619,#2628);
#2615=SHAPE_DEFINITION_REPRESENTATION(#2620,#2629);
#2616=SHAPE_DEFINITION_REPRESENTATION(#2621,#2630);
#2617=SHAPE_DEFINITION_REPRESENTATION(#2622,#2631);
#2618=SHAPE_DEFINITION_REPRESENTATION(#2623,#2632);
#2619=PRODUCT_DEFINITION_SHAPE('',$,#2634);
#2620=PRODUCT_DEFINITION_SHAPE('',$,#2635);
#2621=PRODUCT_DEFINITION_SHAPE('',$,#2636);
#2622=PRODUCT_DEFINITION_SHAPE('',$,#2637);
#2623=PRODUCT_DEFINITION_SHAPE('',$,#2638);
#2624=PRODUCT_DEFINITION_SHAPE($,$,#23);
#2625=PRODUCT_DEFINITION_SHAPE($,$,#24);
#2626=PRODUCT_DEFINITION_SHAPE($,$,#25);
#2627=PRODUCT_DEFINITION_SHAPE($,$,#26);
#2628=SHAPE_REPRESENTATION('',(#1626,#1739,#1740,#1741,#1742),#2604);
#2629=SHAPE_REPRESENTATION('',(#1627),#2605);
#2630=SHAPE_REPRESENTATION('',(#1662),#2606);
#2631=SHAPE_REPRESENTATION('',(#1685),#2607);
#2632=SHAPE_REPRESENTATION('',(#1707),#2608);
#2633=PRODUCT_DEFINITION_CONTEXT('part definition',#2650,'design');
#2634=PRODUCT_DEFINITION('(Unsaved)','Frame v0',#2639,#2633);
#2635=PRODUCT_DEFINITION('FRAME: RIGHT PLATE','FRAME: RIGHT PLATE',#2640,
#2633);
#2636=PRODUCT_DEFINITION('FRAME: GEAR PLATE','FRAME: GEAR PLATE',#2641,
#2633);
#2637=PRODUCT_DEFINITION('FRAME: TOP PLATE','FRAME: TOP PLATE',#2642,#2633);
#2638=PRODUCT_DEFINITION('FRAME: BASE PLATE','FRAME: BASE PLATE',#2643,
#2633);
#2639=PRODUCT_DEFINITION_FORMATION('',$,#2652);
#2640=PRODUCT_DEFINITION_FORMATION('',$,#2653);
#2641=PRODUCT_DEFINITION_FORMATION('',$,#2654);
#2642=PRODUCT_DEFINITION_FORMATION('',$,#2655);
#2643=PRODUCT_DEFINITION_FORMATION('',$,#2656);
#2644=PRODUCT_RELATED_PRODUCT_CATEGORY('Frame v0','Frame v0',(#2652));
#2645=PRODUCT_RELATED_PRODUCT_CATEGORY('FRAME: RIGHT PLATE',
'FRAME: RIGHT PLATE',(#2653));
#2646=PRODUCT_RELATED_PRODUCT_CATEGORY('FRAME: GEAR PLATE',
'FRAME: GEAR PLATE',(#2654));
#2647=PRODUCT_RELATED_PRODUCT_CATEGORY('FRAME: TOP PLATE',
'FRAME: TOP PLATE',(#2655));
#2648=PRODUCT_RELATED_PRODUCT_CATEGORY('FRAME: BASE PLATE',
'FRAME: BASE PLATE',(#2656));
#2649=APPLICATION_PROTOCOL_DEFINITION('international standard',
'automotive_design',2009,#2650);
#2650=APPLICATION_CONTEXT(
'Core Data for Automotive Mechanical Design Process');
#2651=PRODUCT_CONTEXT('part definition',#2650,'mechanical');
#2652=PRODUCT('(Unsaved)','Frame v0',$,(#2651));
#2653=PRODUCT('FRAME: RIGHT PLATE','FRAME: RIGHT PLATE',$,(#2651));
#2654=PRODUCT('FRAME: GEAR PLATE','FRAME: GEAR PLATE',$,(#2651));
#2655=PRODUCT('FRAME: TOP PLATE','FRAME: TOP PLATE',$,(#2651));
#2656=PRODUCT('FRAME: BASE PLATE','FRAME: BASE PLATE',$,(#2651));
#2657=PRESENTATION_STYLE_ASSIGNMENT((#2659));
#2658=PRESENTATION_STYLE_ASSIGNMENT((#2660));
#2659=SURFACE_STYLE_USAGE(.BOTH.,#2661);
#2660=SURFACE_STYLE_USAGE(.BOTH.,#2662);
#2661=SURFACE_SIDE_STYLE('',(#2663));
#2662=SURFACE_SIDE_STYLE('',(#2664));
#2663=SURFACE_STYLE_FILL_AREA(#2665);
#2664=SURFACE_STYLE_FILL_AREA(#2666);
#2665=FILL_AREA_STYLE('Steel - Satin',(#2667));
#2666=FILL_AREA_STYLE('Opaque(48,59,150)',(#2668));
#2667=FILL_AREA_STYLE_COLOUR('Steel - Satin',#2669);
#2668=FILL_AREA_STYLE_COLOUR('Opaque(48,59,150)',#2670);
#2669=COLOUR_RGB('Steel - Satin',0.627450980392157,0.627450980392157,0.627450980392157);
#2670=COLOUR_RGB('Opaque(48,59,150)',0.188235294117647,0.231372549019608,
0.588235294117647);
ENDSEC;
END-ISO-10303-21;
