ISO-10303-21;
HEADER;
/* Generated by software containing ST-Developer
 * from STEP Tools, Inc. (www.steptools.com) 
 */

FILE_DESCRIPTION(
/* description */ (''),
/* implementation_level */ '2;1');

FILE_NAME(
/* name */ 'Holder for 15ml Falcon tubes and 2ml Centrifuge tubes.step',

/* time_stamp */ '2026-09-15T03:23:48+08:00',
/* author */ (''),
/* organization */ (''),
/* preprocessor_version */ 'ST-DEVELOPER v20.1',
/* originating_system */ 'Autodesk Translation Framework v15.8.0.0',
/* authorisation */ '');

FILE_SCHEMA (('AUTOMOTIVE_DESIGN { 1 0 10303 214 3 1 1 }'));
ENDSEC;

DATA;
#10=MECHANICAL_DESIGN_GEOMETRIC_PRESENTATION_REPRESENTATION('',(#17,#18),
#3290);
#11=ITEM_DEFINED_TRANSFORMATION($,$,#2010,#2185);
#12=(
REPRESENTATION_RELATIONSHIP($,$,#3301,#3300)
REPRESENTATION_RELATIONSHIP_WITH_TRANSFORMATION(#11)
SHAPE_REPRESENTATION_RELATIONSHIP()
);
#13=CONTEXT_DEPENDENT_SHAPE_REPRESENTATION(#12,#3299);
#14=NEXT_ASSEMBLY_USAGE_OCCURRENCE(
'Falcon tube hole 6x15ml few 2ml - Tillman v1:1',
'Falcon tube hole 6x15ml few 2ml - Tillman v1:1',
'Falcon tube hole 6x15ml few 2ml - Tillman v1:1',#3303,#3304,
'Falcon tube hole 6x15ml few 2ml - Tillman v1:1');
#15=SHAPE_REPRESENTATION_RELATIONSHIP('SRR','None',#3301,#16);
#16=ADVANCED_BREP_SHAPE_REPRESENTATION('',(#19,#20),#3289);
#17=STYLED_ITEM('',(#3315),#19);
#18=STYLED_ITEM('',(#3315),#20);
#19=MANIFOLD_SOLID_BREP('Body1',#1995);
#20=MANIFOLD_SOLID_BREP('Body2',#1996);
#21=CYLINDRICAL_SURFACE('',#2033,2.);
#22=CYLINDRICAL_SURFACE('',#2039,2.);
#23=CYLINDRICAL_SURFACE('',#2041,2.);
#24=CYLINDRICAL_SURFACE('',#2044,2.);
#25=CYLINDRICAL_SURFACE('',#2046,8.6);
#26=CYLINDRICAL_SURFACE('',#2048,8.6);
#27=CYLINDRICAL_SURFACE('',#2050,8.6);
#28=CYLINDRICAL_SURFACE('',#2052,8.6);
#29=CYLINDRICAL_SURFACE('',#2054,8.6);
#30=CYLINDRICAL_SURFACE('',#2056,5.75);
#31=CYLINDRICAL_SURFACE('',#2058,8.6);
#32=CYLINDRICAL_SURFACE('',#2060,8.6);
#33=CYLINDRICAL_SURFACE('',#2062,5.75);
#34=CYLINDRICAL_SURFACE('',#2064,8.6);
#35=CYLINDRICAL_SURFACE('',#2066,8.6);
#36=CYLINDRICAL_SURFACE('',#2068,5.75);
#37=CYLINDRICAL_SURFACE('',#2070,5.75);
#38=CYLINDRICAL_SURFACE('',#2072,5.75);
#39=CYLINDRICAL_SURFACE('',#2074,8.6);
#40=CYLINDRICAL_SURFACE('',#2078,5.75);
#41=CYLINDRICAL_SURFACE('',#2081,8.6);
#42=CYLINDRICAL_SURFACE('',#2084,8.6);
#43=CYLINDRICAL_SURFACE('',#2087,5.75);
#44=CYLINDRICAL_SURFACE('',#2090,8.6);
#45=CYLINDRICAL_SURFACE('',#2093,8.6);
#46=CYLINDRICAL_SURFACE('',#2096,8.6);
#47=CYLINDRICAL_SURFACE('',#2099,8.6);
#48=CYLINDRICAL_SURFACE('',#2102,5.75);
#49=CYLINDRICAL_SURFACE('',#2105,5.75);
#50=CYLINDRICAL_SURFACE('',#2108,5.75);
#51=CYLINDRICAL_SURFACE('',#2123,8.6);
#52=CYLINDRICAL_SURFACE('',#2126,8.6);
#53=CYLINDRICAL_SURFACE('',#2167,8.6);
#54=CYLINDRICAL_SURFACE('',#2170,8.6);
#55=FACE_BOUND('',#295,.T.);
#56=FACE_BOUND('',#296,.T.);
#57=FACE_BOUND('',#297,.T.);
#58=FACE_BOUND('',#298,.T.);
#59=FACE_BOUND('',#299,.T.);
#60=FACE_BOUND('',#300,.T.);
#61=FACE_BOUND('',#301,.T.);
#62=FACE_BOUND('',#302,.T.);
#63=FACE_BOUND('',#303,.T.);
#64=FACE_BOUND('',#304,.T.);
#65=FACE_BOUND('',#305,.T.);
#66=FACE_BOUND('',#306,.T.);
#67=FACE_BOUND('',#307,.T.);
#68=FACE_BOUND('',#308,.T.);
#69=FACE_BOUND('',#309,.T.);
#70=FACE_BOUND('',#337,.T.);
#71=FACE_BOUND('',#338,.T.);
#72=FACE_BOUND('',#339,.T.);
#73=FACE_BOUND('',#340,.T.);
#74=FACE_BOUND('',#341,.T.);
#75=FACE_BOUND('',#342,.T.);
#76=FACE_BOUND('',#343,.T.);
#77=FACE_BOUND('',#344,.T.);
#78=FACE_BOUND('',#345,.T.);
#79=FACE_BOUND('',#346,.T.);
#80=FACE_BOUND('',#347,.T.);
#81=FACE_BOUND('',#348,.T.);
#82=FACE_BOUND('',#349,.T.);
#83=FACE_BOUND('',#350,.T.);
#84=FACE_BOUND('',#351,.T.);
#85=FACE_BOUND('',#364,.T.);
#86=FACE_BOUND('',#365,.T.);
#87=FACE_BOUND('',#366,.T.);
#88=FACE_BOUND('',#367,.T.);
#89=FACE_BOUND('',#368,.T.);
#90=FACE_BOUND('',#369,.T.);
#91=FACE_BOUND('',#370,.T.);
#92=FACE_BOUND('',#371,.T.);
#93=FACE_BOUND('',#372,.T.);
#94=FACE_BOUND('',#373,.T.);
#95=FACE_BOUND('',#374,.T.);
#96=FACE_BOUND('',#375,.T.);
#97=FACE_BOUND('',#376,.T.);
#98=FACE_BOUND('',#377,.T.);
#99=FACE_BOUND('',#378,.T.);
#100=FACE_BOUND('',#379,.T.);
#101=FACE_BOUND('',#380,.T.);
#102=FACE_BOUND('',#381,.T.);
#103=FACE_BOUND('',#382,.T.);
#104=FACE_BOUND('',#440,.T.);
#105=FACE_BOUND('',#441,.T.);
#106=FACE_BOUND('',#442,.T.);
#107=FACE_BOUND('',#443,.T.);
#108=FACE_BOUND('',#444,.T.);
#109=FACE_BOUND('',#445,.T.);
#110=FACE_BOUND('',#446,.T.);
#111=FACE_BOUND('',#447,.T.);
#112=FACE_BOUND('',#448,.T.);
#113=FACE_BOUND('',#449,.T.);
#114=FACE_BOUND('',#450,.T.);
#115=FACE_BOUND('',#451,.T.);
#116=FACE_BOUND('',#452,.T.);
#117=FACE_BOUND('',#453,.T.);
#118=FACE_BOUND('',#454,.T.);
#119=CIRCLE('',#2013,8.6);
#120=CIRCLE('',#2014,5.75);
#121=CIRCLE('',#2015,5.75);
#122=CIRCLE('',#2016,5.75);
#123=CIRCLE('',#2017,8.6);
#124=CIRCLE('',#2018,8.6);
#125=CIRCLE('',#2019,5.75);
#126=CIRCLE('',#2020,8.6);
#127=CIRCLE('',#2021,8.6);
#128=CIRCLE('',#2022,5.75);
#129=CIRCLE('',#2023,8.6);
#130=CIRCLE('',#2024,8.6);
#131=CIRCLE('',#2025,8.6);
#132=CIRCLE('',#2026,8.6);
#133=CIRCLE('',#2027,8.6);
#134=CIRCLE('',#2031,2.);
#135=CIRCLE('',#2032,2.);
#136=CIRCLE('',#2034,2.);
#137=CIRCLE('',#2035,2.);
#138=CIRCLE('',#2037,2.);
#139=CIRCLE('',#2040,2.);
#140=CIRCLE('',#2042,2.);
#141=CIRCLE('',#2045,2.);
#142=CIRCLE('',#2047,8.6);
#143=CIRCLE('',#2049,8.6);
#144=CIRCLE('',#2051,8.6);
#145=CIRCLE('',#2053,8.6);
#146=CIRCLE('',#2055,8.6);
#147=CIRCLE('',#2057,5.75);
#148=CIRCLE('',#2059,8.6);
#149=CIRCLE('',#2061,8.6);
#150=CIRCLE('',#2063,5.75);
#151=CIRCLE('',#2065,8.6);
#152=CIRCLE('',#2067,8.6);
#153=CIRCLE('',#2069,5.75);
#154=CIRCLE('',#2071,5.75);
#155=CIRCLE('',#2073,5.75);
#156=CIRCLE('',#2075,8.6);
#157=CIRCLE('',#2079,5.75);
#158=CIRCLE('',#2080,5.75);
#159=CIRCLE('',#2082,8.6);
#160=CIRCLE('',#2083,8.6);
#161=CIRCLE('',#2085,8.6);
#162=CIRCLE('',#2086,8.6);
#163=CIRCLE('',#2088,5.75);
#164=CIRCLE('',#2089,5.75);
#165=CIRCLE('',#2091,8.6);
#166=CIRCLE('',#2092,8.6);
#167=CIRCLE('',#2094,8.6);
#168=CIRCLE('',#2095,8.6);
#169=CIRCLE('',#2097,8.6);
#170=CIRCLE('',#2098,8.6);
#171=CIRCLE('',#2100,8.6);
#172=CIRCLE('',#2101,8.6);
#173=CIRCLE('',#2103,5.75);
#174=CIRCLE('',#2104,5.75);
#175=CIRCLE('',#2106,5.75);
#176=CIRCLE('',#2107,5.75);
#177=CIRCLE('',#2109,5.75);
#178=CIRCLE('',#2110,5.75);
#179=CIRCLE('',#2112,8.6);
#180=CIRCLE('',#2113,8.6);
#181=CIRCLE('',#2114,8.6);
#182=CIRCLE('',#2115,8.6);
#183=CIRCLE('',#2116,8.6);
#184=CIRCLE('',#2117,8.6);
#185=CIRCLE('',#2118,8.6);
#186=CIRCLE('',#2119,8.6);
#187=CIRCLE('',#2124,8.6);
#188=CIRCLE('',#2125,8.6);
#189=CIRCLE('',#2127,8.6);
#190=CIRCLE('',#2128,8.6);
#191=CIRCLE('',#2168,8.6);
#192=CIRCLE('',#2169,8.6);
#193=CIRCLE('',#2171,8.6);
#194=CIRCLE('',#2172,8.6);
#195=FACE_OUTER_BOUND('',#293,.T.);
#196=FACE_OUTER_BOUND('',#294,.T.);
#197=FACE_OUTER_BOUND('',#310,.T.);
#198=FACE_OUTER_BOUND('',#311,.T.);
#199=FACE_OUTER_BOUND('',#312,.T.);
#200=FACE_OUTER_BOUND('',#313,.T.);
#201=FACE_OUTER_BOUND('',#314,.T.);
#202=FACE_OUTER_BOUND('',#315,.T.);
#203=FACE_OUTER_BOUND('',#316,.T.);
#204=FACE_OUTER_BOUND('',#317,.T.);
#205=FACE_OUTER_BOUND('',#318,.T.);
#206=FACE_OUTER_BOUND('',#319,.T.);
#207=FACE_OUTER_BOUND('',#320,.T.);
#208=FACE_OUTER_BOUND('',#321,.T.);
#209=FACE_OUTER_BOUND('',#322,.T.);
#210=FACE_OUTER_BOUND('',#323,.T.);
#211=FACE_OUTER_BOUND('',#324,.T.);
#212=FACE_OUTER_BOUND('',#325,.T.);
#213=FACE_OUTER_BOUND('',#326,.T.);
#214=FACE_OUTER_BOUND('',#327,.T.);
#215=FACE_OUTER_BOUND('',#328,.T.);
#216=FACE_OUTER_BOUND('',#329,.T.);
#217=FACE_OUTER_BOUND('',#330,.T.);
#218=FACE_OUTER_BOUND('',#331,.T.);
#219=FACE_OUTER_BOUND('',#332,.T.);
#220=FACE_OUTER_BOUND('',#333,.T.);
#221=FACE_OUTER_BOUND('',#334,.T.);
#222=FACE_OUTER_BOUND('',#335,.T.);
#223=FACE_OUTER_BOUND('',#336,.T.);
#224=FACE_OUTER_BOUND('',#352,.T.);
#225=FACE_OUTER_BOUND('',#353,.T.);
#226=FACE_OUTER_BOUND('',#354,.T.);
#227=FACE_OUTER_BOUND('',#355,.T.);
#228=FACE_OUTER_BOUND('',#356,.T.);
#229=FACE_OUTER_BOUND('',#357,.T.);
#230=FACE_OUTER_BOUND('',#358,.T.);
#231=FACE_OUTER_BOUND('',#359,.T.);
#232=FACE_OUTER_BOUND('',#360,.T.);
#233=FACE_OUTER_BOUND('',#361,.T.);
#234=FACE_OUTER_BOUND('',#362,.T.);
#235=FACE_OUTER_BOUND('',#363,.T.);
#236=FACE_OUTER_BOUND('',#383,.T.);
#237=FACE_OUTER_BOUND('',#384,.T.);
#238=FACE_OUTER_BOUND('',#385,.T.);
#239=FACE_OUTER_BOUND('',#386,.T.);
#240=FACE_OUTER_BOUND('',#387,.T.);
#241=FACE_OUTER_BOUND('',#388,.T.);
#242=FACE_OUTER_BOUND('',#389,.T.);
#243=FACE_OUTER_BOUND('',#390,.T.);
#244=FACE_OUTER_BOUND('',#391,.T.);
#245=FACE_OUTER_BOUND('',#392,.T.);
#246=FACE_OUTER_BOUND('',#393,.T.);
#247=FACE_OUTER_BOUND('',#394,.T.);
#248=FACE_OUTER_BOUND('',#395,.T.);
#249=FACE_OUTER_BOUND('',#396,.T.);
#250=FACE_OUTER_BOUND('',#397,.T.);
#251=FACE_OUTER_BOUND('',#398,.T.);
#252=FACE_OUTER_BOUND('',#399,.T.);
#253=FACE_OUTER_BOUND('',#400,.T.);
#254=FACE_OUTER_BOUND('',#401,.T.);
#255=FACE_OUTER_BOUND('',#402,.T.);
#256=FACE_OUTER_BOUND('',#403,.T.);
#257=FACE_OUTER_BOUND('',#404,.T.);
#258=FACE_OUTER_BOUND('',#405,.T.);
#259=FACE_OUTER_BOUND('',#406,.T.);
#260=FACE_OUTER_BOUND('',#407,.T.);
#261=FACE_OUTER_BOUND('',#408,.T.);
#262=FACE_OUTER_BOUND('',#409,.T.);
#263=FACE_OUTER_BOUND('',#410,.T.);
#264=FACE_OUTER_BOUND('',#411,.T.);
#265=FACE_OUTER_BOUND('',#412,.T.);
#266=FACE_OUTER_BOUND('',#413,.T.);
#267=FACE_OUTER_BOUND('',#414,.T.);
#268=FACE_OUTER_BOUND('',#415,.T.);
#269=FACE_OUTER_BOUND('',#416,.T.);
#270=FACE_OUTER_BOUND('',#417,.T.);
#271=FACE_OUTER_BOUND('',#418,.T.);
#272=FACE_OUTER_BOUND('',#419,.T.);
#273=FACE_OUTER_BOUND('',#420,.T.);
#274=FACE_OUTER_BOUND('',#421,.T.);
#275=FACE_OUTER_BOUND('',#422,.T.);
#276=FACE_OUTER_BOUND('',#423,.T.);
#277=FACE_OUTER_BOUND('',#424,.T.);
#278=FACE_OUTER_BOUND('',#425,.T.);
#279=FACE_OUTER_BOUND('',#426,.T.);
#280=FACE_OUTER_BOUND('',#427,.T.);
#281=FACE_OUTER_BOUND('',#428,.T.);
#282=FACE_OUTER_BOUND('',#429,.T.);
#283=FACE_OUTER_BOUND('',#430,.T.);
#284=FACE_OUTER_BOUND('',#431,.T.);
#285=FACE_OUTER_BOUND('',#432,.T.);
#286=FACE_OUTER_BOUND('',#433,.T.);
#287=FACE_OUTER_BOUND('',#434,.T.);
#288=FACE_OUTER_BOUND('',#435,.T.);
#289=FACE_OUTER_BOUND('',#436,.T.);
#290=FACE_OUTER_BOUND('',#437,.T.);
#291=FACE_OUTER_BOUND('',#438,.T.);
#292=FACE_OUTER_BOUND('',#439,.T.);
#293=EDGE_LOOP('',(#1293,#1294,#1295,#1296));
#294=EDGE_LOOP('',(#1297,#1298,#1299,#1300));
#295=EDGE_LOOP('',(#1301));
#296=EDGE_LOOP('',(#1302));
#297=EDGE_LOOP('',(#1303));
#298=EDGE_LOOP('',(#1304));
#299=EDGE_LOOP('',(#1305));
#300=EDGE_LOOP('',(#1306));
#301=EDGE_LOOP('',(#1307));
#302=EDGE_LOOP('',(#1308));
#303=EDGE_LOOP('',(#1309));
#304=EDGE_LOOP('',(#1310));
#305=EDGE_LOOP('',(#1311));
#306=EDGE_LOOP('',(#1312));
#307=EDGE_LOOP('',(#1313));
#308=EDGE_LOOP('',(#1314));
#309=EDGE_LOOP('',(#1315));
#310=EDGE_LOOP('',(#1316,#1317,#1318,#1319));
#311=EDGE_LOOP('',(#1320,#1321,#1322,#1323,#1324,#1325,#1326,#1327));
#312=EDGE_LOOP('',(#1328,#1329,#1330,#1331,#1332,#1333));
#313=EDGE_LOOP('',(#1334,#1335,#1336,#1337));
#314=EDGE_LOOP('',(#1338,#1339,#1340,#1341,#1342,#1343));
#315=EDGE_LOOP('',(#1344,#1345,#1346,#1347));
#316=EDGE_LOOP('',(#1348,#1349,#1350,#1351));
#317=EDGE_LOOP('',(#1352,#1353,#1354,#1355));
#318=EDGE_LOOP('',(#1356,#1357,#1358,#1359));
#319=EDGE_LOOP('',(#1360,#1361,#1362,#1363));
#320=EDGE_LOOP('',(#1364,#1365,#1366,#1367));
#321=EDGE_LOOP('',(#1368,#1369,#1370,#1371));
#322=EDGE_LOOP('',(#1372,#1373,#1374,#1375));
#323=EDGE_LOOP('',(#1376,#1377,#1378,#1379));
#324=EDGE_LOOP('',(#1380,#1381,#1382,#1383));
#325=EDGE_LOOP('',(#1384,#1385,#1386,#1387));
#326=EDGE_LOOP('',(#1388,#1389,#1390,#1391));
#327=EDGE_LOOP('',(#1392,#1393,#1394,#1395));
#328=EDGE_LOOP('',(#1396,#1397,#1398,#1399));
#329=EDGE_LOOP('',(#1400,#1401,#1402,#1403));
#330=EDGE_LOOP('',(#1404,#1405,#1406,#1407));
#331=EDGE_LOOP('',(#1408,#1409,#1410,#1411));
#332=EDGE_LOOP('',(#1412,#1413,#1414,#1415));
#333=EDGE_LOOP('',(#1416,#1417,#1418,#1419));
#334=EDGE_LOOP('',(#1420,#1421,#1422,#1423));
#335=EDGE_LOOP('',(#1424,#1425,#1426,#1427,#1428,#1429,#1430,#1431));
#336=EDGE_LOOP('',(#1432,#1433,#1434,#1435,#1436,#1437,#1438,#1439));
#337=EDGE_LOOP('',(#1440));
#338=EDGE_LOOP('',(#1441));
#339=EDGE_LOOP('',(#1442));
#340=EDGE_LOOP('',(#1443));
#341=EDGE_LOOP('',(#1444));
#342=EDGE_LOOP('',(#1445));
#343=EDGE_LOOP('',(#1446));
#344=EDGE_LOOP('',(#1447));
#345=EDGE_LOOP('',(#1448));
#346=EDGE_LOOP('',(#1449));
#347=EDGE_LOOP('',(#1450));
#348=EDGE_LOOP('',(#1451));
#349=EDGE_LOOP('',(#1452));
#350=EDGE_LOOP('',(#1453));
#351=EDGE_LOOP('',(#1454));
#352=EDGE_LOOP('',(#1455,#1456,#1457,#1458));
#353=EDGE_LOOP('',(#1459,#1460,#1461,#1462));
#354=EDGE_LOOP('',(#1463,#1464,#1465,#1466));
#355=EDGE_LOOP('',(#1467,#1468,#1469,#1470));
#356=EDGE_LOOP('',(#1471,#1472,#1473,#1474));
#357=EDGE_LOOP('',(#1475,#1476,#1477,#1478));
#358=EDGE_LOOP('',(#1479,#1480,#1481,#1482));
#359=EDGE_LOOP('',(#1483,#1484,#1485,#1486));
#360=EDGE_LOOP('',(#1487,#1488,#1489,#1490));
#361=EDGE_LOOP('',(#1491,#1492,#1493,#1494));
#362=EDGE_LOOP('',(#1495,#1496,#1497,#1498));
#363=EDGE_LOOP('',(#1499,#1500,#1501,#1502,#1503,#1504,#1505,#1506,#1507,
#1508,#1509,#1510,#1511,#1512,#1513,#1514));
#364=EDGE_LOOP('',(#1515));
#365=EDGE_LOOP('',(#1516));
#366=EDGE_LOOP('',(#1517));
#367=EDGE_LOOP('',(#1518,#1519,#1520,#1521));
#368=EDGE_LOOP('',(#1522));
#369=EDGE_LOOP('',(#1523));
#370=EDGE_LOOP('',(#1524));
#371=EDGE_LOOP('',(#1525,#1526,#1527,#1528));
#372=EDGE_LOOP('',(#1529,#1530,#1531,#1532));
#373=EDGE_LOOP('',(#1533,#1534,#1535,#1536));
#374=EDGE_LOOP('',(#1537,#1538,#1539,#1540));
#375=EDGE_LOOP('',(#1541,#1542,#1543,#1544));
#376=EDGE_LOOP('',(#1545,#1546,#1547,#1548));
#377=EDGE_LOOP('',(#1549));
#378=EDGE_LOOP('',(#1550,#1551,#1552,#1553));
#379=EDGE_LOOP('',(#1554));
#380=EDGE_LOOP('',(#1555));
#381=EDGE_LOOP('',(#1556));
#382=EDGE_LOOP('',(#1557));
#383=EDGE_LOOP('',(#1558,#1559,#1560,#1561));
#384=EDGE_LOOP('',(#1562,#1563,#1564,#1565));
#385=EDGE_LOOP('',(#1566,#1567,#1568,#1569));
#386=EDGE_LOOP('',(#1570,#1571,#1572,#1573,#1574,#1575,#1576,#1577));
#387=EDGE_LOOP('',(#1578,#1579,#1580,#1581,#1582,#1583,#1584,#1585));
#388=EDGE_LOOP('',(#1586,#1587,#1588,#1589));
#389=EDGE_LOOP('',(#1590,#1591,#1592,#1593,#1594,#1595,#1596,#1597));
#390=EDGE_LOOP('',(#1598,#1599,#1600,#1601));
#391=EDGE_LOOP('',(#1602,#1603,#1604,#1605));
#392=EDGE_LOOP('',(#1606,#1607,#1608,#1609));
#393=EDGE_LOOP('',(#1610,#1611,#1612,#1613));
#394=EDGE_LOOP('',(#1614,#1615,#1616,#1617));
#395=EDGE_LOOP('',(#1618,#1619,#1620,#1621));
#396=EDGE_LOOP('',(#1622,#1623,#1624,#1625));
#397=EDGE_LOOP('',(#1626,#1627,#1628,#1629));
#398=EDGE_LOOP('',(#1630,#1631,#1632,#1633));
#399=EDGE_LOOP('',(#1634,#1635,#1636,#1637));
#400=EDGE_LOOP('',(#1638,#1639,#1640,#1641));
#401=EDGE_LOOP('',(#1642,#1643,#1644,#1645));
#402=EDGE_LOOP('',(#1646,#1647,#1648,#1649));
#403=EDGE_LOOP('',(#1650,#1651,#1652,#1653));
#404=EDGE_LOOP('',(#1654,#1655,#1656,#1657));
#405=EDGE_LOOP('',(#1658,#1659,#1660,#1661));
#406=EDGE_LOOP('',(#1662,#1663,#1664,#1665));
#407=EDGE_LOOP('',(#1666,#1667,#1668,#1669));
#408=EDGE_LOOP('',(#1670,#1671,#1672,#1673));
#409=EDGE_LOOP('',(#1674,#1675,#1676,#1677));
#410=EDGE_LOOP('',(#1678,#1679,#1680,#1681));
#411=EDGE_LOOP('',(#1682,#1683,#1684,#1685));
#412=EDGE_LOOP('',(#1686,#1687,#1688,#1689));
#413=EDGE_LOOP('',(#1690,#1691,#1692,#1693));
#414=EDGE_LOOP('',(#1694,#1695,#1696,#1697));
#415=EDGE_LOOP('',(#1698,#1699,#1700,#1701));
#416=EDGE_LOOP('',(#1702,#1703,#1704,#1705));
#417=EDGE_LOOP('',(#1706,#1707,#1708,#1709));
#418=EDGE_LOOP('',(#1710,#1711,#1712,#1713));
#419=EDGE_LOOP('',(#1714,#1715,#1716,#1717));
#420=EDGE_LOOP('',(#1718,#1719,#1720,#1721));
#421=EDGE_LOOP('',(#1722,#1723,#1724,#1725));
#422=EDGE_LOOP('',(#1726,#1727,#1728,#1729));
#423=EDGE_LOOP('',(#1730,#1731,#1732,#1733,#1734,#1735,#1736,#1737));
#424=EDGE_LOOP('',(#1738,#1739,#1740,#1741));
#425=EDGE_LOOP('',(#1742,#1743,#1744,#1745,#1746,#1747,#1748,#1749));
#426=EDGE_LOOP('',(#1750,#1751,#1752,#1753,#1754,#1755,#1756,#1757));
#427=EDGE_LOOP('',(#1758,#1759,#1760,#1761,#1762,#1763,#1764,#1765));
#428=EDGE_LOOP('',(#1766,#1767,#1768,#1769,#1770,#1771,#1772,#1773));
#429=EDGE_LOOP('',(#1774,#1775,#1776,#1777));
#430=EDGE_LOOP('',(#1778,#1779,#1780,#1781));
#431=EDGE_LOOP('',(#1782,#1783,#1784,#1785));
#432=EDGE_LOOP('',(#1786,#1787,#1788,#1789));
#433=EDGE_LOOP('',(#1790,#1791,#1792,#1793));
#434=EDGE_LOOP('',(#1794,#1795,#1796,#1797));
#435=EDGE_LOOP('',(#1798,#1799,#1800,#1801));
#436=EDGE_LOOP('',(#1802,#1803,#1804,#1805));
#437=EDGE_LOOP('',(#1806,#1807,#1808,#1809));
#438=EDGE_LOOP('',(#1810,#1811,#1812,#1813));
#439=EDGE_LOOP('',(#1814,#1815,#1816,#1817));
#440=EDGE_LOOP('',(#1818));
#441=EDGE_LOOP('',(#1819));
#442=EDGE_LOOP('',(#1820));
#443=EDGE_LOOP('',(#1821));
#444=EDGE_LOOP('',(#1822));
#445=EDGE_LOOP('',(#1823));
#446=EDGE_LOOP('',(#1824));
#447=EDGE_LOOP('',(#1825));
#448=EDGE_LOOP('',(#1826));
#449=EDGE_LOOP('',(#1827));
#450=EDGE_LOOP('',(#1828));
#451=EDGE_LOOP('',(#1829));
#452=EDGE_LOOP('',(#1830));
#453=EDGE_LOOP('',(#1831));
#454=EDGE_LOOP('',(#1832));
#455=LINE('',#2739,#649);
#456=LINE('',#2741,#650);
#457=LINE('',#2743,#651);
#458=LINE('',#2744,#652);
#459=LINE('',#2747,#653);
#460=LINE('',#2749,#654);
#461=LINE('',#2750,#655);
#462=LINE('',#2783,#656);
#463=LINE('',#2785,#657);
#464=LINE('',#2786,#658);
#465=LINE('',#2789,#659);
#466=LINE('',#2791,#660);
#467=LINE('',#2793,#661);
#468=LINE('',#2795,#662);
#469=LINE('',#2796,#663);
#470=LINE('',#2799,#664);
#471=LINE('',#2803,#665);
#472=LINE('',#2809,#666);
#473=LINE('',#2813,#667);
#474=LINE('',#2816,#668);
#475=LINE('',#2819,#669);
#476=LINE('',#2820,#670);
#477=LINE('',#2824,#671);
#478=LINE('',#2828,#672);
#479=LINE('',#2831,#673);
#480=LINE('',#2832,#674);
#481=LINE('',#2836,#675);
#482=LINE('',#2839,#676);
#483=LINE('',#2843,#677);
#484=LINE('',#2847,#678);
#485=LINE('',#2851,#679);
#486=LINE('',#2855,#680);
#487=LINE('',#2859,#681);
#488=LINE('',#2863,#682);
#489=LINE('',#2867,#683);
#490=LINE('',#2871,#684);
#491=LINE('',#2875,#685);
#492=LINE('',#2879,#686);
#493=LINE('',#2883,#687);
#494=LINE('',#2887,#688);
#495=LINE('',#2891,#689);
#496=LINE('',#2895,#690);
#497=LINE('',#2898,#691);
#498=LINE('',#2904,#692);
#499=LINE('',#2910,#693);
#500=LINE('',#2916,#694);
#501=LINE('',#2922,#695);
#502=LINE('',#2928,#696);
#503=LINE('',#2934,#697);
#504=LINE('',#2940,#698);
#505=LINE('',#2946,#699);
#506=LINE('',#2952,#700);
#507=LINE('',#2958,#701);
#508=LINE('',#2964,#702);
#509=LINE('',#2969,#703);
#510=LINE('',#2971,#704);
#511=LINE('',#2977,#705);
#512=LINE('',#2983,#706);
#513=LINE('',#2985,#707);
#514=LINE('',#2987,#708);
#515=LINE('',#2993,#709);
#516=LINE('',#2998,#710);
#517=LINE('',#3001,#711);
#518=LINE('',#3003,#712);
#519=LINE('',#3005,#713);
#520=LINE('',#3006,#714);
#521=LINE('',#3009,#715);
#522=LINE('',#3011,#716);
#523=LINE('',#3013,#717);
#524=LINE('',#3014,#718);
#525=LINE('',#3017,#719);
#526=LINE('',#3019,#720);
#527=LINE('',#3021,#721);
#528=LINE('',#3022,#722);
#529=LINE('',#3025,#723);
#530=LINE('',#3027,#724);
#531=LINE('',#3029,#725);
#532=LINE('',#3030,#726);
#533=LINE('',#3033,#727);
#534=LINE('',#3035,#728);
#535=LINE('',#3037,#729);
#536=LINE('',#3038,#730);
#537=LINE('',#3041,#731);
#538=LINE('',#3043,#732);
#539=LINE('',#3045,#733);
#540=LINE('',#3046,#734);
#541=LINE('',#3049,#735);
#542=LINE('',#3051,#736);
#543=LINE('',#3053,#737);
#544=LINE('',#3054,#738);
#545=LINE('',#3057,#739);
#546=LINE('',#3059,#740);
#547=LINE('',#3061,#741);
#548=LINE('',#3062,#742);
#549=LINE('',#3065,#743);
#550=LINE('',#3067,#744);
#551=LINE('',#3068,#745);
#552=LINE('',#3071,#746);
#553=LINE('',#3073,#747);
#554=LINE('',#3074,#748);
#555=LINE('',#3077,#749);
#556=LINE('',#3079,#750);
#557=LINE('',#3080,#751);
#558=LINE('',#3084,#752);
#559=LINE('',#3089,#753);
#560=LINE('',#3094,#754);
#561=LINE('',#3096,#755);
#562=LINE('',#3098,#756);
#563=LINE('',#3099,#757);
#564=LINE('',#3101,#758);
#565=LINE('',#3102,#759);
#566=LINE('',#3105,#760);
#567=LINE('',#3107,#761);
#568=LINE('',#3108,#762);
#569=LINE('',#3111,#763);
#570=LINE('',#3112,#764);
#571=LINE('',#3115,#765);
#572=LINE('',#3116,#766);
#573=LINE('',#3118,#767);
#574=LINE('',#3122,#768);
#575=LINE('',#3124,#769);
#576=LINE('',#3125,#770);
#577=LINE('',#3128,#771);
#578=LINE('',#3129,#772);
#579=LINE('',#3132,#773);
#580=LINE('',#3133,#774);
#581=LINE('',#3135,#775);
#582=LINE('',#3139,#776);
#583=LINE('',#3141,#777);
#584=LINE('',#3142,#778);
#585=LINE('',#3145,#779);
#586=LINE('',#3146,#780);
#587=LINE('',#3149,#781);
#588=LINE('',#3150,#782);
#589=LINE('',#3152,#783);
#590=LINE('',#3156,#784);
#591=LINE('',#3158,#785);
#592=LINE('',#3159,#786);
#593=LINE('',#3162,#787);
#594=LINE('',#3163,#788);
#595=LINE('',#3166,#789);
#596=LINE('',#3167,#790);
#597=LINE('',#3169,#791);
#598=LINE('',#3173,#792);
#599=LINE('',#3175,#793);
#600=LINE('',#3176,#794);
#601=LINE('',#3179,#795);
#602=LINE('',#3180,#796);
#603=LINE('',#3183,#797);
#604=LINE('',#3184,#798);
#605=LINE('',#3186,#799);
#606=LINE('',#3190,#800);
#607=LINE('',#3192,#801);
#608=LINE('',#3193,#802);
#609=LINE('',#3196,#803);
#610=LINE('',#3197,#804);
#611=LINE('',#3200,#805);
#612=LINE('',#3201,#806);
#613=LINE('',#3203,#807);
#614=LINE('',#3207,#808);
#615=LINE('',#3209,#809);
#616=LINE('',#3210,#810);
#617=LINE('',#3213,#811);
#618=LINE('',#3215,#812);
#619=LINE('',#3216,#813);
#620=LINE('',#3219,#814);
#621=LINE('',#3221,#815);
#622=LINE('',#3222,#816);
#623=LINE('',#3225,#817);
#624=LINE('',#3227,#818);
#625=LINE('',#3228,#819);
#626=LINE('',#3231,#820);
#627=LINE('',#3233,#821);
#628=LINE('',#3234,#822);
#629=LINE('',#3236,#823);
#630=LINE('',#3237,#824);
#631=LINE('',#3241,#825);
#632=LINE('',#3246,#826);
#633=LINE('',#3251,#827);
#634=LINE('',#3253,#828);
#635=LINE('',#3254,#829);
#636=LINE('',#3257,#830);
#637=LINE('',#3258,#831);
#638=LINE('',#3261,#832);
#639=LINE('',#3262,#833);
#640=LINE('',#3264,#834);
#641=LINE('',#3268,#835);
#642=LINE('',#3270,#836);
#643=LINE('',#3271,#837);
#644=LINE('',#3274,#838);
#645=LINE('',#3275,#839);
#646=LINE('',#3278,#840);
#647=LINE('',#3279,#841);
#648=LINE('',#3281,#842);
#649=VECTOR('',#2192,10.);
#650=VECTOR('',#2193,10.);
#651=VECTOR('',#2194,10.);
#652=VECTOR('',#2195,10.);
#653=VECTOR('',#2198,10.);
#654=VECTOR('',#2199,10.);
#655=VECTOR('',#2200,10.);
#656=VECTOR('',#2233,10.);
#657=VECTOR('',#2234,10.);
#658=VECTOR('',#2235,10.);
#659=VECTOR('',#2238,10.);
#660=VECTOR('',#2239,10.);
#661=VECTOR('',#2240,10.);
#662=VECTOR('',#2241,10.);
#663=VECTOR('',#2242,10.);
#664=VECTOR('',#2245,10.);
#665=VECTOR('',#2248,10.);
#666=VECTOR('',#2255,10.);
#667=VECTOR('',#2260,10.);
#668=VECTOR('',#2263,10.);
#669=VECTOR('',#2266,10.);
#670=VECTOR('',#2267,10.);
#671=VECTOR('',#2272,10.);
#672=VECTOR('',#2277,10.);
#673=VECTOR('',#2280,10.);
#674=VECTOR('',#2281,10.);
#675=VECTOR('',#2286,10.);
#676=VECTOR('',#2289,8.6);
#677=VECTOR('',#2294,8.6);
#678=VECTOR('',#2299,8.6);
#679=VECTOR('',#2304,8.6);
#680=VECTOR('',#2309,8.6);
#681=VECTOR('',#2314,5.75);
#682=VECTOR('',#2319,8.6);
#683=VECTOR('',#2324,8.6);
#684=VECTOR('',#2329,5.75);
#685=VECTOR('',#2334,8.6);
#686=VECTOR('',#2339,8.6);
#687=VECTOR('',#2344,5.75);
#688=VECTOR('',#2349,5.75);
#689=VECTOR('',#2354,5.75);
#690=VECTOR('',#2359,8.6);
#691=VECTOR('',#2364,10.);
#692=VECTOR('',#2371,5.75);
#693=VECTOR('',#2378,8.6);
#694=VECTOR('',#2385,8.6);
#695=VECTOR('',#2392,5.75);
#696=VECTOR('',#2399,8.6);
#697=VECTOR('',#2406,8.6);
#698=VECTOR('',#2413,8.6);
#699=VECTOR('',#2420,8.6);
#700=VECTOR('',#2427,5.75);
#701=VECTOR('',#2434,5.75);
#702=VECTOR('',#2441,5.75);
#703=VECTOR('',#2446,10.);
#704=VECTOR('',#2447,10.);
#705=VECTOR('',#2452,10.);
#706=VECTOR('',#2457,10.);
#707=VECTOR('',#2458,10.);
#708=VECTOR('',#2459,10.);
#709=VECTOR('',#2464,10.);
#710=VECTOR('',#2469,10.);
#711=VECTOR('',#2470,10.);
#712=VECTOR('',#2471,10.);
#713=VECTOR('',#2472,10.);
#714=VECTOR('',#2473,10.);
#715=VECTOR('',#2474,10.);
#716=VECTOR('',#2475,10.);
#717=VECTOR('',#2476,10.);
#718=VECTOR('',#2477,10.);
#719=VECTOR('',#2478,10.);
#720=VECTOR('',#2479,10.);
#721=VECTOR('',#2480,10.);
#722=VECTOR('',#2481,10.);
#723=VECTOR('',#2482,10.);
#724=VECTOR('',#2483,10.);
#725=VECTOR('',#2484,10.);
#726=VECTOR('',#2485,10.);
#727=VECTOR('',#2486,10.);
#728=VECTOR('',#2487,10.);
#729=VECTOR('',#2488,10.);
#730=VECTOR('',#2489,10.);
#731=VECTOR('',#2490,10.);
#732=VECTOR('',#2491,10.);
#733=VECTOR('',#2492,10.);
#734=VECTOR('',#2493,10.);
#735=VECTOR('',#2494,10.);
#736=VECTOR('',#2495,10.);
#737=VECTOR('',#2496,10.);
#738=VECTOR('',#2497,10.);
#739=VECTOR('',#2498,10.);
#740=VECTOR('',#2499,10.);
#741=VECTOR('',#2500,10.);
#742=VECTOR('',#2501,10.);
#743=VECTOR('',#2504,10.);
#744=VECTOR('',#2505,10.);
#745=VECTOR('',#2506,10.);
#746=VECTOR('',#2509,10.);
#747=VECTOR('',#2510,10.);
#748=VECTOR('',#2511,10.);
#749=VECTOR('',#2514,10.);
#750=VECTOR('',#2515,10.);
#751=VECTOR('',#2516,10.);
#752=VECTOR('',#2521,8.6);
#753=VECTOR('',#2528,8.6);
#754=VECTOR('',#2533,10.);
#755=VECTOR('',#2534,10.);
#756=VECTOR('',#2535,10.);
#757=VECTOR('',#2536,10.);
#758=VECTOR('',#2539,10.);
#759=VECTOR('',#2540,10.);
#760=VECTOR('',#2543,10.);
#761=VECTOR('',#2544,10.);
#762=VECTOR('',#2545,10.);
#763=VECTOR('',#2548,10.);
#764=VECTOR('',#2549,10.);
#765=VECTOR('',#2552,10.);
#766=VECTOR('',#2553,10.);
#767=VECTOR('',#2556,10.);
#768=VECTOR('',#2561,10.);
#769=VECTOR('',#2562,10.);
#770=VECTOR('',#2563,10.);
#771=VECTOR('',#2566,10.);
#772=VECTOR('',#2567,10.);
#773=VECTOR('',#2570,10.);
#774=VECTOR('',#2571,10.);
#775=VECTOR('',#2574,10.);
#776=VECTOR('',#2579,10.);
#777=VECTOR('',#2580,10.);
#778=VECTOR('',#2581,10.);
#779=VECTOR('',#2584,10.);
#780=VECTOR('',#2585,10.);
#781=VECTOR('',#2588,10.);
#782=VECTOR('',#2589,10.);
#783=VECTOR('',#2592,10.);
#784=VECTOR('',#2597,10.);
#785=VECTOR('',#2598,10.);
#786=VECTOR('',#2599,10.);
#787=VECTOR('',#2602,10.);
#788=VECTOR('',#2603,10.);
#789=VECTOR('',#2606,10.);
#790=VECTOR('',#2607,10.);
#791=VECTOR('',#2610,10.);
#792=VECTOR('',#2615,10.);
#793=VECTOR('',#2616,10.);
#794=VECTOR('',#2617,10.);
#795=VECTOR('',#2620,10.);
#796=VECTOR('',#2621,10.);
#797=VECTOR('',#2624,10.);
#798=VECTOR('',#2625,10.);
#799=VECTOR('',#2628,10.);
#800=VECTOR('',#2633,10.);
#801=VECTOR('',#2634,10.);
#802=VECTOR('',#2635,10.);
#803=VECTOR('',#2638,10.);
#804=VECTOR('',#2639,10.);
#805=VECTOR('',#2642,10.);
#806=VECTOR('',#2643,10.);
#807=VECTOR('',#2646,10.);
#808=VECTOR('',#2651,10.);
#809=VECTOR('',#2652,10.);
#810=VECTOR('',#2653,10.);
#811=VECTOR('',#2656,10.);
#812=VECTOR('',#2657,10.);
#813=VECTOR('',#2658,10.);
#814=VECTOR('',#2661,10.);
#815=VECTOR('',#2662,10.);
#816=VECTOR('',#2663,10.);
#817=VECTOR('',#2666,10.);
#818=VECTOR('',#2667,10.);
#819=VECTOR('',#2668,10.);
#820=VECTOR('',#2671,10.);
#821=VECTOR('',#2672,10.);
#822=VECTOR('',#2673,10.);
#823=VECTOR('',#2676,10.);
#824=VECTOR('',#2677,10.);
#825=VECTOR('',#2682,8.6);
#826=VECTOR('',#2689,8.6);
#827=VECTOR('',#2696,10.);
#828=VECTOR('',#2697,10.);
#829=VECTOR('',#2698,10.);
#830=VECTOR('',#2701,10.);
#831=VECTOR('',#2702,10.);
#832=VECTOR('',#2705,10.);
#833=VECTOR('',#2706,10.);
#834=VECTOR('',#2709,10.);
#835=VECTOR('',#2714,10.);
#836=VECTOR('',#2715,10.);
#837=VECTOR('',#2716,10.);
#838=VECTOR('',#2719,10.);
#839=VECTOR('',#2720,10.);
#840=VECTOR('',#2723,10.);
#841=VECTOR('',#2724,10.);
#842=VECTOR('',#2727,10.);
#843=VERTEX_POINT('',#2737);
#844=VERTEX_POINT('',#2738);
#845=VERTEX_POINT('',#2740);
#846=VERTEX_POINT('',#2742);
#847=VERTEX_POINT('',#2746);
#848=VERTEX_POINT('',#2748);
#849=VERTEX_POINT('',#2751);
#850=VERTEX_POINT('',#2753);
#851=VERTEX_POINT('',#2755);
#852=VERTEX_POINT('',#2757);
#853=VERTEX_POINT('',#2759);
#854=VERTEX_POINT('',#2761);
#855=VERTEX_POINT('',#2763);
#856=VERTEX_POINT('',#2765);
#857=VERTEX_POINT('',#2767);
#858=VERTEX_POINT('',#2769);
#859=VERTEX_POINT('',#2771);
#860=VERTEX_POINT('',#2773);
#861=VERTEX_POINT('',#2775);
#862=VERTEX_POINT('',#2777);
#863=VERTEX_POINT('',#2779);
#864=VERTEX_POINT('',#2782);
#865=VERTEX_POINT('',#2784);
#866=VERTEX_POINT('',#2788);
#867=VERTEX_POINT('',#2790);
#868=VERTEX_POINT('',#2792);
#869=VERTEX_POINT('',#2794);
#870=VERTEX_POINT('',#2798);
#871=VERTEX_POINT('',#2800);
#872=VERTEX_POINT('',#2802);
#873=VERTEX_POINT('',#2806);
#874=VERTEX_POINT('',#2808);
#875=VERTEX_POINT('',#2812);
#876=VERTEX_POINT('',#2814);
#877=VERTEX_POINT('',#2818);
#878=VERTEX_POINT('',#2822);
#879=VERTEX_POINT('',#2826);
#880=VERTEX_POINT('',#2830);
#881=VERTEX_POINT('',#2834);
#882=VERTEX_POINT('',#2838);
#883=VERTEX_POINT('',#2842);
#884=VERTEX_POINT('',#2846);
#885=VERTEX_POINT('',#2850);
#886=VERTEX_POINT('',#2854);
#887=VERTEX_POINT('',#2858);
#888=VERTEX_POINT('',#2862);
#889=VERTEX_POINT('',#2866);
#890=VERTEX_POINT('',#2870);
#891=VERTEX_POINT('',#2874);
#892=VERTEX_POINT('',#2878);
#893=VERTEX_POINT('',#2882);
#894=VERTEX_POINT('',#2886);
#895=VERTEX_POINT('',#2890);
#896=VERTEX_POINT('',#2894);
#897=VERTEX_POINT('',#2901);
#898=VERTEX_POINT('',#2903);
#899=VERTEX_POINT('',#2907);
#900=VERTEX_POINT('',#2909);
#901=VERTEX_POINT('',#2913);
#902=VERTEX_POINT('',#2915);
#903=VERTEX_POINT('',#2919);
#904=VERTEX_POINT('',#2921);
#905=VERTEX_POINT('',#2925);
#906=VERTEX_POINT('',#2927);
#907=VERTEX_POINT('',#2931);
#908=VERTEX_POINT('',#2933);
#909=VERTEX_POINT('',#2937);
#910=VERTEX_POINT('',#2939);
#911=VERTEX_POINT('',#2943);
#912=VERTEX_POINT('',#2945);
#913=VERTEX_POINT('',#2949);
#914=VERTEX_POINT('',#2951);
#915=VERTEX_POINT('',#2955);
#916=VERTEX_POINT('',#2957);
#917=VERTEX_POINT('',#2961);
#918=VERTEX_POINT('',#2963);
#919=VERTEX_POINT('',#2967);
#920=VERTEX_POINT('',#2968);
#921=VERTEX_POINT('',#2970);
#922=VERTEX_POINT('',#2972);
#923=VERTEX_POINT('',#2974);
#924=VERTEX_POINT('',#2976);
#925=VERTEX_POINT('',#2978);
#926=VERTEX_POINT('',#2980);
#927=VERTEX_POINT('',#2982);
#928=VERTEX_POINT('',#2984);
#929=VERTEX_POINT('',#2986);
#930=VERTEX_POINT('',#2988);
#931=VERTEX_POINT('',#2990);
#932=VERTEX_POINT('',#2992);
#933=VERTEX_POINT('',#2994);
#934=VERTEX_POINT('',#2996);
#935=VERTEX_POINT('',#2999);
#936=VERTEX_POINT('',#3000);
#937=VERTEX_POINT('',#3002);
#938=VERTEX_POINT('',#3004);
#939=VERTEX_POINT('',#3007);
#940=VERTEX_POINT('',#3008);
#941=VERTEX_POINT('',#3010);
#942=VERTEX_POINT('',#3012);
#943=VERTEX_POINT('',#3015);
#944=VERTEX_POINT('',#3016);
#945=VERTEX_POINT('',#3018);
#946=VERTEX_POINT('',#3020);
#947=VERTEX_POINT('',#3023);
#948=VERTEX_POINT('',#3024);
#949=VERTEX_POINT('',#3026);
#950=VERTEX_POINT('',#3028);
#951=VERTEX_POINT('',#3031);
#952=VERTEX_POINT('',#3032);
#953=VERTEX_POINT('',#3034);
#954=VERTEX_POINT('',#3036);
#955=VERTEX_POINT('',#3039);
#956=VERTEX_POINT('',#3040);
#957=VERTEX_POINT('',#3042);
#958=VERTEX_POINT('',#3044);
#959=VERTEX_POINT('',#3047);
#960=VERTEX_POINT('',#3048);
#961=VERTEX_POINT('',#3050);
#962=VERTEX_POINT('',#3052);
#963=VERTEX_POINT('',#3055);
#964=VERTEX_POINT('',#3056);
#965=VERTEX_POINT('',#3058);
#966=VERTEX_POINT('',#3060);
#967=VERTEX_POINT('',#3064);
#968=VERTEX_POINT('',#3066);
#969=VERTEX_POINT('',#3070);
#970=VERTEX_POINT('',#3072);
#971=VERTEX_POINT('',#3076);
#972=VERTEX_POINT('',#3078);
#973=VERTEX_POINT('',#3082);
#974=VERTEX_POINT('',#3087);
#975=VERTEX_POINT('',#3092);
#976=VERTEX_POINT('',#3093);
#977=VERTEX_POINT('',#3095);
#978=VERTEX_POINT('',#3097);
#979=VERTEX_POINT('',#3104);
#980=VERTEX_POINT('',#3106);
#981=VERTEX_POINT('',#3110);
#982=VERTEX_POINT('',#3114);
#983=VERTEX_POINT('',#3121);
#984=VERTEX_POINT('',#3123);
#985=VERTEX_POINT('',#3127);
#986=VERTEX_POINT('',#3131);
#987=VERTEX_POINT('',#3138);
#988=VERTEX_POINT('',#3140);
#989=VERTEX_POINT('',#3144);
#990=VERTEX_POINT('',#3148);
#991=VERTEX_POINT('',#3155);
#992=VERTEX_POINT('',#3157);
#993=VERTEX_POINT('',#3161);
#994=VERTEX_POINT('',#3165);
#995=VERTEX_POINT('',#3172);
#996=VERTEX_POINT('',#3174);
#997=VERTEX_POINT('',#3178);
#998=VERTEX_POINT('',#3182);
#999=VERTEX_POINT('',#3189);
#1000=VERTEX_POINT('',#3191);
#1001=VERTEX_POINT('',#3195);
#1002=VERTEX_POINT('',#3199);
#1003=VERTEX_POINT('',#3206);
#1004=VERTEX_POINT('',#3208);
#1005=VERTEX_POINT('',#3212);
#1006=VERTEX_POINT('',#3214);
#1007=VERTEX_POINT('',#3218);
#1008=VERTEX_POINT('',#3220);
#1009=VERTEX_POINT('',#3224);
#1010=VERTEX_POINT('',#3226);
#1011=VERTEX_POINT('',#3230);
#1012=VERTEX_POINT('',#3232);
#1013=VERTEX_POINT('',#3239);
#1014=VERTEX_POINT('',#3244);
#1015=VERTEX_POINT('',#3250);
#1016=VERTEX_POINT('',#3252);
#1017=VERTEX_POINT('',#3256);
#1018=VERTEX_POINT('',#3260);
#1019=VERTEX_POINT('',#3267);
#1020=VERTEX_POINT('',#3269);
#1021=VERTEX_POINT('',#3273);
#1022=VERTEX_POINT('',#3277);
#1023=EDGE_CURVE('',#843,#844,#455,.T.);
#1024=EDGE_CURVE('',#843,#845,#456,.T.);
#1025=EDGE_CURVE('',#846,#845,#457,.T.);
#1026=EDGE_CURVE('',#844,#846,#458,.T.);
#1027=EDGE_CURVE('',#847,#843,#459,.T.);
#1028=EDGE_CURVE('',#847,#848,#460,.T.);
#1029=EDGE_CURVE('',#845,#848,#461,.T.);
#1030=EDGE_CURVE('',#849,#849,#119,.T.);
#1031=EDGE_CURVE('',#850,#850,#120,.T.);
#1032=EDGE_CURVE('',#851,#851,#121,.T.);
#1033=EDGE_CURVE('',#852,#852,#122,.T.);
#1034=EDGE_CURVE('',#853,#853,#123,.T.);
#1035=EDGE_CURVE('',#854,#854,#124,.T.);
#1036=EDGE_CURVE('',#855,#855,#125,.T.);
#1037=EDGE_CURVE('',#856,#856,#126,.T.);
#1038=EDGE_CURVE('',#857,#857,#127,.T.);
#1039=EDGE_CURVE('',#858,#858,#128,.T.);
#1040=EDGE_CURVE('',#859,#859,#129,.T.);
#1041=EDGE_CURVE('',#860,#860,#130,.T.);
#1042=EDGE_CURVE('',#861,#861,#131,.T.);
#1043=EDGE_CURVE('',#862,#862,#132,.T.);
#1044=EDGE_CURVE('',#863,#863,#133,.T.);
#1045=EDGE_CURVE('',#864,#847,#462,.T.);
#1046=EDGE_CURVE('',#865,#864,#463,.T.);
#1047=EDGE_CURVE('',#848,#865,#464,.T.);
#1048=EDGE_CURVE('',#866,#865,#465,.T.);
#1049=EDGE_CURVE('',#867,#866,#466,.T.);
#1050=EDGE_CURVE('',#868,#867,#467,.T.);
#1051=EDGE_CURVE('',#869,#868,#468,.T.);
#1052=EDGE_CURVE('',#846,#869,#469,.T.);
#1053=EDGE_CURVE('',#864,#870,#470,.T.);
#1054=EDGE_CURVE('',#871,#870,#134,.T.);
#1055=EDGE_CURVE('',#871,#872,#471,.T.);
#1056=EDGE_CURVE('',#866,#872,#135,.T.);
#1057=EDGE_CURVE('',#868,#873,#136,.T.);
#1058=EDGE_CURVE('',#873,#874,#472,.T.);
#1059=EDGE_CURVE('',#874,#869,#137,.T.);
#1060=EDGE_CURVE('',#874,#875,#473,.T.);
#1061=EDGE_CURVE('',#876,#875,#138,.T.);
#1062=EDGE_CURVE('',#876,#844,#474,.T.);
#1063=EDGE_CURVE('',#877,#873,#475,.T.);
#1064=EDGE_CURVE('',#875,#877,#476,.T.);
#1065=EDGE_CURVE('',#877,#878,#139,.T.);
#1066=EDGE_CURVE('',#878,#876,#477,.T.);
#1067=EDGE_CURVE('',#879,#867,#140,.T.);
#1068=EDGE_CURVE('',#872,#879,#478,.T.);
#1069=EDGE_CURVE('',#880,#871,#479,.T.);
#1070=EDGE_CURVE('',#879,#880,#480,.T.);
#1071=EDGE_CURVE('',#881,#880,#141,.T.);
#1072=EDGE_CURVE('',#870,#881,#481,.T.);
#1073=EDGE_CURVE('',#863,#882,#482,.T.);
#1074=EDGE_CURVE('',#882,#882,#142,.T.);
#1075=EDGE_CURVE('',#862,#883,#483,.T.);
#1076=EDGE_CURVE('',#883,#883,#143,.T.);
#1077=EDGE_CURVE('',#861,#884,#484,.T.);
#1078=EDGE_CURVE('',#884,#884,#144,.T.);
#1079=EDGE_CURVE('',#860,#885,#485,.T.);
#1080=EDGE_CURVE('',#885,#885,#145,.T.);
#1081=EDGE_CURVE('',#859,#886,#486,.T.);
#1082=EDGE_CURVE('',#886,#886,#146,.T.);
#1083=EDGE_CURVE('',#858,#887,#487,.T.);
#1084=EDGE_CURVE('',#887,#887,#147,.T.);
#1085=EDGE_CURVE('',#857,#888,#488,.T.);
#1086=EDGE_CURVE('',#888,#888,#148,.T.);
#1087=EDGE_CURVE('',#856,#889,#489,.T.);
#1088=EDGE_CURVE('',#889,#889,#149,.T.);
#1089=EDGE_CURVE('',#855,#890,#490,.T.);
#1090=EDGE_CURVE('',#890,#890,#150,.T.);
#1091=EDGE_CURVE('',#854,#891,#491,.T.);
#1092=EDGE_CURVE('',#891,#891,#151,.T.);
#1093=EDGE_CURVE('',#853,#892,#492,.T.);
#1094=EDGE_CURVE('',#892,#892,#152,.T.);
#1095=EDGE_CURVE('',#852,#893,#493,.T.);
#1096=EDGE_CURVE('',#893,#893,#153,.T.);
#1097=EDGE_CURVE('',#851,#894,#494,.T.);
#1098=EDGE_CURVE('',#894,#894,#154,.T.);
#1099=EDGE_CURVE('',#850,#895,#495,.T.);
#1100=EDGE_CURVE('',#895,#895,#155,.T.);
#1101=EDGE_CURVE('',#849,#896,#496,.T.);
#1102=EDGE_CURVE('',#896,#896,#156,.T.);
#1103=EDGE_CURVE('',#881,#878,#497,.T.);
#1104=EDGE_CURVE('',#897,#897,#157,.T.);
#1105=EDGE_CURVE('',#897,#898,#498,.T.);
#1106=EDGE_CURVE('',#898,#898,#158,.T.);
#1107=EDGE_CURVE('',#899,#899,#159,.T.);
#1108=EDGE_CURVE('',#899,#900,#499,.T.);
#1109=EDGE_CURVE('',#900,#900,#160,.T.);
#1110=EDGE_CURVE('',#901,#901,#161,.T.);
#1111=EDGE_CURVE('',#901,#902,#500,.T.);
#1112=EDGE_CURVE('',#902,#902,#162,.T.);
#1113=EDGE_CURVE('',#903,#903,#163,.T.);
#1114=EDGE_CURVE('',#903,#904,#501,.T.);
#1115=EDGE_CURVE('',#904,#904,#164,.T.);
#1116=EDGE_CURVE('',#905,#905,#165,.T.);
#1117=EDGE_CURVE('',#905,#906,#502,.T.);
#1118=EDGE_CURVE('',#906,#906,#166,.T.);
#1119=EDGE_CURVE('',#907,#907,#167,.T.);
#1120=EDGE_CURVE('',#907,#908,#503,.T.);
#1121=EDGE_CURVE('',#908,#908,#168,.T.);
#1122=EDGE_CURVE('',#909,#909,#169,.T.);
#1123=EDGE_CURVE('',#909,#910,#504,.T.);
#1124=EDGE_CURVE('',#910,#910,#170,.T.);
#1125=EDGE_CURVE('',#911,#911,#171,.T.);
#1126=EDGE_CURVE('',#911,#912,#505,.T.);
#1127=EDGE_CURVE('',#912,#912,#172,.T.);
#1128=EDGE_CURVE('',#913,#913,#173,.T.);
#1129=EDGE_CURVE('',#913,#914,#506,.T.);
#1130=EDGE_CURVE('',#914,#914,#174,.T.);
#1131=EDGE_CURVE('',#915,#915,#175,.T.);
#1132=EDGE_CURVE('',#915,#916,#507,.T.);
#1133=EDGE_CURVE('',#916,#916,#176,.T.);
#1134=EDGE_CURVE('',#917,#917,#177,.T.);
#1135=EDGE_CURVE('',#917,#918,#508,.T.);
#1136=EDGE_CURVE('',#918,#918,#178,.T.);
#1137=EDGE_CURVE('',#919,#920,#509,.T.);
#1138=EDGE_CURVE('',#921,#920,#510,.T.);
#1139=EDGE_CURVE('',#921,#922,#179,.T.);
#1140=EDGE_CURVE('',#922,#923,#180,.T.);
#1141=EDGE_CURVE('',#924,#923,#511,.T.);
#1142=EDGE_CURVE('',#924,#925,#181,.T.);
#1143=EDGE_CURVE('',#925,#926,#182,.T.);
#1144=EDGE_CURVE('',#927,#926,#512,.T.);
#1145=EDGE_CURVE('',#927,#928,#513,.T.);
#1146=EDGE_CURVE('',#929,#928,#514,.T.);
#1147=EDGE_CURVE('',#929,#930,#183,.T.);
#1148=EDGE_CURVE('',#930,#931,#184,.T.);
#1149=EDGE_CURVE('',#932,#931,#515,.T.);
#1150=EDGE_CURVE('',#932,#933,#185,.T.);
#1151=EDGE_CURVE('',#933,#934,#186,.T.);
#1152=EDGE_CURVE('',#919,#934,#516,.T.);
#1153=EDGE_CURVE('',#935,#936,#517,.T.);
#1154=EDGE_CURVE('',#937,#935,#518,.T.);
#1155=EDGE_CURVE('',#938,#937,#519,.T.);
#1156=EDGE_CURVE('',#936,#938,#520,.T.);
#1157=EDGE_CURVE('',#939,#940,#521,.T.);
#1158=EDGE_CURVE('',#941,#939,#522,.T.);
#1159=EDGE_CURVE('',#942,#941,#523,.T.);
#1160=EDGE_CURVE('',#940,#942,#524,.T.);
#1161=EDGE_CURVE('',#943,#944,#525,.T.);
#1162=EDGE_CURVE('',#945,#943,#526,.T.);
#1163=EDGE_CURVE('',#946,#945,#527,.T.);
#1164=EDGE_CURVE('',#944,#946,#528,.T.);
#1165=EDGE_CURVE('',#947,#948,#529,.T.);
#1166=EDGE_CURVE('',#949,#947,#530,.T.);
#1167=EDGE_CURVE('',#950,#949,#531,.T.);
#1168=EDGE_CURVE('',#948,#950,#532,.T.);
#1169=EDGE_CURVE('',#951,#952,#533,.T.);
#1170=EDGE_CURVE('',#953,#951,#534,.T.);
#1171=EDGE_CURVE('',#954,#953,#535,.T.);
#1172=EDGE_CURVE('',#952,#954,#536,.T.);
#1173=EDGE_CURVE('',#955,#956,#537,.T.);
#1174=EDGE_CURVE('',#957,#955,#538,.T.);
#1175=EDGE_CURVE('',#958,#957,#539,.T.);
#1176=EDGE_CURVE('',#956,#958,#540,.T.);
#1177=EDGE_CURVE('',#959,#960,#541,.T.);
#1178=EDGE_CURVE('',#961,#959,#542,.T.);
#1179=EDGE_CURVE('',#962,#961,#543,.T.);
#1180=EDGE_CURVE('',#960,#962,#544,.T.);
#1181=EDGE_CURVE('',#963,#964,#545,.T.);
#1182=EDGE_CURVE('',#965,#963,#546,.T.);
#1183=EDGE_CURVE('',#966,#965,#547,.T.);
#1184=EDGE_CURVE('',#964,#966,#548,.T.);
#1185=EDGE_CURVE('',#926,#967,#549,.T.);
#1186=EDGE_CURVE('',#968,#967,#550,.T.);
#1187=EDGE_CURVE('',#927,#968,#551,.T.);
#1188=EDGE_CURVE('',#923,#969,#552,.T.);
#1189=EDGE_CURVE('',#970,#969,#553,.T.);
#1190=EDGE_CURVE('',#924,#970,#554,.T.);
#1191=EDGE_CURVE('',#920,#971,#555,.T.);
#1192=EDGE_CURVE('',#972,#971,#556,.T.);
#1193=EDGE_CURVE('',#921,#972,#557,.T.);
#1194=EDGE_CURVE('',#973,#973,#187,.T.);
#1195=EDGE_CURVE('',#973,#922,#558,.T.);
#1196=EDGE_CURVE('',#969,#972,#188,.T.);
#1197=EDGE_CURVE('',#974,#974,#189,.T.);
#1198=EDGE_CURVE('',#974,#925,#559,.T.);
#1199=EDGE_CURVE('',#967,#970,#190,.T.);
#1200=EDGE_CURVE('',#975,#976,#560,.T.);
#1201=EDGE_CURVE('',#976,#977,#561,.T.);
#1202=EDGE_CURVE('',#978,#977,#562,.T.);
#1203=EDGE_CURVE('',#975,#978,#563,.T.);
#1204=EDGE_CURVE('',#971,#978,#564,.T.);
#1205=EDGE_CURVE('',#977,#968,#565,.T.);
#1206=EDGE_CURVE('',#965,#979,#566,.T.);
#1207=EDGE_CURVE('',#980,#979,#567,.T.);
#1208=EDGE_CURVE('',#966,#980,#568,.T.);
#1209=EDGE_CURVE('',#963,#981,#569,.T.);
#1210=EDGE_CURVE('',#979,#981,#570,.T.);
#1211=EDGE_CURVE('',#982,#980,#571,.T.);
#1212=EDGE_CURVE('',#964,#982,#572,.T.);
#1213=EDGE_CURVE('',#981,#982,#573,.T.);
#1214=EDGE_CURVE('',#961,#983,#574,.T.);
#1215=EDGE_CURVE('',#984,#983,#575,.T.);
#1216=EDGE_CURVE('',#962,#984,#576,.T.);
#1217=EDGE_CURVE('',#959,#985,#577,.T.);
#1218=EDGE_CURVE('',#983,#985,#578,.T.);
#1219=EDGE_CURVE('',#986,#984,#579,.T.);
#1220=EDGE_CURVE('',#960,#986,#580,.T.);
#1221=EDGE_CURVE('',#985,#986,#581,.T.);
#1222=EDGE_CURVE('',#945,#987,#582,.T.);
#1223=EDGE_CURVE('',#988,#987,#583,.T.);
#1224=EDGE_CURVE('',#946,#988,#584,.T.);
#1225=EDGE_CURVE('',#943,#989,#585,.T.);
#1226=EDGE_CURVE('',#987,#989,#586,.T.);
#1227=EDGE_CURVE('',#990,#988,#587,.T.);
#1228=EDGE_CURVE('',#944,#990,#588,.T.);
#1229=EDGE_CURVE('',#989,#990,#589,.T.);
#1230=EDGE_CURVE('',#953,#991,#590,.T.);
#1231=EDGE_CURVE('',#992,#991,#591,.T.);
#1232=EDGE_CURVE('',#954,#992,#592,.T.);
#1233=EDGE_CURVE('',#951,#993,#593,.T.);
#1234=EDGE_CURVE('',#991,#993,#594,.T.);
#1235=EDGE_CURVE('',#994,#992,#595,.T.);
#1236=EDGE_CURVE('',#952,#994,#596,.T.);
#1237=EDGE_CURVE('',#993,#994,#597,.T.);
#1238=EDGE_CURVE('',#957,#995,#598,.T.);
#1239=EDGE_CURVE('',#996,#995,#599,.T.);
#1240=EDGE_CURVE('',#958,#996,#600,.T.);
#1241=EDGE_CURVE('',#955,#997,#601,.T.);
#1242=EDGE_CURVE('',#995,#997,#602,.T.);
#1243=EDGE_CURVE('',#998,#996,#603,.T.);
#1244=EDGE_CURVE('',#956,#998,#604,.T.);
#1245=EDGE_CURVE('',#997,#998,#605,.T.);
#1246=EDGE_CURVE('',#937,#999,#606,.T.);
#1247=EDGE_CURVE('',#1000,#999,#607,.T.);
#1248=EDGE_CURVE('',#938,#1000,#608,.T.);
#1249=EDGE_CURVE('',#935,#1001,#609,.T.);
#1250=EDGE_CURVE('',#999,#1001,#610,.T.);
#1251=EDGE_CURVE('',#1002,#1000,#611,.T.);
#1252=EDGE_CURVE('',#936,#1002,#612,.T.);
#1253=EDGE_CURVE('',#1001,#1002,#613,.T.);
#1254=EDGE_CURVE('',#934,#1003,#614,.T.);
#1255=EDGE_CURVE('',#1004,#1003,#615,.T.);
#1256=EDGE_CURVE('',#919,#1004,#616,.T.);
#1257=EDGE_CURVE('',#931,#1005,#617,.T.);
#1258=EDGE_CURVE('',#1006,#1005,#618,.T.);
#1259=EDGE_CURVE('',#932,#1006,#619,.T.);
#1260=EDGE_CURVE('',#928,#1007,#620,.T.);
#1261=EDGE_CURVE('',#1008,#1007,#621,.T.);
#1262=EDGE_CURVE('',#929,#1008,#622,.T.);
#1263=EDGE_CURVE('',#1009,#975,#623,.T.);
#1264=EDGE_CURVE('',#1010,#1004,#624,.T.);
#1265=EDGE_CURVE('',#1009,#1010,#625,.T.);
#1266=EDGE_CURVE('',#1009,#1011,#626,.T.);
#1267=EDGE_CURVE('',#1012,#1010,#627,.T.);
#1268=EDGE_CURVE('',#1011,#1012,#628,.T.);
#1269=EDGE_CURVE('',#976,#1011,#629,.T.);
#1270=EDGE_CURVE('',#1007,#1012,#630,.T.);
#1271=EDGE_CURVE('',#1013,#1013,#191,.T.);
#1272=EDGE_CURVE('',#1013,#930,#631,.T.);
#1273=EDGE_CURVE('',#1005,#1008,#192,.T.);
#1274=EDGE_CURVE('',#1014,#1014,#193,.T.);
#1275=EDGE_CURVE('',#1014,#933,#632,.T.);
#1276=EDGE_CURVE('',#1003,#1006,#194,.T.);
#1277=EDGE_CURVE('',#949,#1015,#633,.T.);
#1278=EDGE_CURVE('',#1016,#1015,#634,.T.);
#1279=EDGE_CURVE('',#950,#1016,#635,.T.);
#1280=EDGE_CURVE('',#947,#1017,#636,.T.);
#1281=EDGE_CURVE('',#1015,#1017,#637,.T.);
#1282=EDGE_CURVE('',#1018,#1016,#638,.T.);
#1283=EDGE_CURVE('',#948,#1018,#639,.T.);
#1284=EDGE_CURVE('',#1017,#1018,#640,.T.);
#1285=EDGE_CURVE('',#941,#1019,#641,.T.);
#1286=EDGE_CURVE('',#1020,#1019,#642,.T.);
#1287=EDGE_CURVE('',#942,#1020,#643,.T.);
#1288=EDGE_CURVE('',#939,#1021,#644,.T.);
#1289=EDGE_CURVE('',#1019,#1021,#645,.T.);
#1290=EDGE_CURVE('',#1022,#1020,#646,.T.);
#1291=EDGE_CURVE('',#940,#1022,#647,.T.);
#1292=EDGE_CURVE('',#1021,#1022,#648,.T.);
#1293=ORIENTED_EDGE('',*,*,#1023,.F.);
#1294=ORIENTED_EDGE('',*,*,#1024,.T.);
#1295=ORIENTED_EDGE('',*,*,#1025,.F.);
#1296=ORIENTED_EDGE('',*,*,#1026,.F.);
#1297=ORIENTED_EDGE('',*,*,#1027,.F.);
#1298=ORIENTED_EDGE('',*,*,#1028,.T.);
#1299=ORIENTED_EDGE('',*,*,#1029,.F.);
#1300=ORIENTED_EDGE('',*,*,#1024,.F.);
#1301=ORIENTED_EDGE('',*,*,#1030,.F.);
#1302=ORIENTED_EDGE('',*,*,#1031,.F.);
#1303=ORIENTED_EDGE('',*,*,#1032,.F.);
#1304=ORIENTED_EDGE('',*,*,#1033,.F.);
#1305=ORIENTED_EDGE('',*,*,#1034,.F.);
#1306=ORIENTED_EDGE('',*,*,#1035,.F.);
#1307=ORIENTED_EDGE('',*,*,#1036,.F.);
#1308=ORIENTED_EDGE('',*,*,#1037,.F.);
#1309=ORIENTED_EDGE('',*,*,#1038,.F.);
#1310=ORIENTED_EDGE('',*,*,#1039,.F.);
#1311=ORIENTED_EDGE('',*,*,#1040,.F.);
#1312=ORIENTED_EDGE('',*,*,#1041,.F.);
#1313=ORIENTED_EDGE('',*,*,#1042,.F.);
#1314=ORIENTED_EDGE('',*,*,#1043,.F.);
#1315=ORIENTED_EDGE('',*,*,#1044,.F.);
#1316=ORIENTED_EDGE('',*,*,#1045,.F.);
#1317=ORIENTED_EDGE('',*,*,#1046,.F.);
#1318=ORIENTED_EDGE('',*,*,#1047,.F.);
#1319=ORIENTED_EDGE('',*,*,#1028,.F.);
#1320=ORIENTED_EDGE('',*,*,#1025,.T.);
#1321=ORIENTED_EDGE('',*,*,#1029,.T.);
#1322=ORIENTED_EDGE('',*,*,#1047,.T.);
#1323=ORIENTED_EDGE('',*,*,#1048,.F.);
#1324=ORIENTED_EDGE('',*,*,#1049,.F.);
#1325=ORIENTED_EDGE('',*,*,#1050,.F.);
#1326=ORIENTED_EDGE('',*,*,#1051,.F.);
#1327=ORIENTED_EDGE('',*,*,#1052,.F.);
#1328=ORIENTED_EDGE('',*,*,#1046,.T.);
#1329=ORIENTED_EDGE('',*,*,#1053,.T.);
#1330=ORIENTED_EDGE('',*,*,#1054,.F.);
#1331=ORIENTED_EDGE('',*,*,#1055,.T.);
#1332=ORIENTED_EDGE('',*,*,#1056,.F.);
#1333=ORIENTED_EDGE('',*,*,#1048,.T.);
#1334=ORIENTED_EDGE('',*,*,#1057,.T.);
#1335=ORIENTED_EDGE('',*,*,#1058,.T.);
#1336=ORIENTED_EDGE('',*,*,#1059,.T.);
#1337=ORIENTED_EDGE('',*,*,#1051,.T.);
#1338=ORIENTED_EDGE('',*,*,#1026,.T.);
#1339=ORIENTED_EDGE('',*,*,#1052,.T.);
#1340=ORIENTED_EDGE('',*,*,#1059,.F.);
#1341=ORIENTED_EDGE('',*,*,#1060,.T.);
#1342=ORIENTED_EDGE('',*,*,#1061,.F.);
#1343=ORIENTED_EDGE('',*,*,#1062,.T.);
#1344=ORIENTED_EDGE('',*,*,#1058,.F.);
#1345=ORIENTED_EDGE('',*,*,#1063,.F.);
#1346=ORIENTED_EDGE('',*,*,#1064,.F.);
#1347=ORIENTED_EDGE('',*,*,#1060,.F.);
#1348=ORIENTED_EDGE('',*,*,#1065,.T.);
#1349=ORIENTED_EDGE('',*,*,#1066,.T.);
#1350=ORIENTED_EDGE('',*,*,#1061,.T.);
#1351=ORIENTED_EDGE('',*,*,#1064,.T.);
#1352=ORIENTED_EDGE('',*,*,#1067,.T.);
#1353=ORIENTED_EDGE('',*,*,#1049,.T.);
#1354=ORIENTED_EDGE('',*,*,#1056,.T.);
#1355=ORIENTED_EDGE('',*,*,#1068,.T.);
#1356=ORIENTED_EDGE('',*,*,#1068,.F.);
#1357=ORIENTED_EDGE('',*,*,#1055,.F.);
#1358=ORIENTED_EDGE('',*,*,#1069,.F.);
#1359=ORIENTED_EDGE('',*,*,#1070,.F.);
#1360=ORIENTED_EDGE('',*,*,#1071,.T.);
#1361=ORIENTED_EDGE('',*,*,#1069,.T.);
#1362=ORIENTED_EDGE('',*,*,#1054,.T.);
#1363=ORIENTED_EDGE('',*,*,#1072,.T.);
#1364=ORIENTED_EDGE('',*,*,#1044,.T.);
#1365=ORIENTED_EDGE('',*,*,#1073,.T.);
#1366=ORIENTED_EDGE('',*,*,#1074,.F.);
#1367=ORIENTED_EDGE('',*,*,#1073,.F.);
#1368=ORIENTED_EDGE('',*,*,#1043,.T.);
#1369=ORIENTED_EDGE('',*,*,#1075,.T.);
#1370=ORIENTED_EDGE('',*,*,#1076,.F.);
#1371=ORIENTED_EDGE('',*,*,#1075,.F.);
#1372=ORIENTED_EDGE('',*,*,#1042,.T.);
#1373=ORIENTED_EDGE('',*,*,#1077,.T.);
#1374=ORIENTED_EDGE('',*,*,#1078,.F.);
#1375=ORIENTED_EDGE('',*,*,#1077,.F.);
#1376=ORIENTED_EDGE('',*,*,#1041,.T.);
#1377=ORIENTED_EDGE('',*,*,#1079,.T.);
#1378=ORIENTED_EDGE('',*,*,#1080,.F.);
#1379=ORIENTED_EDGE('',*,*,#1079,.F.);
#1380=ORIENTED_EDGE('',*,*,#1040,.T.);
#1381=ORIENTED_EDGE('',*,*,#1081,.T.);
#1382=ORIENTED_EDGE('',*,*,#1082,.F.);
#1383=ORIENTED_EDGE('',*,*,#1081,.F.);
#1384=ORIENTED_EDGE('',*,*,#1039,.T.);
#1385=ORIENTED_EDGE('',*,*,#1083,.T.);
#1386=ORIENTED_EDGE('',*,*,#1084,.F.);
#1387=ORIENTED_EDGE('',*,*,#1083,.F.);
#1388=ORIENTED_EDGE('',*,*,#1038,.T.);
#1389=ORIENTED_EDGE('',*,*,#1085,.T.);
#1390=ORIENTED_EDGE('',*,*,#1086,.F.);
#1391=ORIENTED_EDGE('',*,*,#1085,.F.);
#1392=ORIENTED_EDGE('',*,*,#1037,.T.);
#1393=ORIENTED_EDGE('',*,*,#1087,.T.);
#1394=ORIENTED_EDGE('',*,*,#1088,.F.);
#1395=ORIENTED_EDGE('',*,*,#1087,.F.);
#1396=ORIENTED_EDGE('',*,*,#1036,.T.);
#1397=ORIENTED_EDGE('',*,*,#1089,.T.);
#1398=ORIENTED_EDGE('',*,*,#1090,.F.);
#1399=ORIENTED_EDGE('',*,*,#1089,.F.);
#1400=ORIENTED_EDGE('',*,*,#1035,.T.);
#1401=ORIENTED_EDGE('',*,*,#1091,.T.);
#1402=ORIENTED_EDGE('',*,*,#1092,.F.);
#1403=ORIENTED_EDGE('',*,*,#1091,.F.);
#1404=ORIENTED_EDGE('',*,*,#1034,.T.);
#1405=ORIENTED_EDGE('',*,*,#1093,.T.);
#1406=ORIENTED_EDGE('',*,*,#1094,.F.);
#1407=ORIENTED_EDGE('',*,*,#1093,.F.);
#1408=ORIENTED_EDGE('',*,*,#1033,.T.);
#1409=ORIENTED_EDGE('',*,*,#1095,.T.);
#1410=ORIENTED_EDGE('',*,*,#1096,.F.);
#1411=ORIENTED_EDGE('',*,*,#1095,.F.);
#1412=ORIENTED_EDGE('',*,*,#1032,.T.);
#1413=ORIENTED_EDGE('',*,*,#1097,.T.);
#1414=ORIENTED_EDGE('',*,*,#1098,.F.);
#1415=ORIENTED_EDGE('',*,*,#1097,.F.);
#1416=ORIENTED_EDGE('',*,*,#1031,.T.);
#1417=ORIENTED_EDGE('',*,*,#1099,.T.);
#1418=ORIENTED_EDGE('',*,*,#1100,.F.);
#1419=ORIENTED_EDGE('',*,*,#1099,.F.);
#1420=ORIENTED_EDGE('',*,*,#1030,.T.);
#1421=ORIENTED_EDGE('',*,*,#1101,.T.);
#1422=ORIENTED_EDGE('',*,*,#1102,.F.);
#1423=ORIENTED_EDGE('',*,*,#1101,.F.);
#1424=ORIENTED_EDGE('',*,*,#1023,.T.);
#1425=ORIENTED_EDGE('',*,*,#1062,.F.);
#1426=ORIENTED_EDGE('',*,*,#1066,.F.);
#1427=ORIENTED_EDGE('',*,*,#1103,.F.);
#1428=ORIENTED_EDGE('',*,*,#1072,.F.);
#1429=ORIENTED_EDGE('',*,*,#1053,.F.);
#1430=ORIENTED_EDGE('',*,*,#1045,.T.);
#1431=ORIENTED_EDGE('',*,*,#1027,.T.);
#1432=ORIENTED_EDGE('',*,*,#1057,.F.);
#1433=ORIENTED_EDGE('',*,*,#1050,.T.);
#1434=ORIENTED_EDGE('',*,*,#1067,.F.);
#1435=ORIENTED_EDGE('',*,*,#1070,.T.);
#1436=ORIENTED_EDGE('',*,*,#1071,.F.);
#1437=ORIENTED_EDGE('',*,*,#1103,.T.);
#1438=ORIENTED_EDGE('',*,*,#1065,.F.);
#1439=ORIENTED_EDGE('',*,*,#1063,.T.);
#1440=ORIENTED_EDGE('',*,*,#1102,.T.);
#1441=ORIENTED_EDGE('',*,*,#1100,.T.);
#1442=ORIENTED_EDGE('',*,*,#1098,.T.);
#1443=ORIENTED_EDGE('',*,*,#1096,.T.);
#1444=ORIENTED_EDGE('',*,*,#1094,.T.);
#1445=ORIENTED_EDGE('',*,*,#1092,.T.);
#1446=ORIENTED_EDGE('',*,*,#1090,.T.);
#1447=ORIENTED_EDGE('',*,*,#1088,.T.);
#1448=ORIENTED_EDGE('',*,*,#1086,.T.);
#1449=ORIENTED_EDGE('',*,*,#1084,.T.);
#1450=ORIENTED_EDGE('',*,*,#1082,.T.);
#1451=ORIENTED_EDGE('',*,*,#1080,.T.);
#1452=ORIENTED_EDGE('',*,*,#1078,.T.);
#1453=ORIENTED_EDGE('',*,*,#1076,.T.);
#1454=ORIENTED_EDGE('',*,*,#1074,.T.);
#1455=ORIENTED_EDGE('',*,*,#1104,.T.);
#1456=ORIENTED_EDGE('',*,*,#1105,.T.);
#1457=ORIENTED_EDGE('',*,*,#1106,.F.);
#1458=ORIENTED_EDGE('',*,*,#1105,.F.);
#1459=ORIENTED_EDGE('',*,*,#1107,.T.);
#1460=ORIENTED_EDGE('',*,*,#1108,.T.);
#1461=ORIENTED_EDGE('',*,*,#1109,.F.);
#1462=ORIENTED_EDGE('',*,*,#1108,.F.);
#1463=ORIENTED_EDGE('',*,*,#1110,.T.);
#1464=ORIENTED_EDGE('',*,*,#1111,.T.);
#1465=ORIENTED_EDGE('',*,*,#1112,.F.);
#1466=ORIENTED_EDGE('',*,*,#1111,.F.);
#1467=ORIENTED_EDGE('',*,*,#1113,.T.);
#1468=ORIENTED_EDGE('',*,*,#1114,.T.);
#1469=ORIENTED_EDGE('',*,*,#1115,.F.);
#1470=ORIENTED_EDGE('',*,*,#1114,.F.);
#1471=ORIENTED_EDGE('',*,*,#1116,.T.);
#1472=ORIENTED_EDGE('',*,*,#1117,.T.);
#1473=ORIENTED_EDGE('',*,*,#1118,.F.);
#1474=ORIENTED_EDGE('',*,*,#1117,.F.);
#1475=ORIENTED_EDGE('',*,*,#1119,.T.);
#1476=ORIENTED_EDGE('',*,*,#1120,.T.);
#1477=ORIENTED_EDGE('',*,*,#1121,.F.);
#1478=ORIENTED_EDGE('',*,*,#1120,.F.);
#1479=ORIENTED_EDGE('',*,*,#1122,.T.);
#1480=ORIENTED_EDGE('',*,*,#1123,.T.);
#1481=ORIENTED_EDGE('',*,*,#1124,.F.);
#1482=ORIENTED_EDGE('',*,*,#1123,.F.);
#1483=ORIENTED_EDGE('',*,*,#1125,.T.);
#1484=ORIENTED_EDGE('',*,*,#1126,.T.);
#1485=ORIENTED_EDGE('',*,*,#1127,.F.);
#1486=ORIENTED_EDGE('',*,*,#1126,.F.);
#1487=ORIENTED_EDGE('',*,*,#1128,.T.);
#1488=ORIENTED_EDGE('',*,*,#1129,.T.);
#1489=ORIENTED_EDGE('',*,*,#1130,.F.);
#1490=ORIENTED_EDGE('',*,*,#1129,.F.);
#1491=ORIENTED_EDGE('',*,*,#1131,.T.);
#1492=ORIENTED_EDGE('',*,*,#1132,.T.);
#1493=ORIENTED_EDGE('',*,*,#1133,.F.);
#1494=ORIENTED_EDGE('',*,*,#1132,.F.);
#1495=ORIENTED_EDGE('',*,*,#1134,.T.);
#1496=ORIENTED_EDGE('',*,*,#1135,.T.);
#1497=ORIENTED_EDGE('',*,*,#1136,.F.);
#1498=ORIENTED_EDGE('',*,*,#1135,.F.);
#1499=ORIENTED_EDGE('',*,*,#1137,.T.);
#1500=ORIENTED_EDGE('',*,*,#1138,.F.);
#1501=ORIENTED_EDGE('',*,*,#1139,.T.);
#1502=ORIENTED_EDGE('',*,*,#1140,.T.);
#1503=ORIENTED_EDGE('',*,*,#1141,.F.);
#1504=ORIENTED_EDGE('',*,*,#1142,.T.);
#1505=ORIENTED_EDGE('',*,*,#1143,.T.);
#1506=ORIENTED_EDGE('',*,*,#1144,.F.);
#1507=ORIENTED_EDGE('',*,*,#1145,.T.);
#1508=ORIENTED_EDGE('',*,*,#1146,.F.);
#1509=ORIENTED_EDGE('',*,*,#1147,.T.);
#1510=ORIENTED_EDGE('',*,*,#1148,.T.);
#1511=ORIENTED_EDGE('',*,*,#1149,.F.);
#1512=ORIENTED_EDGE('',*,*,#1150,.T.);
#1513=ORIENTED_EDGE('',*,*,#1151,.T.);
#1514=ORIENTED_EDGE('',*,*,#1152,.F.);
#1515=ORIENTED_EDGE('',*,*,#1136,.T.);
#1516=ORIENTED_EDGE('',*,*,#1133,.T.);
#1517=ORIENTED_EDGE('',*,*,#1130,.T.);
#1518=ORIENTED_EDGE('',*,*,#1153,.F.);
#1519=ORIENTED_EDGE('',*,*,#1154,.F.);
#1520=ORIENTED_EDGE('',*,*,#1155,.F.);
#1521=ORIENTED_EDGE('',*,*,#1156,.F.);
#1522=ORIENTED_EDGE('',*,*,#1127,.T.);
#1523=ORIENTED_EDGE('',*,*,#1124,.T.);
#1524=ORIENTED_EDGE('',*,*,#1121,.T.);
#1525=ORIENTED_EDGE('',*,*,#1157,.F.);
#1526=ORIENTED_EDGE('',*,*,#1158,.F.);
#1527=ORIENTED_EDGE('',*,*,#1159,.F.);
#1528=ORIENTED_EDGE('',*,*,#1160,.F.);
#1529=ORIENTED_EDGE('',*,*,#1161,.F.);
#1530=ORIENTED_EDGE('',*,*,#1162,.F.);
#1531=ORIENTED_EDGE('',*,*,#1163,.F.);
#1532=ORIENTED_EDGE('',*,*,#1164,.F.);
#1533=ORIENTED_EDGE('',*,*,#1165,.F.);
#1534=ORIENTED_EDGE('',*,*,#1166,.F.);
#1535=ORIENTED_EDGE('',*,*,#1167,.F.);
#1536=ORIENTED_EDGE('',*,*,#1168,.F.);
#1537=ORIENTED_EDGE('',*,*,#1169,.F.);
#1538=ORIENTED_EDGE('',*,*,#1170,.F.);
#1539=ORIENTED_EDGE('',*,*,#1171,.F.);
#1540=ORIENTED_EDGE('',*,*,#1172,.F.);
#1541=ORIENTED_EDGE('',*,*,#1173,.F.);
#1542=ORIENTED_EDGE('',*,*,#1174,.F.);
#1543=ORIENTED_EDGE('',*,*,#1175,.F.);
#1544=ORIENTED_EDGE('',*,*,#1176,.F.);
#1545=ORIENTED_EDGE('',*,*,#1177,.F.);
#1546=ORIENTED_EDGE('',*,*,#1178,.F.);
#1547=ORIENTED_EDGE('',*,*,#1179,.F.);
#1548=ORIENTED_EDGE('',*,*,#1180,.F.);
#1549=ORIENTED_EDGE('',*,*,#1118,.T.);
#1550=ORIENTED_EDGE('',*,*,#1181,.F.);
#1551=ORIENTED_EDGE('',*,*,#1182,.F.);
#1552=ORIENTED_EDGE('',*,*,#1183,.F.);
#1553=ORIENTED_EDGE('',*,*,#1184,.F.);
#1554=ORIENTED_EDGE('',*,*,#1115,.T.);
#1555=ORIENTED_EDGE('',*,*,#1112,.T.);
#1556=ORIENTED_EDGE('',*,*,#1109,.T.);
#1557=ORIENTED_EDGE('',*,*,#1106,.T.);
#1558=ORIENTED_EDGE('',*,*,#1144,.T.);
#1559=ORIENTED_EDGE('',*,*,#1185,.T.);
#1560=ORIENTED_EDGE('',*,*,#1186,.F.);
#1561=ORIENTED_EDGE('',*,*,#1187,.F.);
#1562=ORIENTED_EDGE('',*,*,#1141,.T.);
#1563=ORIENTED_EDGE('',*,*,#1188,.T.);
#1564=ORIENTED_EDGE('',*,*,#1189,.F.);
#1565=ORIENTED_EDGE('',*,*,#1190,.F.);
#1566=ORIENTED_EDGE('',*,*,#1138,.T.);
#1567=ORIENTED_EDGE('',*,*,#1191,.T.);
#1568=ORIENTED_EDGE('',*,*,#1192,.F.);
#1569=ORIENTED_EDGE('',*,*,#1193,.F.);
#1570=ORIENTED_EDGE('',*,*,#1194,.F.);
#1571=ORIENTED_EDGE('',*,*,#1195,.T.);
#1572=ORIENTED_EDGE('',*,*,#1139,.F.);
#1573=ORIENTED_EDGE('',*,*,#1193,.T.);
#1574=ORIENTED_EDGE('',*,*,#1196,.F.);
#1575=ORIENTED_EDGE('',*,*,#1188,.F.);
#1576=ORIENTED_EDGE('',*,*,#1140,.F.);
#1577=ORIENTED_EDGE('',*,*,#1195,.F.);
#1578=ORIENTED_EDGE('',*,*,#1197,.F.);
#1579=ORIENTED_EDGE('',*,*,#1198,.T.);
#1580=ORIENTED_EDGE('',*,*,#1142,.F.);
#1581=ORIENTED_EDGE('',*,*,#1190,.T.);
#1582=ORIENTED_EDGE('',*,*,#1199,.F.);
#1583=ORIENTED_EDGE('',*,*,#1185,.F.);
#1584=ORIENTED_EDGE('',*,*,#1143,.F.);
#1585=ORIENTED_EDGE('',*,*,#1198,.F.);
#1586=ORIENTED_EDGE('',*,*,#1200,.T.);
#1587=ORIENTED_EDGE('',*,*,#1201,.T.);
#1588=ORIENTED_EDGE('',*,*,#1202,.F.);
#1589=ORIENTED_EDGE('',*,*,#1203,.F.);
#1590=ORIENTED_EDGE('',*,*,#1204,.T.);
#1591=ORIENTED_EDGE('',*,*,#1202,.T.);
#1592=ORIENTED_EDGE('',*,*,#1205,.T.);
#1593=ORIENTED_EDGE('',*,*,#1186,.T.);
#1594=ORIENTED_EDGE('',*,*,#1199,.T.);
#1595=ORIENTED_EDGE('',*,*,#1189,.T.);
#1596=ORIENTED_EDGE('',*,*,#1196,.T.);
#1597=ORIENTED_EDGE('',*,*,#1192,.T.);
#1598=ORIENTED_EDGE('',*,*,#1183,.T.);
#1599=ORIENTED_EDGE('',*,*,#1206,.T.);
#1600=ORIENTED_EDGE('',*,*,#1207,.F.);
#1601=ORIENTED_EDGE('',*,*,#1208,.F.);
#1602=ORIENTED_EDGE('',*,*,#1182,.T.);
#1603=ORIENTED_EDGE('',*,*,#1209,.T.);
#1604=ORIENTED_EDGE('',*,*,#1210,.F.);
#1605=ORIENTED_EDGE('',*,*,#1206,.F.);
#1606=ORIENTED_EDGE('',*,*,#1184,.T.);
#1607=ORIENTED_EDGE('',*,*,#1208,.T.);
#1608=ORIENTED_EDGE('',*,*,#1211,.F.);
#1609=ORIENTED_EDGE('',*,*,#1212,.F.);
#1610=ORIENTED_EDGE('',*,*,#1181,.T.);
#1611=ORIENTED_EDGE('',*,*,#1212,.T.);
#1612=ORIENTED_EDGE('',*,*,#1213,.F.);
#1613=ORIENTED_EDGE('',*,*,#1209,.F.);
#1614=ORIENTED_EDGE('',*,*,#1213,.T.);
#1615=ORIENTED_EDGE('',*,*,#1211,.T.);
#1616=ORIENTED_EDGE('',*,*,#1207,.T.);
#1617=ORIENTED_EDGE('',*,*,#1210,.T.);
#1618=ORIENTED_EDGE('',*,*,#1179,.T.);
#1619=ORIENTED_EDGE('',*,*,#1214,.T.);
#1620=ORIENTED_EDGE('',*,*,#1215,.F.);
#1621=ORIENTED_EDGE('',*,*,#1216,.F.);
#1622=ORIENTED_EDGE('',*,*,#1178,.T.);
#1623=ORIENTED_EDGE('',*,*,#1217,.T.);
#1624=ORIENTED_EDGE('',*,*,#1218,.F.);
#1625=ORIENTED_EDGE('',*,*,#1214,.F.);
#1626=ORIENTED_EDGE('',*,*,#1180,.T.);
#1627=ORIENTED_EDGE('',*,*,#1216,.T.);
#1628=ORIENTED_EDGE('',*,*,#1219,.F.);
#1629=ORIENTED_EDGE('',*,*,#1220,.F.);
#1630=ORIENTED_EDGE('',*,*,#1177,.T.);
#1631=ORIENTED_EDGE('',*,*,#1220,.T.);
#1632=ORIENTED_EDGE('',*,*,#1221,.F.);
#1633=ORIENTED_EDGE('',*,*,#1217,.F.);
#1634=ORIENTED_EDGE('',*,*,#1221,.T.);
#1635=ORIENTED_EDGE('',*,*,#1219,.T.);
#1636=ORIENTED_EDGE('',*,*,#1215,.T.);
#1637=ORIENTED_EDGE('',*,*,#1218,.T.);
#1638=ORIENTED_EDGE('',*,*,#1163,.T.);
#1639=ORIENTED_EDGE('',*,*,#1222,.T.);
#1640=ORIENTED_EDGE('',*,*,#1223,.F.);
#1641=ORIENTED_EDGE('',*,*,#1224,.F.);
#1642=ORIENTED_EDGE('',*,*,#1162,.T.);
#1643=ORIENTED_EDGE('',*,*,#1225,.T.);
#1644=ORIENTED_EDGE('',*,*,#1226,.F.);
#1645=ORIENTED_EDGE('',*,*,#1222,.F.);
#1646=ORIENTED_EDGE('',*,*,#1164,.T.);
#1647=ORIENTED_EDGE('',*,*,#1224,.T.);
#1648=ORIENTED_EDGE('',*,*,#1227,.F.);
#1649=ORIENTED_EDGE('',*,*,#1228,.F.);
#1650=ORIENTED_EDGE('',*,*,#1161,.T.);
#1651=ORIENTED_EDGE('',*,*,#1228,.T.);
#1652=ORIENTED_EDGE('',*,*,#1229,.F.);
#1653=ORIENTED_EDGE('',*,*,#1225,.F.);
#1654=ORIENTED_EDGE('',*,*,#1229,.T.);
#1655=ORIENTED_EDGE('',*,*,#1227,.T.);
#1656=ORIENTED_EDGE('',*,*,#1223,.T.);
#1657=ORIENTED_EDGE('',*,*,#1226,.T.);
#1658=ORIENTED_EDGE('',*,*,#1171,.T.);
#1659=ORIENTED_EDGE('',*,*,#1230,.T.);
#1660=ORIENTED_EDGE('',*,*,#1231,.F.);
#1661=ORIENTED_EDGE('',*,*,#1232,.F.);
#1662=ORIENTED_EDGE('',*,*,#1170,.T.);
#1663=ORIENTED_EDGE('',*,*,#1233,.T.);
#1664=ORIENTED_EDGE('',*,*,#1234,.F.);
#1665=ORIENTED_EDGE('',*,*,#1230,.F.);
#1666=ORIENTED_EDGE('',*,*,#1172,.T.);
#1667=ORIENTED_EDGE('',*,*,#1232,.T.);
#1668=ORIENTED_EDGE('',*,*,#1235,.F.);
#1669=ORIENTED_EDGE('',*,*,#1236,.F.);
#1670=ORIENTED_EDGE('',*,*,#1169,.T.);
#1671=ORIENTED_EDGE('',*,*,#1236,.T.);
#1672=ORIENTED_EDGE('',*,*,#1237,.F.);
#1673=ORIENTED_EDGE('',*,*,#1233,.F.);
#1674=ORIENTED_EDGE('',*,*,#1237,.T.);
#1675=ORIENTED_EDGE('',*,*,#1235,.T.);
#1676=ORIENTED_EDGE('',*,*,#1231,.T.);
#1677=ORIENTED_EDGE('',*,*,#1234,.T.);
#1678=ORIENTED_EDGE('',*,*,#1175,.T.);
#1679=ORIENTED_EDGE('',*,*,#1238,.T.);
#1680=ORIENTED_EDGE('',*,*,#1239,.F.);
#1681=ORIENTED_EDGE('',*,*,#1240,.F.);
#1682=ORIENTED_EDGE('',*,*,#1174,.T.);
#1683=ORIENTED_EDGE('',*,*,#1241,.T.);
#1684=ORIENTED_EDGE('',*,*,#1242,.F.);
#1685=ORIENTED_EDGE('',*,*,#1238,.F.);
#1686=ORIENTED_EDGE('',*,*,#1176,.T.);
#1687=ORIENTED_EDGE('',*,*,#1240,.T.);
#1688=ORIENTED_EDGE('',*,*,#1243,.F.);
#1689=ORIENTED_EDGE('',*,*,#1244,.F.);
#1690=ORIENTED_EDGE('',*,*,#1173,.T.);
#1691=ORIENTED_EDGE('',*,*,#1244,.T.);
#1692=ORIENTED_EDGE('',*,*,#1245,.F.);
#1693=ORIENTED_EDGE('',*,*,#1241,.F.);
#1694=ORIENTED_EDGE('',*,*,#1245,.T.);
#1695=ORIENTED_EDGE('',*,*,#1243,.T.);
#1696=ORIENTED_EDGE('',*,*,#1239,.T.);
#1697=ORIENTED_EDGE('',*,*,#1242,.T.);
#1698=ORIENTED_EDGE('',*,*,#1155,.T.);
#1699=ORIENTED_EDGE('',*,*,#1246,.T.);
#1700=ORIENTED_EDGE('',*,*,#1247,.F.);
#1701=ORIENTED_EDGE('',*,*,#1248,.F.);
#1702=ORIENTED_EDGE('',*,*,#1154,.T.);
#1703=ORIENTED_EDGE('',*,*,#1249,.T.);
#1704=ORIENTED_EDGE('',*,*,#1250,.F.);
#1705=ORIENTED_EDGE('',*,*,#1246,.F.);
#1706=ORIENTED_EDGE('',*,*,#1156,.T.);
#1707=ORIENTED_EDGE('',*,*,#1248,.T.);
#1708=ORIENTED_EDGE('',*,*,#1251,.F.);
#1709=ORIENTED_EDGE('',*,*,#1252,.F.);
#1710=ORIENTED_EDGE('',*,*,#1153,.T.);
#1711=ORIENTED_EDGE('',*,*,#1252,.T.);
#1712=ORIENTED_EDGE('',*,*,#1253,.F.);
#1713=ORIENTED_EDGE('',*,*,#1249,.F.);
#1714=ORIENTED_EDGE('',*,*,#1253,.T.);
#1715=ORIENTED_EDGE('',*,*,#1251,.T.);
#1716=ORIENTED_EDGE('',*,*,#1247,.T.);
#1717=ORIENTED_EDGE('',*,*,#1250,.T.);
#1718=ORIENTED_EDGE('',*,*,#1152,.T.);
#1719=ORIENTED_EDGE('',*,*,#1254,.T.);
#1720=ORIENTED_EDGE('',*,*,#1255,.F.);
#1721=ORIENTED_EDGE('',*,*,#1256,.F.);
#1722=ORIENTED_EDGE('',*,*,#1149,.T.);
#1723=ORIENTED_EDGE('',*,*,#1257,.T.);
#1724=ORIENTED_EDGE('',*,*,#1258,.F.);
#1725=ORIENTED_EDGE('',*,*,#1259,.F.);
#1726=ORIENTED_EDGE('',*,*,#1146,.T.);
#1727=ORIENTED_EDGE('',*,*,#1260,.T.);
#1728=ORIENTED_EDGE('',*,*,#1261,.F.);
#1729=ORIENTED_EDGE('',*,*,#1262,.F.);
#1730=ORIENTED_EDGE('',*,*,#1263,.T.);
#1731=ORIENTED_EDGE('',*,*,#1203,.T.);
#1732=ORIENTED_EDGE('',*,*,#1204,.F.);
#1733=ORIENTED_EDGE('',*,*,#1191,.F.);
#1734=ORIENTED_EDGE('',*,*,#1137,.F.);
#1735=ORIENTED_EDGE('',*,*,#1256,.T.);
#1736=ORIENTED_EDGE('',*,*,#1264,.F.);
#1737=ORIENTED_EDGE('',*,*,#1265,.F.);
#1738=ORIENTED_EDGE('',*,*,#1266,.F.);
#1739=ORIENTED_EDGE('',*,*,#1265,.T.);
#1740=ORIENTED_EDGE('',*,*,#1267,.F.);
#1741=ORIENTED_EDGE('',*,*,#1268,.F.);
#1742=ORIENTED_EDGE('',*,*,#1269,.T.);
#1743=ORIENTED_EDGE('',*,*,#1268,.T.);
#1744=ORIENTED_EDGE('',*,*,#1270,.F.);
#1745=ORIENTED_EDGE('',*,*,#1260,.F.);
#1746=ORIENTED_EDGE('',*,*,#1145,.F.);
#1747=ORIENTED_EDGE('',*,*,#1187,.T.);
#1748=ORIENTED_EDGE('',*,*,#1205,.F.);
#1749=ORIENTED_EDGE('',*,*,#1201,.F.);
#1750=ORIENTED_EDGE('',*,*,#1271,.F.);
#1751=ORIENTED_EDGE('',*,*,#1272,.T.);
#1752=ORIENTED_EDGE('',*,*,#1147,.F.);
#1753=ORIENTED_EDGE('',*,*,#1262,.T.);
#1754=ORIENTED_EDGE('',*,*,#1273,.F.);
#1755=ORIENTED_EDGE('',*,*,#1257,.F.);
#1756=ORIENTED_EDGE('',*,*,#1148,.F.);
#1757=ORIENTED_EDGE('',*,*,#1272,.F.);
#1758=ORIENTED_EDGE('',*,*,#1274,.F.);
#1759=ORIENTED_EDGE('',*,*,#1275,.T.);
#1760=ORIENTED_EDGE('',*,*,#1150,.F.);
#1761=ORIENTED_EDGE('',*,*,#1259,.T.);
#1762=ORIENTED_EDGE('',*,*,#1276,.F.);
#1763=ORIENTED_EDGE('',*,*,#1254,.F.);
#1764=ORIENTED_EDGE('',*,*,#1151,.F.);
#1765=ORIENTED_EDGE('',*,*,#1275,.F.);
#1766=ORIENTED_EDGE('',*,*,#1255,.T.);
#1767=ORIENTED_EDGE('',*,*,#1276,.T.);
#1768=ORIENTED_EDGE('',*,*,#1258,.T.);
#1769=ORIENTED_EDGE('',*,*,#1273,.T.);
#1770=ORIENTED_EDGE('',*,*,#1261,.T.);
#1771=ORIENTED_EDGE('',*,*,#1270,.T.);
#1772=ORIENTED_EDGE('',*,*,#1267,.T.);
#1773=ORIENTED_EDGE('',*,*,#1264,.T.);
#1774=ORIENTED_EDGE('',*,*,#1167,.T.);
#1775=ORIENTED_EDGE('',*,*,#1277,.T.);
#1776=ORIENTED_EDGE('',*,*,#1278,.F.);
#1777=ORIENTED_EDGE('',*,*,#1279,.F.);
#1778=ORIENTED_EDGE('',*,*,#1166,.T.);
#1779=ORIENTED_EDGE('',*,*,#1280,.T.);
#1780=ORIENTED_EDGE('',*,*,#1281,.F.);
#1781=ORIENTED_EDGE('',*,*,#1277,.F.);
#1782=ORIENTED_EDGE('',*,*,#1168,.T.);
#1783=ORIENTED_EDGE('',*,*,#1279,.T.);
#1784=ORIENTED_EDGE('',*,*,#1282,.F.);
#1785=ORIENTED_EDGE('',*,*,#1283,.F.);
#1786=ORIENTED_EDGE('',*,*,#1165,.T.);
#1787=ORIENTED_EDGE('',*,*,#1283,.T.);
#1788=ORIENTED_EDGE('',*,*,#1284,.F.);
#1789=ORIENTED_EDGE('',*,*,#1280,.F.);
#1790=ORIENTED_EDGE('',*,*,#1284,.T.);
#1791=ORIENTED_EDGE('',*,*,#1282,.T.);
#1792=ORIENTED_EDGE('',*,*,#1278,.T.);
#1793=ORIENTED_EDGE('',*,*,#1281,.T.);
#1794=ORIENTED_EDGE('',*,*,#1159,.T.);
#1795=ORIENTED_EDGE('',*,*,#1285,.T.);
#1796=ORIENTED_EDGE('',*,*,#1286,.F.);
#1797=ORIENTED_EDGE('',*,*,#1287,.F.);
#1798=ORIENTED_EDGE('',*,*,#1158,.T.);
#1799=ORIENTED_EDGE('',*,*,#1288,.T.);
#1800=ORIENTED_EDGE('',*,*,#1289,.F.);
#1801=ORIENTED_EDGE('',*,*,#1285,.F.);
#1802=ORIENTED_EDGE('',*,*,#1160,.T.);
#1803=ORIENTED_EDGE('',*,*,#1287,.T.);
#1804=ORIENTED_EDGE('',*,*,#1290,.F.);
#1805=ORIENTED_EDGE('',*,*,#1291,.F.);
#1806=ORIENTED_EDGE('',*,*,#1157,.T.);
#1807=ORIENTED_EDGE('',*,*,#1291,.T.);
#1808=ORIENTED_EDGE('',*,*,#1292,.F.);
#1809=ORIENTED_EDGE('',*,*,#1288,.F.);
#1810=ORIENTED_EDGE('',*,*,#1292,.T.);
#1811=ORIENTED_EDGE('',*,*,#1290,.T.);
#1812=ORIENTED_EDGE('',*,*,#1286,.T.);
#1813=ORIENTED_EDGE('',*,*,#1289,.T.);
#1814=ORIENTED_EDGE('',*,*,#1263,.F.);
#1815=ORIENTED_EDGE('',*,*,#1266,.T.);
#1816=ORIENTED_EDGE('',*,*,#1269,.F.);
#1817=ORIENTED_EDGE('',*,*,#1200,.F.);
#1818=ORIENTED_EDGE('',*,*,#1274,.T.);
#1819=ORIENTED_EDGE('',*,*,#1194,.T.);
#1820=ORIENTED_EDGE('',*,*,#1134,.F.);
#1821=ORIENTED_EDGE('',*,*,#1131,.F.);
#1822=ORIENTED_EDGE('',*,*,#1128,.F.);
#1823=ORIENTED_EDGE('',*,*,#1125,.F.);
#1824=ORIENTED_EDGE('',*,*,#1122,.F.);
#1825=ORIENTED_EDGE('',*,*,#1119,.F.);
#1826=ORIENTED_EDGE('',*,*,#1116,.F.);
#1827=ORIENTED_EDGE('',*,*,#1113,.F.);
#1828=ORIENTED_EDGE('',*,*,#1110,.F.);
#1829=ORIENTED_EDGE('',*,*,#1107,.F.);
#1830=ORIENTED_EDGE('',*,*,#1104,.F.);
#1831=ORIENTED_EDGE('',*,*,#1197,.T.);
#1832=ORIENTED_EDGE('',*,*,#1271,.T.);
#1833=PLANE('',#2011);
#1834=PLANE('',#2012);
#1835=PLANE('',#2028);
#1836=PLANE('',#2029);
#1837=PLANE('',#2030);
#1838=PLANE('',#2036);
#1839=PLANE('',#2038);
#1840=PLANE('',#2043);
#1841=PLANE('',#2076);
#1842=PLANE('',#2077);
#1843=PLANE('',#2111);
#1844=PLANE('',#2120);
#1845=PLANE('',#2121);
#1846=PLANE('',#2122);
#1847=PLANE('',#2129);
#1848=PLANE('',#2130);
#1849=PLANE('',#2131);
#1850=PLANE('',#2132);
#1851=PLANE('',#2133);
#1852=PLANE('',#2134);
#1853=PLANE('',#2135);
#1854=PLANE('',#2136);
#1855=PLANE('',#2137);
#1856=PLANE('',#2138);
#1857=PLANE('',#2139);
#1858=PLANE('',#2140);
#1859=PLANE('',#2141);
#1860=PLANE('',#2142);
#1861=PLANE('',#2143);
#1862=PLANE('',#2144);
#1863=PLANE('',#2145);
#1864=PLANE('',#2146);
#1865=PLANE('',#2147);
#1866=PLANE('',#2148);
#1867=PLANE('',#2149);
#1868=PLANE('',#2150);
#1869=PLANE('',#2151);
#1870=PLANE('',#2152);
#1871=PLANE('',#2153);
#1872=PLANE('',#2154);
#1873=PLANE('',#2155);
#1874=PLANE('',#2156);
#1875=PLANE('',#2157);
#1876=PLANE('',#2158);
#1877=PLANE('',#2159);
#1878=PLANE('',#2160);
#1879=PLANE('',#2161);
#1880=PLANE('',#2162);
#1881=PLANE('',#2163);
#1882=PLANE('',#2164);
#1883=PLANE('',#2165);
#1884=PLANE('',#2166);
#1885=PLANE('',#2173);
#1886=PLANE('',#2174);
#1887=PLANE('',#2175);
#1888=PLANE('',#2176);
#1889=PLANE('',#2177);
#1890=PLANE('',#2178);
#1891=PLANE('',#2179);
#1892=PLANE('',#2180);
#1893=PLANE('',#2181);
#1894=PLANE('',#2182);
#1895=PLANE('',#2183);
#1896=PLANE('',#2184);
#1897=ADVANCED_FACE('',(#195),#1833,.F.);
#1898=ADVANCED_FACE('',(#196,#55,#56,#57,#58,#59,#60,#61,#62,#63,#64,#65,
#66,#67,#68,#69),#1834,.F.);
#1899=ADVANCED_FACE('',(#197),#1835,.F.);
#1900=ADVANCED_FACE('',(#198),#1836,.T.);
#1901=ADVANCED_FACE('',(#199),#1837,.F.);
#1902=ADVANCED_FACE('',(#200),#21,.T.);
#1903=ADVANCED_FACE('',(#201),#1838,.F.);
#1904=ADVANCED_FACE('',(#202),#1839,.T.);
#1905=ADVANCED_FACE('',(#203),#22,.T.);
#1906=ADVANCED_FACE('',(#204),#23,.T.);
#1907=ADVANCED_FACE('',(#205),#1840,.T.);
#1908=ADVANCED_FACE('',(#206),#24,.T.);
#1909=ADVANCED_FACE('',(#207),#25,.F.);
#1910=ADVANCED_FACE('',(#208),#26,.F.);
#1911=ADVANCED_FACE('',(#209),#27,.F.);
#1912=ADVANCED_FACE('',(#210),#28,.F.);
#1913=ADVANCED_FACE('',(#211),#29,.F.);
#1914=ADVANCED_FACE('',(#212),#30,.F.);
#1915=ADVANCED_FACE('',(#213),#31,.F.);
#1916=ADVANCED_FACE('',(#214),#32,.F.);
#1917=ADVANCED_FACE('',(#215),#33,.F.);
#1918=ADVANCED_FACE('',(#216),#34,.F.);
#1919=ADVANCED_FACE('',(#217),#35,.F.);
#1920=ADVANCED_FACE('',(#218),#36,.F.);
#1921=ADVANCED_FACE('',(#219),#37,.F.);
#1922=ADVANCED_FACE('',(#220),#38,.F.);
#1923=ADVANCED_FACE('',(#221),#39,.F.);
#1924=ADVANCED_FACE('',(#222),#1841,.T.);
#1925=ADVANCED_FACE('',(#223,#70,#71,#72,#73,#74,#75,#76,#77,#78,#79,#80,
#81,#82,#83,#84),#1842,.T.);
#1926=ADVANCED_FACE('',(#224),#40,.F.);
#1927=ADVANCED_FACE('',(#225),#41,.F.);
#1928=ADVANCED_FACE('',(#226),#42,.F.);
#1929=ADVANCED_FACE('',(#227),#43,.F.);
#1930=ADVANCED_FACE('',(#228),#44,.F.);
#1931=ADVANCED_FACE('',(#229),#45,.F.);
#1932=ADVANCED_FACE('',(#230),#46,.F.);
#1933=ADVANCED_FACE('',(#231),#47,.F.);
#1934=ADVANCED_FACE('',(#232),#48,.F.);
#1935=ADVANCED_FACE('',(#233),#49,.F.);
#1936=ADVANCED_FACE('',(#234),#50,.F.);
#1937=ADVANCED_FACE('',(#235,#85,#86,#87,#88,#89,#90,#91,#92,#93,#94,#95,
#96,#97,#98,#99,#100,#101,#102,#103),#1843,.T.);
#1938=ADVANCED_FACE('',(#236),#1844,.T.);
#1939=ADVANCED_FACE('',(#237),#1845,.T.);
#1940=ADVANCED_FACE('',(#238),#1846,.T.);
#1941=ADVANCED_FACE('',(#239),#51,.F.);
#1942=ADVANCED_FACE('',(#240),#52,.F.);
#1943=ADVANCED_FACE('',(#241),#1847,.T.);
#1944=ADVANCED_FACE('',(#242),#1848,.T.);
#1945=ADVANCED_FACE('',(#243),#1849,.T.);
#1946=ADVANCED_FACE('',(#244),#1850,.T.);
#1947=ADVANCED_FACE('',(#245),#1851,.T.);
#1948=ADVANCED_FACE('',(#246),#1852,.T.);
#1949=ADVANCED_FACE('',(#247),#1853,.T.);
#1950=ADVANCED_FACE('',(#248),#1854,.T.);
#1951=ADVANCED_FACE('',(#249),#1855,.T.);
#1952=ADVANCED_FACE('',(#250),#1856,.T.);
#1953=ADVANCED_FACE('',(#251),#1857,.T.);
#1954=ADVANCED_FACE('',(#252),#1858,.T.);
#1955=ADVANCED_FACE('',(#253),#1859,.T.);
#1956=ADVANCED_FACE('',(#254),#1860,.T.);
#1957=ADVANCED_FACE('',(#255),#1861,.T.);
#1958=ADVANCED_FACE('',(#256),#1862,.T.);
#1959=ADVANCED_FACE('',(#257),#1863,.T.);
#1960=ADVANCED_FACE('',(#258),#1864,.T.);
#1961=ADVANCED_FACE('',(#259),#1865,.T.);
#1962=ADVANCED_FACE('',(#260),#1866,.T.);
#1963=ADVANCED_FACE('',(#261),#1867,.T.);
#1964=ADVANCED_FACE('',(#262),#1868,.T.);
#1965=ADVANCED_FACE('',(#263),#1869,.T.);
#1966=ADVANCED_FACE('',(#264),#1870,.T.);
#1967=ADVANCED_FACE('',(#265),#1871,.T.);
#1968=ADVANCED_FACE('',(#266),#1872,.T.);
#1969=ADVANCED_FACE('',(#267),#1873,.T.);
#1970=ADVANCED_FACE('',(#268),#1874,.T.);
#1971=ADVANCED_FACE('',(#269),#1875,.T.);
#1972=ADVANCED_FACE('',(#270),#1876,.T.);
#1973=ADVANCED_FACE('',(#271),#1877,.T.);
#1974=ADVANCED_FACE('',(#272),#1878,.T.);
#1975=ADVANCED_FACE('',(#273),#1879,.T.);
#1976=ADVANCED_FACE('',(#274),#1880,.T.);
#1977=ADVANCED_FACE('',(#275),#1881,.T.);
#1978=ADVANCED_FACE('',(#276),#1882,.T.);
#1979=ADVANCED_FACE('',(#277),#1883,.T.);
#1980=ADVANCED_FACE('',(#278),#1884,.T.);
#1981=ADVANCED_FACE('',(#279),#53,.F.);
#1982=ADVANCED_FACE('',(#280),#54,.F.);
#1983=ADVANCED_FACE('',(#281),#1885,.T.);
#1984=ADVANCED_FACE('',(#282),#1886,.T.);
#1985=ADVANCED_FACE('',(#283),#1887,.T.);
#1986=ADVANCED_FACE('',(#284),#1888,.T.);
#1987=ADVANCED_FACE('',(#285),#1889,.T.);
#1988=ADVANCED_FACE('',(#286),#1890,.T.);
#1989=ADVANCED_FACE('',(#287),#1891,.T.);
#1990=ADVANCED_FACE('',(#288),#1892,.T.);
#1991=ADVANCED_FACE('',(#289),#1893,.T.);
#1992=ADVANCED_FACE('',(#290),#1894,.T.);
#1993=ADVANCED_FACE('',(#291),#1895,.T.);
#1994=ADVANCED_FACE('',(#292,#104,#105,#106,#107,#108,#109,#110,#111,#112,
#113,#114,#115,#116,#117,#118),#1896,.F.);
#1995=CLOSED_SHELL('',(#1897,#1898,#1899,#1900,#1901,#1902,#1903,#1904,
#1905,#1906,#1907,#1908,#1909,#1910,#1911,#1912,#1913,#1914,#1915,#1916,
#1917,#1918,#1919,#1920,#1921,#1922,#1923,#1924,#1925));
#1996=CLOSED_SHELL('',(#1926,#1927,#1928,#1929,#1930,#1931,#1932,#1933,
#1934,#1935,#1936,#1937,#1938,#1939,#1940,#1941,#1942,#1943,#1944,#1945,
#1946,#1947,#1948,#1949,#1950,#1951,#1952,#1953,#1954,#1955,#1956,#1957,
#1958,#1959,#1960,#1961,#1962,#1963,#1964,#1965,#1966,#1967,#1968,#1969,
#1970,#1971,#1972,#1973,#1974,#1975,#1976,#1977,#1978,#1979,#1980,#1981,
#1982,#1983,#1984,#1985,#1986,#1987,#1988,#1989,#1990,#1991,#1992,#1993,
#1994));
#1997=DERIVED_UNIT_ELEMENT(#1999,1.);
#1998=DERIVED_UNIT_ELEMENT(#3292,-3.);
#1999=(
MASS_UNIT()
NAMED_UNIT(*)
SI_UNIT(.KILO.,.GRAM.)
);
#2000=DERIVED_UNIT((#1997,#1998));
#2001=MEASURE_REPRESENTATION_ITEM('density measure',
POSITIVE_RATIO_MEASURE(7850.),#2000);
#2002=PROPERTY_DEFINITION_REPRESENTATION(#2007,#2004);
#2003=PROPERTY_DEFINITION_REPRESENTATION(#2008,#2005);
#2004=REPRESENTATION('material name',(#2006),#3289);
#2005=REPRESENTATION('density',(#2001),#3289);
#2006=DESCRIPTIVE_REPRESENTATION_ITEM('Steel','Steel');
#2007=PROPERTY_DEFINITION('material property','material name',#3304);
#2008=PROPERTY_DEFINITION('material property','density of part',#3304);
#2009=AXIS2_PLACEMENT_3D('',#2734,#2186,#2187);
#2010=AXIS2_PLACEMENT_3D('',#2735,#2188,#2189);
#2011=AXIS2_PLACEMENT_3D('',#2736,#2190,#2191);
#2012=AXIS2_PLACEMENT_3D('',#2745,#2196,#2197);
#2013=AXIS2_PLACEMENT_3D('',#2752,#2201,#2202);
#2014=AXIS2_PLACEMENT_3D('',#2754,#2203,#2204);
#2015=AXIS2_PLACEMENT_3D('',#2756,#2205,#2206);
#2016=AXIS2_PLACEMENT_3D('',#2758,#2207,#2208);
#2017=AXIS2_PLACEMENT_3D('',#2760,#2209,#2210);
#2018=AXIS2_PLACEMENT_3D('',#2762,#2211,#2212);
#2019=AXIS2_PLACEMENT_3D('',#2764,#2213,#2214);
#2020=AXIS2_PLACEMENT_3D('',#2766,#2215,#2216);
#2021=AXIS2_PLACEMENT_3D('',#2768,#2217,#2218);
#2022=AXIS2_PLACEMENT_3D('',#2770,#2219,#2220);
#2023=AXIS2_PLACEMENT_3D('',#2772,#2221,#2222);
#2024=AXIS2_PLACEMENT_3D('',#2774,#2223,#2224);
#2025=AXIS2_PLACEMENT_3D('',#2776,#2225,#2226);
#2026=AXIS2_PLACEMENT_3D('',#2778,#2227,#2228);
#2027=AXIS2_PLACEMENT_3D('',#2780,#2229,#2230);
#2028=AXIS2_PLACEMENT_3D('',#2781,#2231,#2232);
#2029=AXIS2_PLACEMENT_3D('',#2787,#2236,#2237);
#2030=AXIS2_PLACEMENT_3D('',#2797,#2243,#2244);
#2031=AXIS2_PLACEMENT_3D('',#2801,#2246,#2247);
#2032=AXIS2_PLACEMENT_3D('',#2804,#2249,#2250);
#2033=AXIS2_PLACEMENT_3D('',#2805,#2251,#2252);
#2034=AXIS2_PLACEMENT_3D('',#2807,#2253,#2254);
#2035=AXIS2_PLACEMENT_3D('',#2810,#2256,#2257);
#2036=AXIS2_PLACEMENT_3D('',#2811,#2258,#2259);
#2037=AXIS2_PLACEMENT_3D('',#2815,#2261,#2262);
#2038=AXIS2_PLACEMENT_3D('',#2817,#2264,#2265);
#2039=AXIS2_PLACEMENT_3D('',#2821,#2268,#2269);
#2040=AXIS2_PLACEMENT_3D('',#2823,#2270,#2271);
#2041=AXIS2_PLACEMENT_3D('',#2825,#2273,#2274);
#2042=AXIS2_PLACEMENT_3D('',#2827,#2275,#2276);
#2043=AXIS2_PLACEMENT_3D('',#2829,#2278,#2279);
#2044=AXIS2_PLACEMENT_3D('',#2833,#2282,#2283);
#2045=AXIS2_PLACEMENT_3D('',#2835,#2284,#2285);
#2046=AXIS2_PLACEMENT_3D('',#2837,#2287,#2288);
#2047=AXIS2_PLACEMENT_3D('',#2840,#2290,#2291);
#2048=AXIS2_PLACEMENT_3D('',#2841,#2292,#2293);
#2049=AXIS2_PLACEMENT_3D('',#2844,#2295,#2296);
#2050=AXIS2_PLACEMENT_3D('',#2845,#2297,#2298);
#2051=AXIS2_PLACEMENT_3D('',#2848,#2300,#2301);
#2052=AXIS2_PLACEMENT_3D('',#2849,#2302,#2303);
#2053=AXIS2_PLACEMENT_3D('',#2852,#2305,#2306);
#2054=AXIS2_PLACEMENT_3D('',#2853,#2307,#2308);
#2055=AXIS2_PLACEMENT_3D('',#2856,#2310,#2311);
#2056=AXIS2_PLACEMENT_3D('',#2857,#2312,#2313);
#2057=AXIS2_PLACEMENT_3D('',#2860,#2315,#2316);
#2058=AXIS2_PLACEMENT_3D('',#2861,#2317,#2318);
#2059=AXIS2_PLACEMENT_3D('',#2864,#2320,#2321);
#2060=AXIS2_PLACEMENT_3D('',#2865,#2322,#2323);
#2061=AXIS2_PLACEMENT_3D('',#2868,#2325,#2326);
#2062=AXIS2_PLACEMENT_3D('',#2869,#2327,#2328);
#2063=AXIS2_PLACEMENT_3D('',#2872,#2330,#2331);
#2064=AXIS2_PLACEMENT_3D('',#2873,#2332,#2333);
#2065=AXIS2_PLACEMENT_3D('',#2876,#2335,#2336);
#2066=AXIS2_PLACEMENT_3D('',#2877,#2337,#2338);
#2067=AXIS2_PLACEMENT_3D('',#2880,#2340,#2341);
#2068=AXIS2_PLACEMENT_3D('',#2881,#2342,#2343);
#2069=AXIS2_PLACEMENT_3D('',#2884,#2345,#2346);
#2070=AXIS2_PLACEMENT_3D('',#2885,#2347,#2348);
#2071=AXIS2_PLACEMENT_3D('',#2888,#2350,#2351);
#2072=AXIS2_PLACEMENT_3D('',#2889,#2352,#2353);
#2073=AXIS2_PLACEMENT_3D('',#2892,#2355,#2356);
#2074=AXIS2_PLACEMENT_3D('',#2893,#2357,#2358);
#2075=AXIS2_PLACEMENT_3D('',#2896,#2360,#2361);
#2076=AXIS2_PLACEMENT_3D('',#2897,#2362,#2363);
#2077=AXIS2_PLACEMENT_3D('',#2899,#2365,#2366);
#2078=AXIS2_PLACEMENT_3D('',#2900,#2367,#2368);
#2079=AXIS2_PLACEMENT_3D('',#2902,#2369,#2370);
#2080=AXIS2_PLACEMENT_3D('',#2905,#2372,#2373);
#2081=AXIS2_PLACEMENT_3D('',#2906,#2374,#2375);
#2082=AXIS2_PLACEMENT_3D('',#2908,#2376,#2377);
#2083=AXIS2_PLACEMENT_3D('',#2911,#2379,#2380);
#2084=AXIS2_PLACEMENT_3D('',#2912,#2381,#2382);
#2085=AXIS2_PLACEMENT_3D('',#2914,#2383,#2384);
#2086=AXIS2_PLACEMENT_3D('',#2917,#2386,#2387);
#2087=AXIS2_PLACEMENT_3D('',#2918,#2388,#2389);
#2088=AXIS2_PLACEMENT_3D('',#2920,#2390,#2391);
#2089=AXIS2_PLACEMENT_3D('',#2923,#2393,#2394);
#2090=AXIS2_PLACEMENT_3D('',#2924,#2395,#2396);
#2091=AXIS2_PLACEMENT_3D('',#2926,#2397,#2398);
#2092=AXIS2_PLACEMENT_3D('',#2929,#2400,#2401);
#2093=AXIS2_PLACEMENT_3D('',#2930,#2402,#2403);
#2094=AXIS2_PLACEMENT_3D('',#2932,#2404,#2405);
#2095=AXIS2_PLACEMENT_3D('',#2935,#2407,#2408);
#2096=AXIS2_PLACEMENT_3D('',#2936,#2409,#2410);
#2097=AXIS2_PLACEMENT_3D('',#2938,#2411,#2412);
#2098=AXIS2_PLACEMENT_3D('',#2941,#2414,#2415);
#2099=AXIS2_PLACEMENT_3D('',#2942,#2416,#2417);
#2100=AXIS2_PLACEMENT_3D('',#2944,#2418,#2419);
#2101=AXIS2_PLACEMENT_3D('',#2947,#2421,#2422);
#2102=AXIS2_PLACEMENT_3D('',#2948,#2423,#2424);
#2103=AXIS2_PLACEMENT_3D('',#2950,#2425,#2426);
#2104=AXIS2_PLACEMENT_3D('',#2953,#2428,#2429);
#2105=AXIS2_PLACEMENT_3D('',#2954,#2430,#2431);
#2106=AXIS2_PLACEMENT_3D('',#2956,#2432,#2433);
#2107=AXIS2_PLACEMENT_3D('',#2959,#2435,#2436);
#2108=AXIS2_PLACEMENT_3D('',#2960,#2437,#2438);
#2109=AXIS2_PLACEMENT_3D('',#2962,#2439,#2440);
#2110=AXIS2_PLACEMENT_3D('',#2965,#2442,#2443);
#2111=AXIS2_PLACEMENT_3D('',#2966,#2444,#2445);
#2112=AXIS2_PLACEMENT_3D('',#2973,#2448,#2449);
#2113=AXIS2_PLACEMENT_3D('',#2975,#2450,#2451);
#2114=AXIS2_PLACEMENT_3D('',#2979,#2453,#2454);
#2115=AXIS2_PLACEMENT_3D('',#2981,#2455,#2456);
#2116=AXIS2_PLACEMENT_3D('',#2989,#2460,#2461);
#2117=AXIS2_PLACEMENT_3D('',#2991,#2462,#2463);
#2118=AXIS2_PLACEMENT_3D('',#2995,#2465,#2466);
#2119=AXIS2_PLACEMENT_3D('',#2997,#2467,#2468);
#2120=AXIS2_PLACEMENT_3D('',#3063,#2502,#2503);
#2121=AXIS2_PLACEMENT_3D('',#3069,#2507,#2508);
#2122=AXIS2_PLACEMENT_3D('',#3075,#2512,#2513);
#2123=AXIS2_PLACEMENT_3D('',#3081,#2517,#2518);
#2124=AXIS2_PLACEMENT_3D('',#3083,#2519,#2520);
#2125=AXIS2_PLACEMENT_3D('',#3085,#2522,#2523);
#2126=AXIS2_PLACEMENT_3D('',#3086,#2524,#2525);
#2127=AXIS2_PLACEMENT_3D('',#3088,#2526,#2527);
#2128=AXIS2_PLACEMENT_3D('',#3090,#2529,#2530);
#2129=AXIS2_PLACEMENT_3D('',#3091,#2531,#2532);
#2130=AXIS2_PLACEMENT_3D('',#3100,#2537,#2538);
#2131=AXIS2_PLACEMENT_3D('',#3103,#2541,#2542);
#2132=AXIS2_PLACEMENT_3D('',#3109,#2546,#2547);
#2133=AXIS2_PLACEMENT_3D('',#3113,#2550,#2551);
#2134=AXIS2_PLACEMENT_3D('',#3117,#2554,#2555);
#2135=AXIS2_PLACEMENT_3D('',#3119,#2557,#2558);
#2136=AXIS2_PLACEMENT_3D('',#3120,#2559,#2560);
#2137=AXIS2_PLACEMENT_3D('',#3126,#2564,#2565);
#2138=AXIS2_PLACEMENT_3D('',#3130,#2568,#2569);
#2139=AXIS2_PLACEMENT_3D('',#3134,#2572,#2573);
#2140=AXIS2_PLACEMENT_3D('',#3136,#2575,#2576);
#2141=AXIS2_PLACEMENT_3D('',#3137,#2577,#2578);
#2142=AXIS2_PLACEMENT_3D('',#3143,#2582,#2583);
#2143=AXIS2_PLACEMENT_3D('',#3147,#2586,#2587);
#2144=AXIS2_PLACEMENT_3D('',#3151,#2590,#2591);
#2145=AXIS2_PLACEMENT_3D('',#3153,#2593,#2594);
#2146=AXIS2_PLACEMENT_3D('',#3154,#2595,#2596);
#2147=AXIS2_PLACEMENT_3D('',#3160,#2600,#2601);
#2148=AXIS2_PLACEMENT_3D('',#3164,#2604,#2605);
#2149=AXIS2_PLACEMENT_3D('',#3168,#2608,#2609);
#2150=AXIS2_PLACEMENT_3D('',#3170,#2611,#2612);
#2151=AXIS2_PLACEMENT_3D('',#3171,#2613,#2614);
#2152=AXIS2_PLACEMENT_3D('',#3177,#2618,#2619);
#2153=AXIS2_PLACEMENT_3D('',#3181,#2622,#2623);
#2154=AXIS2_PLACEMENT_3D('',#3185,#2626,#2627);
#2155=AXIS2_PLACEMENT_3D('',#3187,#2629,#2630);
#2156=AXIS2_PLACEMENT_3D('',#3188,#2631,#2632);
#2157=AXIS2_PLACEMENT_3D('',#3194,#2636,#2637);
#2158=AXIS2_PLACEMENT_3D('',#3198,#2640,#2641);
#2159=AXIS2_PLACEMENT_3D('',#3202,#2644,#2645);
#2160=AXIS2_PLACEMENT_3D('',#3204,#2647,#2648);
#2161=AXIS2_PLACEMENT_3D('',#3205,#2649,#2650);
#2162=AXIS2_PLACEMENT_3D('',#3211,#2654,#2655);
#2163=AXIS2_PLACEMENT_3D('',#3217,#2659,#2660);
#2164=AXIS2_PLACEMENT_3D('',#3223,#2664,#2665);
#2165=AXIS2_PLACEMENT_3D('',#3229,#2669,#2670);
#2166=AXIS2_PLACEMENT_3D('',#3235,#2674,#2675);
#2167=AXIS2_PLACEMENT_3D('',#3238,#2678,#2679);
#2168=AXIS2_PLACEMENT_3D('',#3240,#2680,#2681);
#2169=AXIS2_PLACEMENT_3D('',#3242,#2683,#2684);
#2170=AXIS2_PLACEMENT_3D('',#3243,#2685,#2686);
#2171=AXIS2_PLACEMENT_3D('',#3245,#2687,#2688);
#2172=AXIS2_PLACEMENT_3D('',#3247,#2690,#2691);
#2173=AXIS2_PLACEMENT_3D('',#3248,#2692,#2693);
#2174=AXIS2_PLACEMENT_3D('',#3249,#2694,#2695);
#2175=AXIS2_PLACEMENT_3D('',#3255,#2699,#2700);
#2176=AXIS2_PLACEMENT_3D('',#3259,#2703,#2704);
#2177=AXIS2_PLACEMENT_3D('',#3263,#2707,#2708);
#2178=AXIS2_PLACEMENT_3D('',#3265,#2710,#2711);
#2179=AXIS2_PLACEMENT_3D('',#3266,#2712,#2713);
#2180=AXIS2_PLACEMENT_3D('',#3272,#2717,#2718);
#2181=AXIS2_PLACEMENT_3D('',#3276,#2721,#2722);
#2182=AXIS2_PLACEMENT_3D('',#3280,#2725,#2726);
#2183=AXIS2_PLACEMENT_3D('',#3282,#2728,#2729);
#2184=AXIS2_PLACEMENT_3D('',#3283,#2730,#2731);
#2185=AXIS2_PLACEMENT_3D('',#3284,#2732,#2733);
#2186=DIRECTION('axis',(0.,0.,1.));
#2187=DIRECTION('refdir',(1.,0.,0.));
#2188=DIRECTION('axis',(0.,0.,1.));
#2189=DIRECTION('refdir',(1.,0.,0.));
#2190=DIRECTION('center_axis',(0.,1.,0.));
#2191=DIRECTION('ref_axis',(0.,0.,-1.));
#2192=DIRECTION('',(0.,0.,-1.));
#2193=DIRECTION('',(-1.,0.,0.));
#2194=DIRECTION('',(0.,0.,1.));
#2195=DIRECTION('',(-1.,0.,0.));
#2196=DIRECTION('center_axis',(0.,0.,1.));
#2197=DIRECTION('ref_axis',(0.,1.,0.));
#2198=DIRECTION('',(0.,1.,0.));
#2199=DIRECTION('',(-1.,0.,0.));
#2200=DIRECTION('',(7.41693878663988E-17,-1.,0.));
#2201=DIRECTION('center_axis',(0.,0.,-1.));
#2202=DIRECTION('ref_axis',(1.,0.,0.));
#2203=DIRECTION('center_axis',(0.,0.,-1.));
#2204=DIRECTION('ref_axis',(1.,0.,0.));
#2205=DIRECTION('center_axis',(0.,0.,-1.));
#2206=DIRECTION('ref_axis',(1.,0.,0.));
#2207=DIRECTION('center_axis',(0.,0.,-1.));
#2208=DIRECTION('ref_axis',(1.,0.,0.));
#2209=DIRECTION('center_axis',(0.,0.,-1.));
#2210=DIRECTION('ref_axis',(1.,0.,0.));
#2211=DIRECTION('center_axis',(0.,0.,-1.));
#2212=DIRECTION('ref_axis',(1.,0.,0.));
#2213=DIRECTION('center_axis',(0.,0.,-1.));
#2214=DIRECTION('ref_axis',(1.,0.,0.));
#2215=DIRECTION('center_axis',(0.,0.,-1.));
#2216=DIRECTION('ref_axis',(1.,0.,0.));
#2217=DIRECTION('center_axis',(0.,0.,-1.));
#2218=DIRECTION('ref_axis',(1.,0.,0.));
#2219=DIRECTION('center_axis',(0.,0.,-1.));
#2220=DIRECTION('ref_axis',(1.,0.,0.));
#2221=DIRECTION('center_axis',(0.,0.,-1.));
#2222=DIRECTION('ref_axis',(1.,0.,0.));
#2223=DIRECTION('center_axis',(0.,0.,-1.));
#2224=DIRECTION('ref_axis',(1.,0.,0.));
#2225=DIRECTION('center_axis',(0.,0.,-1.));
#2226=DIRECTION('ref_axis',(1.,0.,0.));
#2227=DIRECTION('center_axis',(0.,0.,-1.));
#2228=DIRECTION('ref_axis',(1.,0.,0.));
#2229=DIRECTION('center_axis',(0.,0.,-1.));
#2230=DIRECTION('ref_axis',(1.,0.,0.));
#2231=DIRECTION('center_axis',(0.,-1.,0.));
#2232=DIRECTION('ref_axis',(0.,0.,1.));
#2233=DIRECTION('',(0.,0.,1.));
#2234=DIRECTION('',(1.,0.,0.));
#2235=DIRECTION('',(0.,0.,-1.));
#2236=DIRECTION('center_axis',(-1.,-7.41693878663988E-17,0.));
#2237=DIRECTION('ref_axis',(7.41693878663988E-17,-1.,0.));
#2238=DIRECTION('',(-7.41693878663988E-17,1.,0.));
#2239=DIRECTION('',(0.,0.,-1.));
#2240=DIRECTION('',(7.41693878663988E-17,-1.,0.));
#2241=DIRECTION('',(0.,0.,1.));
#2242=DIRECTION('',(-7.41693878663988E-17,1.,0.));
#2243=DIRECTION('center_axis',(0.,0.,1.));
#2244=DIRECTION('ref_axis',(1.,0.,0.));
#2245=DIRECTION('',(0.,-1.,0.));
#2246=DIRECTION('center_axis',(0.,0.,1.));
#2247=DIRECTION('ref_axis',(0.707106781186549,-0.707106781186546,0.));
#2248=DIRECTION('',(-1.,0.,0.));
#2249=DIRECTION('center_axis',(0.,0.,1.));
#2250=DIRECTION('ref_axis',(-0.707106781186549,-0.707106781186546,0.));
#2251=DIRECTION('center_axis',(0.,0.,1.));
#2252=DIRECTION('ref_axis',(-0.707106781186549,0.707106781186546,0.));
#2253=DIRECTION('center_axis',(0.,0.,-1.));
#2254=DIRECTION('ref_axis',(-0.707106781186549,0.707106781186546,0.));
#2255=DIRECTION('',(0.,0.,-1.));
#2256=DIRECTION('center_axis',(0.,0.,1.));
#2257=DIRECTION('ref_axis',(-0.707106781186549,0.707106781186546,0.));
#2258=DIRECTION('center_axis',(0.,0.,1.));
#2259=DIRECTION('ref_axis',(1.,0.,0.));
#2260=DIRECTION('',(1.,0.,0.));
#2261=DIRECTION('center_axis',(0.,0.,1.));
#2262=DIRECTION('ref_axis',(0.707106781186549,0.707106781186546,0.));
#2263=DIRECTION('',(0.,-1.,0.));
#2264=DIRECTION('center_axis',(0.,1.,0.));
#2265=DIRECTION('ref_axis',(-1.,0.,0.));
#2266=DIRECTION('',(-1.,0.,0.));
#2267=DIRECTION('',(0.,0.,1.));
#2268=DIRECTION('center_axis',(0.,0.,1.));
#2269=DIRECTION('ref_axis',(0.707106781186549,0.707106781186546,0.));
#2270=DIRECTION('center_axis',(0.,0.,-1.));
#2271=DIRECTION('ref_axis',(0.707106781186549,0.707106781186546,0.));
#2272=DIRECTION('',(0.,0.,-1.));
#2273=DIRECTION('center_axis',(0.,0.,1.));
#2274=DIRECTION('ref_axis',(-0.707106781186549,-0.707106781186546,0.));
#2275=DIRECTION('center_axis',(0.,0.,-1.));
#2276=DIRECTION('ref_axis',(-0.707106781186549,-0.707106781186546,0.));
#2277=DIRECTION('',(0.,0.,1.));
#2278=DIRECTION('center_axis',(0.,-1.,0.));
#2279=DIRECTION('ref_axis',(1.,0.,0.));
#2280=DIRECTION('',(0.,0.,-1.));
#2281=DIRECTION('',(1.,0.,0.));
#2282=DIRECTION('center_axis',(0.,0.,1.));
#2283=DIRECTION('ref_axis',(0.707106781186549,-0.707106781186546,0.));
#2284=DIRECTION('center_axis',(0.,0.,-1.));
#2285=DIRECTION('ref_axis',(0.707106781186549,-0.707106781186546,0.));
#2286=DIRECTION('',(0.,0.,1.));
#2287=DIRECTION('center_axis',(0.,0.,1.));
#2288=DIRECTION('ref_axis',(1.,0.,0.));
#2289=DIRECTION('',(0.,0.,1.));
#2290=DIRECTION('center_axis',(0.,0.,-1.));
#2291=DIRECTION('ref_axis',(1.,0.,0.));
#2292=DIRECTION('center_axis',(0.,0.,1.));
#2293=DIRECTION('ref_axis',(1.,0.,0.));
#2294=DIRECTION('',(0.,0.,1.));
#2295=DIRECTION('center_axis',(0.,0.,-1.));
#2296=DIRECTION('ref_axis',(1.,0.,0.));
#2297=DIRECTION('center_axis',(0.,0.,1.));
#2298=DIRECTION('ref_axis',(1.,0.,0.));
#2299=DIRECTION('',(0.,0.,1.));
#2300=DIRECTION('center_axis',(0.,0.,-1.));
#2301=DIRECTION('ref_axis',(1.,0.,0.));
#2302=DIRECTION('center_axis',(0.,0.,1.));
#2303=DIRECTION('ref_axis',(1.,0.,0.));
#2304=DIRECTION('',(0.,0.,1.));
#2305=DIRECTION('center_axis',(0.,0.,-1.));
#2306=DIRECTION('ref_axis',(1.,0.,0.));
#2307=DIRECTION('center_axis',(0.,0.,1.));
#2308=DIRECTION('ref_axis',(1.,0.,0.));
#2309=DIRECTION('',(0.,0.,1.));
#2310=DIRECTION('center_axis',(0.,0.,-1.));
#2311=DIRECTION('ref_axis',(1.,0.,0.));
#2312=DIRECTION('center_axis',(0.,0.,1.));
#2313=DIRECTION('ref_axis',(1.,0.,0.));
#2314=DIRECTION('',(0.,0.,1.));
#2315=DIRECTION('center_axis',(0.,0.,-1.));
#2316=DIRECTION('ref_axis',(1.,0.,0.));
#2317=DIRECTION('center_axis',(0.,0.,1.));
#2318=DIRECTION('ref_axis',(1.,0.,0.));
#2319=DIRECTION('',(0.,0.,1.));
#2320=DIRECTION('center_axis',(0.,0.,-1.));
#2321=DIRECTION('ref_axis',(1.,0.,0.));
#2322=DIRECTION('center_axis',(0.,0.,1.));
#2323=DIRECTION('ref_axis',(1.,0.,0.));
#2324=DIRECTION('',(0.,0.,1.));
#2325=DIRECTION('center_axis',(0.,0.,-1.));
#2326=DIRECTION('ref_axis',(1.,0.,0.));
#2327=DIRECTION('center_axis',(0.,0.,1.));
#2328=DIRECTION('ref_axis',(1.,0.,0.));
#2329=DIRECTION('',(0.,0.,1.));
#2330=DIRECTION('center_axis',(0.,0.,-1.));
#2331=DIRECTION('ref_axis',(1.,0.,0.));
#2332=DIRECTION('center_axis',(0.,0.,1.));
#2333=DIRECTION('ref_axis',(1.,0.,0.));
#2334=DIRECTION('',(0.,0.,1.));
#2335=DIRECTION('center_axis',(0.,0.,-1.));
#2336=DIRECTION('ref_axis',(1.,0.,0.));
#2337=DIRECTION('center_axis',(0.,0.,1.));
#2338=DIRECTION('ref_axis',(1.,0.,0.));
#2339=DIRECTION('',(0.,0.,1.));
#2340=DIRECTION('center_axis',(0.,0.,-1.));
#2341=DIRECTION('ref_axis',(1.,0.,0.));
#2342=DIRECTION('center_axis',(0.,0.,1.));
#2343=DIRECTION('ref_axis',(1.,0.,0.));
#2344=DIRECTION('',(0.,0.,1.));
#2345=DIRECTION('center_axis',(0.,0.,-1.));
#2346=DIRECTION('ref_axis',(1.,0.,0.));
#2347=DIRECTION('center_axis',(0.,0.,1.));
#2348=DIRECTION('ref_axis',(1.,0.,0.));
#2349=DIRECTION('',(0.,0.,1.));
#2350=DIRECTION('center_axis',(0.,0.,-1.));
#2351=DIRECTION('ref_axis',(1.,0.,0.));
#2352=DIRECTION('center_axis',(0.,0.,1.));
#2353=DIRECTION('ref_axis',(1.,0.,0.));
#2354=DIRECTION('',(0.,0.,1.));
#2355=DIRECTION('center_axis',(0.,0.,-1.));
#2356=DIRECTION('ref_axis',(1.,0.,0.));
#2357=DIRECTION('center_axis',(0.,0.,1.));
#2358=DIRECTION('ref_axis',(1.,0.,0.));
#2359=DIRECTION('',(0.,0.,1.));
#2360=DIRECTION('center_axis',(0.,0.,-1.));
#2361=DIRECTION('ref_axis',(1.,0.,0.));
#2362=DIRECTION('center_axis',(1.,0.,0.));
#2363=DIRECTION('ref_axis',(0.,1.,0.));
#2364=DIRECTION('',(0.,1.,0.));
#2365=DIRECTION('center_axis',(0.,0.,1.));
#2366=DIRECTION('ref_axis',(1.,0.,0.));
#2367=DIRECTION('center_axis',(0.,0.,-1.));
#2368=DIRECTION('ref_axis',(-1.,0.,0.));
#2369=DIRECTION('center_axis',(0.,0.,1.));
#2370=DIRECTION('ref_axis',(-1.,0.,0.));
#2371=DIRECTION('',(0.,0.,-1.));
#2372=DIRECTION('center_axis',(0.,0.,1.));
#2373=DIRECTION('ref_axis',(-1.,0.,0.));
#2374=DIRECTION('center_axis',(0.,0.,-1.));
#2375=DIRECTION('ref_axis',(-1.,0.,0.));
#2376=DIRECTION('center_axis',(0.,0.,1.));
#2377=DIRECTION('ref_axis',(-1.,0.,0.));
#2378=DIRECTION('',(0.,0.,-1.));
#2379=DIRECTION('center_axis',(0.,0.,1.));
#2380=DIRECTION('ref_axis',(-1.,0.,0.));
#2381=DIRECTION('center_axis',(0.,0.,-1.));
#2382=DIRECTION('ref_axis',(-1.,0.,0.));
#2383=DIRECTION('center_axis',(0.,0.,1.));
#2384=DIRECTION('ref_axis',(-1.,0.,0.));
#2385=DIRECTION('',(0.,0.,-1.));
#2386=DIRECTION('center_axis',(0.,0.,1.));
#2387=DIRECTION('ref_axis',(-1.,0.,0.));
#2388=DIRECTION('center_axis',(0.,0.,-1.));
#2389=DIRECTION('ref_axis',(-1.,0.,0.));
#2390=DIRECTION('center_axis',(0.,0.,1.));
#2391=DIRECTION('ref_axis',(-1.,0.,0.));
#2392=DIRECTION('',(0.,0.,-1.));
#2393=DIRECTION('center_axis',(0.,0.,1.));
#2394=DIRECTION('ref_axis',(-1.,0.,0.));
#2395=DIRECTION('center_axis',(0.,0.,-1.));
#2396=DIRECTION('ref_axis',(-1.,0.,0.));
#2397=DIRECTION('center_axis',(0.,0.,1.));
#2398=DIRECTION('ref_axis',(-1.,0.,0.));
#2399=DIRECTION('',(0.,0.,-1.));
#2400=DIRECTION('center_axis',(0.,0.,1.));
#2401=DIRECTION('ref_axis',(-1.,0.,0.));
#2402=DIRECTION('center_axis',(0.,0.,-1.));
#2403=DIRECTION('ref_axis',(-1.,0.,0.));
#2404=DIRECTION('center_axis',(0.,0.,1.));
#2405=DIRECTION('ref_axis',(-1.,0.,0.));
#2406=DIRECTION('',(0.,0.,-1.));
#2407=DIRECTION('center_axis',(0.,0.,1.));
#2408=DIRECTION('ref_axis',(-1.,0.,0.));
#2409=DIRECTION('center_axis',(0.,0.,-1.));
#2410=DIRECTION('ref_axis',(-1.,0.,0.));
#2411=DIRECTION('center_axis',(0.,0.,1.));
#2412=DIRECTION('ref_axis',(-1.,0.,0.));
#2413=DIRECTION('',(0.,0.,-1.));
#2414=DIRECTION('center_axis',(0.,0.,1.));
#2415=DIRECTION('ref_axis',(-1.,0.,0.));
#2416=DIRECTION('center_axis',(0.,0.,-1.));
#2417=DIRECTION('ref_axis',(-1.,0.,0.));
#2418=DIRECTION('center_axis',(0.,0.,1.));
#2419=DIRECTION('ref_axis',(-1.,0.,0.));
#2420=DIRECTION('',(0.,0.,-1.));
#2421=DIRECTION('center_axis',(0.,0.,1.));
#2422=DIRECTION('ref_axis',(-1.,0.,0.));
#2423=DIRECTION('center_axis',(0.,0.,-1.));
#2424=DIRECTION('ref_axis',(-1.,0.,0.));
#2425=DIRECTION('center_axis',(0.,0.,1.));
#2426=DIRECTION('ref_axis',(-1.,0.,0.));
#2427=DIRECTION('',(0.,0.,-1.));
#2428=DIRECTION('center_axis',(0.,0.,1.));
#2429=DIRECTION('ref_axis',(-1.,0.,0.));
#2430=DIRECTION('center_axis',(0.,0.,-1.));
#2431=DIRECTION('ref_axis',(-1.,0.,0.));
#2432=DIRECTION('center_axis',(0.,0.,1.));
#2433=DIRECTION('ref_axis',(-1.,0.,0.));
#2434=DIRECTION('',(0.,0.,-1.));
#2435=DIRECTION('center_axis',(0.,0.,1.));
#2436=DIRECTION('ref_axis',(-1.,0.,0.));
#2437=DIRECTION('center_axis',(0.,0.,-1.));
#2438=DIRECTION('ref_axis',(-1.,0.,0.));
#2439=DIRECTION('center_axis',(0.,0.,1.));
#2440=DIRECTION('ref_axis',(-1.,0.,0.));
#2441=DIRECTION('',(0.,0.,-1.));
#2442=DIRECTION('center_axis',(0.,0.,1.));
#2443=DIRECTION('ref_axis',(-1.,0.,0.));
#2444=DIRECTION('center_axis',(0.,0.,-1.));
#2445=DIRECTION('ref_axis',(-1.,0.,0.));
#2446=DIRECTION('',(0.,-1.,0.));
#2447=DIRECTION('',(1.,0.,0.));
#2448=DIRECTION('center_axis',(0.,0.,1.));
#2449=DIRECTION('ref_axis',(-1.,0.,0.));
#2450=DIRECTION('center_axis',(0.,0.,1.));
#2451=DIRECTION('ref_axis',(-1.,0.,0.));
#2452=DIRECTION('',(1.,0.,0.));
#2453=DIRECTION('center_axis',(0.,0.,1.));
#2454=DIRECTION('ref_axis',(-1.,0.,0.));
#2455=DIRECTION('center_axis',(0.,0.,1.));
#2456=DIRECTION('ref_axis',(-1.,0.,0.));
#2457=DIRECTION('',(1.,0.,0.));
#2458=DIRECTION('',(0.,1.,0.));
#2459=DIRECTION('',(-1.,0.,0.));
#2460=DIRECTION('center_axis',(0.,0.,1.));
#2461=DIRECTION('ref_axis',(-1.,0.,0.));
#2462=DIRECTION('center_axis',(0.,0.,1.));
#2463=DIRECTION('ref_axis',(-1.,0.,0.));
#2464=DIRECTION('',(-1.,0.,0.));
#2465=DIRECTION('center_axis',(0.,0.,1.));
#2466=DIRECTION('ref_axis',(-1.,0.,0.));
#2467=DIRECTION('center_axis',(0.,0.,1.));
#2468=DIRECTION('ref_axis',(-1.,0.,0.));
#2469=DIRECTION('',(-1.,0.,0.));
#2470=DIRECTION('',(0.,-1.,0.));
#2471=DIRECTION('',(1.,0.,0.));
#2472=DIRECTION('',(-3.94421986834831E-17,1.,0.));
#2473=DIRECTION('',(-1.,0.,0.));
#2474=DIRECTION('',(1.,0.,0.));
#2475=DIRECTION('',(0.,1.,0.));
#2476=DIRECTION('',(-1.,0.,0.));
#2477=DIRECTION('',(0.,-1.,0.));
#2478=DIRECTION('',(-1.,0.,0.));
#2479=DIRECTION('',(0.,-1.,0.));
#2480=DIRECTION('',(1.,0.,0.));
#2481=DIRECTION('',(-3.94421986834831E-17,1.,0.));
#2482=DIRECTION('',(-1.,0.,0.));
#2483=DIRECTION('',(0.,-1.,0.));
#2484=DIRECTION('',(1.,0.,0.));
#2485=DIRECTION('',(-3.94421986834831E-17,1.,0.));
#2486=DIRECTION('',(1.,0.,0.));
#2487=DIRECTION('',(0.,1.,0.));
#2488=DIRECTION('',(-1.,0.,0.));
#2489=DIRECTION('',(0.,-1.,0.));
#2490=DIRECTION('',(1.,0.,0.));
#2491=DIRECTION('',(0.,1.,0.));
#2492=DIRECTION('',(-1.,0.,0.));
#2493=DIRECTION('',(0.,-1.,0.));
#2494=DIRECTION('',(-1.,0.,0.));
#2495=DIRECTION('',(0.,-1.,0.));
#2496=DIRECTION('',(1.,0.,0.));
#2497=DIRECTION('',(-3.94421986834831E-17,1.,0.));
#2498=DIRECTION('',(0.,-1.,0.));
#2499=DIRECTION('',(1.,0.,0.));
#2500=DIRECTION('',(0.,1.,0.));
#2501=DIRECTION('',(-1.,0.,0.));
#2502=DIRECTION('center_axis',(0.,1.,0.));
#2503=DIRECTION('ref_axis',(1.,0.,0.));
#2504=DIRECTION('',(0.,0.,-1.));
#2505=DIRECTION('',(1.,0.,0.));
#2506=DIRECTION('',(0.,0.,-1.));
#2507=DIRECTION('center_axis',(0.,1.,0.));
#2508=DIRECTION('ref_axis',(1.,0.,0.));
#2509=DIRECTION('',(0.,0.,-1.));
#2510=DIRECTION('',(1.,0.,0.));
#2511=DIRECTION('',(0.,0.,-1.));
#2512=DIRECTION('center_axis',(0.,1.,0.));
#2513=DIRECTION('ref_axis',(1.,0.,0.));
#2514=DIRECTION('',(0.,0.,-1.));
#2515=DIRECTION('',(1.,0.,0.));
#2516=DIRECTION('',(0.,0.,-1.));
#2517=DIRECTION('center_axis',(0.,0.,-1.));
#2518=DIRECTION('ref_axis',(-1.,0.,0.));
#2519=DIRECTION('center_axis',(0.,0.,-1.));
#2520=DIRECTION('ref_axis',(-1.,0.,0.));
#2521=DIRECTION('',(0.,0.,-1.));
#2522=DIRECTION('center_axis',(0.,0.,1.));
#2523=DIRECTION('ref_axis',(-1.,0.,0.));
#2524=DIRECTION('center_axis',(0.,0.,-1.));
#2525=DIRECTION('ref_axis',(-1.,0.,0.));
#2526=DIRECTION('center_axis',(0.,0.,-1.));
#2527=DIRECTION('ref_axis',(-1.,0.,0.));
#2528=DIRECTION('',(0.,0.,-1.));
#2529=DIRECTION('center_axis',(0.,0.,1.));
#2530=DIRECTION('ref_axis',(-1.,0.,0.));
#2531=DIRECTION('center_axis',(0.,-1.,0.));
#2532=DIRECTION('ref_axis',(-1.,0.,0.));
#2533=DIRECTION('',(-1.,0.,0.));
#2534=DIRECTION('',(0.,0.,-1.));
#2535=DIRECTION('',(-1.,0.,0.));
#2536=DIRECTION('',(0.,0.,-1.));
#2537=DIRECTION('center_axis',(0.,0.,-1.));
#2538=DIRECTION('ref_axis',(-1.,0.,0.));
#2539=DIRECTION('',(0.,-1.,0.));
#2540=DIRECTION('',(0.,1.,0.));
#2541=DIRECTION('center_axis',(-1.,0.,0.));
#2542=DIRECTION('ref_axis',(0.,1.,0.));
#2543=DIRECTION('',(0.,0.,-1.));
#2544=DIRECTION('',(0.,1.,0.));
#2545=DIRECTION('',(0.,0.,-1.));
#2546=DIRECTION('center_axis',(0.,1.,0.));
#2547=DIRECTION('ref_axis',(1.,0.,0.));
#2548=DIRECTION('',(0.,0.,-1.));
#2549=DIRECTION('',(1.,0.,0.));
#2550=DIRECTION('center_axis',(0.,-1.,0.));
#2551=DIRECTION('ref_axis',(-1.,0.,0.));
#2552=DIRECTION('',(-1.,0.,0.));
#2553=DIRECTION('',(0.,0.,-1.));
#2554=DIRECTION('center_axis',(1.,0.,0.));
#2555=DIRECTION('ref_axis',(0.,-1.,0.));
#2556=DIRECTION('',(0.,-1.,0.));
#2557=DIRECTION('center_axis',(0.,0.,-1.));
#2558=DIRECTION('ref_axis',(-1.,0.,0.));
#2559=DIRECTION('center_axis',(0.,1.,0.));
#2560=DIRECTION('ref_axis',(1.,0.,0.));
#2561=DIRECTION('',(0.,0.,-1.));
#2562=DIRECTION('',(1.,0.,0.));
#2563=DIRECTION('',(0.,0.,-1.));
#2564=DIRECTION('center_axis',(1.,0.,0.));
#2565=DIRECTION('ref_axis',(0.,-1.,0.));
#2566=DIRECTION('',(0.,0.,-1.));
#2567=DIRECTION('',(0.,-1.,0.));
#2568=DIRECTION('center_axis',(-1.,-3.94421986834831E-17,0.));
#2569=DIRECTION('ref_axis',(-3.94421986834831E-17,1.,0.));
#2570=DIRECTION('',(-3.94421986834831E-17,1.,0.));
#2571=DIRECTION('',(0.,0.,-1.));
#2572=DIRECTION('center_axis',(0.,-1.,0.));
#2573=DIRECTION('ref_axis',(-1.,0.,0.));
#2574=DIRECTION('',(-1.,0.,0.));
#2575=DIRECTION('center_axis',(0.,0.,-1.));
#2576=DIRECTION('ref_axis',(-1.,0.,0.));
#2577=DIRECTION('center_axis',(0.,1.,0.));
#2578=DIRECTION('ref_axis',(1.,0.,0.));
#2579=DIRECTION('',(0.,0.,-1.));
#2580=DIRECTION('',(1.,0.,0.));
#2581=DIRECTION('',(0.,0.,-1.));
#2582=DIRECTION('center_axis',(1.,0.,0.));
#2583=DIRECTION('ref_axis',(0.,-1.,0.));
#2584=DIRECTION('',(0.,0.,-1.));
#2585=DIRECTION('',(0.,-1.,0.));
#2586=DIRECTION('center_axis',(-1.,-3.94421986834831E-17,0.));
#2587=DIRECTION('ref_axis',(-3.94421986834831E-17,1.,0.));
#2588=DIRECTION('',(-3.94421986834831E-17,1.,0.));
#2589=DIRECTION('',(0.,0.,-1.));
#2590=DIRECTION('center_axis',(0.,-1.,0.));
#2591=DIRECTION('ref_axis',(-1.,0.,0.));
#2592=DIRECTION('',(-1.,0.,0.));
#2593=DIRECTION('center_axis',(0.,0.,-1.));
#2594=DIRECTION('ref_axis',(-1.,0.,0.));
#2595=DIRECTION('center_axis',(0.,-1.,0.));
#2596=DIRECTION('ref_axis',(-1.,0.,0.));
#2597=DIRECTION('',(0.,0.,-1.));
#2598=DIRECTION('',(-1.,0.,0.));
#2599=DIRECTION('',(0.,0.,-1.));
#2600=DIRECTION('center_axis',(-1.,0.,0.));
#2601=DIRECTION('ref_axis',(0.,1.,0.));
#2602=DIRECTION('',(0.,0.,-1.));
#2603=DIRECTION('',(0.,1.,0.));
#2604=DIRECTION('center_axis',(1.,0.,0.));
#2605=DIRECTION('ref_axis',(0.,-1.,0.));
#2606=DIRECTION('',(0.,-1.,0.));
#2607=DIRECTION('',(0.,0.,-1.));
#2608=DIRECTION('center_axis',(0.,1.,0.));
#2609=DIRECTION('ref_axis',(1.,0.,0.));
#2610=DIRECTION('',(1.,0.,0.));
#2611=DIRECTION('center_axis',(0.,0.,-1.));
#2612=DIRECTION('ref_axis',(-1.,0.,0.));
#2613=DIRECTION('center_axis',(0.,-1.,0.));
#2614=DIRECTION('ref_axis',(-1.,0.,0.));
#2615=DIRECTION('',(0.,0.,-1.));
#2616=DIRECTION('',(-1.,0.,0.));
#2617=DIRECTION('',(0.,0.,-1.));
#2618=DIRECTION('center_axis',(-1.,0.,0.));
#2619=DIRECTION('ref_axis',(0.,1.,0.));
#2620=DIRECTION('',(0.,0.,-1.));
#2621=DIRECTION('',(0.,1.,0.));
#2622=DIRECTION('center_axis',(1.,0.,0.));
#2623=DIRECTION('ref_axis',(0.,-1.,0.));
#2624=DIRECTION('',(0.,-1.,0.));
#2625=DIRECTION('',(0.,0.,-1.));
#2626=DIRECTION('center_axis',(0.,1.,0.));
#2627=DIRECTION('ref_axis',(1.,0.,0.));
#2628=DIRECTION('',(1.,0.,0.));
#2629=DIRECTION('center_axis',(0.,0.,-1.));
#2630=DIRECTION('ref_axis',(-1.,0.,0.));
#2631=DIRECTION('center_axis',(-1.,-3.94421986834831E-17,0.));
#2632=DIRECTION('ref_axis',(-3.94421986834831E-17,1.,0.));
#2633=DIRECTION('',(0.,0.,-1.));
#2634=DIRECTION('',(-3.94421986834831E-17,1.,0.));
#2635=DIRECTION('',(0.,0.,-1.));
#2636=DIRECTION('center_axis',(0.,1.,0.));
#2637=DIRECTION('ref_axis',(1.,0.,0.));
#2638=DIRECTION('',(0.,0.,-1.));
#2639=DIRECTION('',(1.,0.,0.));
#2640=DIRECTION('center_axis',(0.,-1.,0.));
#2641=DIRECTION('ref_axis',(-1.,0.,0.));
#2642=DIRECTION('',(-1.,0.,0.));
#2643=DIRECTION('',(0.,0.,-1.));
#2644=DIRECTION('center_axis',(1.,0.,0.));
#2645=DIRECTION('ref_axis',(0.,-1.,0.));
#2646=DIRECTION('',(0.,-1.,0.));
#2647=DIRECTION('center_axis',(0.,0.,-1.));
#2648=DIRECTION('ref_axis',(-1.,0.,0.));
#2649=DIRECTION('center_axis',(0.,-1.,0.));
#2650=DIRECTION('ref_axis',(-1.,0.,0.));
#2651=DIRECTION('',(0.,0.,-1.));
#2652=DIRECTION('',(-1.,0.,0.));
#2653=DIRECTION('',(0.,0.,-1.));
#2654=DIRECTION('center_axis',(0.,-1.,0.));
#2655=DIRECTION('ref_axis',(-1.,0.,0.));
#2656=DIRECTION('',(0.,0.,-1.));
#2657=DIRECTION('',(-1.,0.,0.));
#2658=DIRECTION('',(0.,0.,-1.));
#2659=DIRECTION('center_axis',(0.,-1.,0.));
#2660=DIRECTION('ref_axis',(-1.,0.,0.));
#2661=DIRECTION('',(0.,0.,-1.));
#2662=DIRECTION('',(-1.,0.,0.));
#2663=DIRECTION('',(0.,0.,-1.));
#2664=DIRECTION('center_axis',(1.,0.,0.));
#2665=DIRECTION('ref_axis',(0.,-1.,0.));
#2666=DIRECTION('',(0.,-1.,0.));
#2667=DIRECTION('',(0.,-1.,0.));
#2668=DIRECTION('',(0.,0.,-1.));
#2669=DIRECTION('center_axis',(0.,1.,0.));
#2670=DIRECTION('ref_axis',(1.,0.,0.));
#2671=DIRECTION('',(-1.,0.,0.));
#2672=DIRECTION('',(1.,0.,0.));
#2673=DIRECTION('',(0.,0.,-1.));
#2674=DIRECTION('center_axis',(-1.,0.,0.));
#2675=DIRECTION('ref_axis',(0.,1.,0.));
#2676=DIRECTION('',(0.,1.,0.));
#2677=DIRECTION('',(0.,1.,0.));
#2678=DIRECTION('center_axis',(0.,0.,-1.));
#2679=DIRECTION('ref_axis',(-1.,0.,0.));
#2680=DIRECTION('center_axis',(0.,0.,-1.));
#2681=DIRECTION('ref_axis',(-1.,0.,0.));
#2682=DIRECTION('',(0.,0.,-1.));
#2683=DIRECTION('center_axis',(0.,0.,1.));
#2684=DIRECTION('ref_axis',(-1.,0.,0.));
#2685=DIRECTION('center_axis',(0.,0.,-1.));
#2686=DIRECTION('ref_axis',(-1.,0.,0.));
#2687=DIRECTION('center_axis',(0.,0.,-1.));
#2688=DIRECTION('ref_axis',(-1.,0.,0.));
#2689=DIRECTION('',(0.,0.,-1.));
#2690=DIRECTION('center_axis',(0.,0.,1.));
#2691=DIRECTION('ref_axis',(-1.,0.,0.));
#2692=DIRECTION('center_axis',(0.,0.,-1.));
#2693=DIRECTION('ref_axis',(-1.,0.,0.));
#2694=DIRECTION('center_axis',(0.,1.,0.));
#2695=DIRECTION('ref_axis',(1.,0.,0.));
#2696=DIRECTION('',(0.,0.,-1.));
#2697=DIRECTION('',(1.,0.,0.));
#2698=DIRECTION('',(0.,0.,-1.));
#2699=DIRECTION('center_axis',(1.,0.,0.));
#2700=DIRECTION('ref_axis',(0.,-1.,0.));
#2701=DIRECTION('',(0.,0.,-1.));
#2702=DIRECTION('',(0.,-1.,0.));
#2703=DIRECTION('center_axis',(-1.,-3.94421986834831E-17,0.));
#2704=DIRECTION('ref_axis',(-3.94421986834831E-17,1.,0.));
#2705=DIRECTION('',(-3.94421986834831E-17,1.,0.));
#2706=DIRECTION('',(0.,0.,-1.));
#2707=DIRECTION('center_axis',(0.,-1.,0.));
#2708=DIRECTION('ref_axis',(-1.,0.,0.));
#2709=DIRECTION('',(-1.,0.,0.));
#2710=DIRECTION('center_axis',(0.,0.,-1.));
#2711=DIRECTION('ref_axis',(-1.,0.,0.));
#2712=DIRECTION('center_axis',(0.,-1.,0.));
#2713=DIRECTION('ref_axis',(-1.,0.,0.));
#2714=DIRECTION('',(0.,0.,-1.));
#2715=DIRECTION('',(-1.,0.,0.));
#2716=DIRECTION('',(0.,0.,-1.));
#2717=DIRECTION('center_axis',(-1.,0.,0.));
#2718=DIRECTION('ref_axis',(0.,1.,0.));
#2719=DIRECTION('',(0.,0.,-1.));
#2720=DIRECTION('',(0.,1.,0.));
#2721=DIRECTION('center_axis',(1.,0.,0.));
#2722=DIRECTION('ref_axis',(0.,-1.,0.));
#2723=DIRECTION('',(0.,-1.,0.));
#2724=DIRECTION('',(0.,0.,-1.));
#2725=DIRECTION('center_axis',(0.,1.,0.));
#2726=DIRECTION('ref_axis',(1.,0.,0.));
#2727=DIRECTION('',(1.,0.,0.));
#2728=DIRECTION('center_axis',(0.,0.,-1.));
#2729=DIRECTION('ref_axis',(-1.,0.,0.));
#2730=DIRECTION('center_axis',(0.,0.,-1.));
#2731=DIRECTION('ref_axis',(-1.,0.,0.));
#2732=DIRECTION('',(3.78745078272687E-16,8.68623815248886E-17,1.));
#2733=DIRECTION('',(1.,-8.32667268468867E-17,-3.78745078272687E-16));
#2734=CARTESIAN_POINT('',(0.,0.,0.));
#2735=CARTESIAN_POINT('',(0.,0.,0.));
#2736=CARTESIAN_POINT('Origin',(33.5839695608758,67.2191328381736,54.9000428196116));
#2737=CARTESIAN_POINT('',(33.5839695608758,67.2191328381736,54.9000428196116));
#2738=CARTESIAN_POINT('',(33.5839695608758,67.2191328381736,0.));
#2739=CARTESIAN_POINT('',(33.5839695608758,67.2191328381736,27.4500214098058));
#2740=CARTESIAN_POINT('',(-37.1660304391242,67.2191328381736,54.9000428196116));
#2741=CARTESIAN_POINT('',(33.5839695608758,67.2191328381736,54.9000428196116));
#2742=CARTESIAN_POINT('',(-37.1660304391242,67.2191328381736,0.));
#2743=CARTESIAN_POINT('',(-37.1660304391242,67.2191328381736,27.4500214098058));
#2744=CARTESIAN_POINT('',(15.8964695608758,67.2191328381736,0.));
#2745=CARTESIAN_POINT('Origin',(33.5839695608758,-46.7808671618264,54.9000428196116));
#2746=CARTESIAN_POINT('',(33.5839695608758,-46.7808671618264,54.9000428196116));
#2747=CARTESIAN_POINT('',(33.5839695608758,-48.1677812440781,54.9000428196116));
#2748=CARTESIAN_POINT('',(-37.1660304391242,-46.7808671618264,54.9000428196116));
#2749=CARTESIAN_POINT('',(33.5839695608758,-46.7808671618264,54.9000428196116));
#2750=CARTESIAN_POINT('',(-37.1660304391242,11.7072187559219,54.9000428196116));
#2751=CARTESIAN_POINT('',(8.24854564260242,57.6018947022743,54.9000428196116));
#2752=CARTESIAN_POINT('Origin',(16.8485456426024,57.6018947022743,54.9000428196116));
#2753=CARTESIAN_POINT('',(-33.9014543573976,57.6018947022743,54.9000428196116));
#2754=CARTESIAN_POINT('Origin',(-28.1514543573976,57.6018947022743,54.9000428196116));
#2755=CARTESIAN_POINT('',(-33.9014543573976,-37.3981052977257,54.9000428196116));
#2756=CARTESIAN_POINT('Origin',(-28.1514543573976,-37.3981052977257,54.9000428196116));
#2757=CARTESIAN_POINT('',(-33.9014543573976,-13.6481052977257,54.9000428196116));
#2758=CARTESIAN_POINT('Origin',(-28.1514543573976,-13.6481052977257,54.9000428196116));
#2759=CARTESIAN_POINT('',(8.24854564260242,33.8518947022743,54.9000428196116));
#2760=CARTESIAN_POINT('Origin',(16.8485456426024,33.8518947022743,54.9000428196116));
#2761=CARTESIAN_POINT('',(-14.2514543573976,33.8518947022743,54.9000428196116));
#2762=CARTESIAN_POINT('Origin',(-5.65145435739757,33.8518947022743,54.9000428196116));
#2763=CARTESIAN_POINT('',(-33.9014543573976,10.1018947022743,54.9000428196116));
#2764=CARTESIAN_POINT('Origin',(-28.1514543573976,10.1018947022743,54.9000428196116));
#2765=CARTESIAN_POINT('',(-14.2514543573976,10.1018947022743,54.9000428196116));
#2766=CARTESIAN_POINT('Origin',(-5.65145435739757,10.1018947022743,54.9000428196116));
#2767=CARTESIAN_POINT('',(8.24854564260242,10.1018947022743,54.9000428196116));
#2768=CARTESIAN_POINT('Origin',(16.8485456426024,10.1018947022743,54.9000428196116));
#2769=CARTESIAN_POINT('',(-33.9014543573976,33.8518947022743,54.9000428196116));
#2770=CARTESIAN_POINT('Origin',(-28.1514543573976,33.8518947022743,54.9000428196116));
#2771=CARTESIAN_POINT('',(-14.2514543573976,-13.6481052977257,54.9000428196116));
#2772=CARTESIAN_POINT('Origin',(-5.65145435739757,-13.6481052977257,54.9000428196116));
#2773=CARTESIAN_POINT('',(-14.2514543573976,-37.3981052977257,54.9000428196116));
#2774=CARTESIAN_POINT('Origin',(-5.65145435739757,-37.3981052977257,54.9000428196116));
#2775=CARTESIAN_POINT('',(-14.2514543573976,57.6018947022743,54.9000428196116));
#2776=CARTESIAN_POINT('Origin',(-5.65145435739757,57.6018947022743,54.9000428196116));
#2777=CARTESIAN_POINT('',(8.24854564260242,-13.6481052977257,54.9000428196116));
#2778=CARTESIAN_POINT('Origin',(16.8485456426024,-13.6481052977257,54.9000428196116));
#2779=CARTESIAN_POINT('',(8.24854564260242,-37.3981052977257,54.9000428196116));
#2780=CARTESIAN_POINT('Origin',(16.8485456426024,-37.3981052977257,54.9000428196116));
#2781=CARTESIAN_POINT('Origin',(33.5839695608758,-46.7808671618264,0.));
#2782=CARTESIAN_POINT('',(33.5839695608758,-46.7808671618264,0.));
#2783=CARTESIAN_POINT('',(33.5839695608758,-46.7808671618264,0.));
#2784=CARTESIAN_POINT('',(-37.1660304391242,-46.7808671618264,0.));
#2785=CARTESIAN_POINT('',(15.8964695608758,-46.7808671618264,0.));
#2786=CARTESIAN_POINT('',(-37.1660304391242,-46.7808671618264,0.));
#2787=CARTESIAN_POINT('Origin',(-37.1660304391242,70.1953046736702,0.));
#2788=CARTESIAN_POINT('',(-37.1660304391242,-47.5546953263298,0.));
#2789=CARTESIAN_POINT('',(-37.1660304391242,-49.5546953263298,0.));
#2790=CARTESIAN_POINT('',(-37.1660304391242,-47.5546953263298,60.));
#2791=CARTESIAN_POINT('',(-37.1660304391242,-47.5546953263298,0.));
#2792=CARTESIAN_POINT('',(-37.1660304391242,68.1953046736702,60.));
#2793=CARTESIAN_POINT('',(-37.1660304391242,-49.5546953263298,60.));
#2794=CARTESIAN_POINT('',(-37.1660304391242,68.1953046736702,0.));
#2795=CARTESIAN_POINT('',(-37.1660304391242,68.1953046736702,0.));
#2796=CARTESIAN_POINT('',(-37.1660304391242,-49.5546953263298,0.));
#2797=CARTESIAN_POINT('Origin',(-1.79103043912423,10.3203046736702,0.));
#2798=CARTESIAN_POINT('',(33.5839695608758,-47.5546953263298,0.));
#2799=CARTESIAN_POINT('',(33.5839695608758,70.1953046736702,0.));
#2800=CARTESIAN_POINT('',(31.5839695608758,-49.5546953263298,0.));
#2801=CARTESIAN_POINT('Origin',(31.5839695608758,-47.5546953263298,0.));
#2802=CARTESIAN_POINT('',(-35.1660304391242,-49.5546953263298,0.));
#2803=CARTESIAN_POINT('',(33.5839695608758,-49.5546953263298,0.));
#2804=CARTESIAN_POINT('Origin',(-35.1660304391242,-47.5546953263298,0.));
#2805=CARTESIAN_POINT('Origin',(-35.1660304391242,68.1953046736702,0.));
#2806=CARTESIAN_POINT('',(-35.1660304391242,70.1953046736702,60.));
#2807=CARTESIAN_POINT('Origin',(-35.1660304391242,68.1953046736702,60.));
#2808=CARTESIAN_POINT('',(-35.1660304391242,70.1953046736702,0.));
#2809=CARTESIAN_POINT('',(-35.1660304391242,70.1953046736702,0.));
#2810=CARTESIAN_POINT('Origin',(-35.1660304391242,68.1953046736702,0.));
#2811=CARTESIAN_POINT('Origin',(-1.79103043912423,10.3203046736702,0.));
#2812=CARTESIAN_POINT('',(31.5839695608758,70.1953046736702,0.));
#2813=CARTESIAN_POINT('',(-37.1660304391242,70.1953046736702,0.));
#2814=CARTESIAN_POINT('',(33.5839695608758,68.1953046736702,0.));
#2815=CARTESIAN_POINT('Origin',(31.5839695608758,68.1953046736702,0.));
#2816=CARTESIAN_POINT('',(33.5839695608758,70.1953046736702,0.));
#2817=CARTESIAN_POINT('Origin',(33.5839695608758,70.1953046736702,0.));
#2818=CARTESIAN_POINT('',(31.5839695608758,70.1953046736702,60.));
#2819=CARTESIAN_POINT('',(-37.1660304391242,70.1953046736702,60.));
#2820=CARTESIAN_POINT('',(31.5839695608758,70.1953046736702,0.));
#2821=CARTESIAN_POINT('Origin',(31.5839695608758,68.1953046736702,0.));
#2822=CARTESIAN_POINT('',(33.5839695608758,68.1953046736702,60.));
#2823=CARTESIAN_POINT('Origin',(31.5839695608758,68.1953046736702,60.));
#2824=CARTESIAN_POINT('',(33.5839695608758,68.1953046736702,0.));
#2825=CARTESIAN_POINT('Origin',(-35.1660304391242,-47.5546953263298,0.));
#2826=CARTESIAN_POINT('',(-35.1660304391242,-49.5546953263298,60.));
#2827=CARTESIAN_POINT('Origin',(-35.1660304391242,-47.5546953263298,60.));
#2828=CARTESIAN_POINT('',(-35.1660304391242,-49.5546953263298,0.));
#2829=CARTESIAN_POINT('Origin',(-37.1660304391242,-49.5546953263298,0.));
#2830=CARTESIAN_POINT('',(31.5839695608758,-49.5546953263298,60.));
#2831=CARTESIAN_POINT('',(31.5839695608758,-49.5546953263298,0.));
#2832=CARTESIAN_POINT('',(33.5839695608758,-49.5546953263298,60.));
#2833=CARTESIAN_POINT('Origin',(31.5839695608758,-47.5546953263298,0.));
#2834=CARTESIAN_POINT('',(33.5839695608758,-47.5546953263298,60.));
#2835=CARTESIAN_POINT('Origin',(31.5839695608758,-47.5546953263298,60.));
#2836=CARTESIAN_POINT('',(33.5839695608758,-47.5546953263298,0.));
#2837=CARTESIAN_POINT('Origin',(16.8485456426024,-37.3981052977257,0.));
#2838=CARTESIAN_POINT('',(8.24854564260242,-37.3981052977257,60.));
#2839=CARTESIAN_POINT('',(8.2485456426024,-37.3981052977257,0.));
#2840=CARTESIAN_POINT('Origin',(16.8485456426024,-37.3981052977257,60.));
#2841=CARTESIAN_POINT('Origin',(16.8485456426024,-13.6481052977257,0.));
#2842=CARTESIAN_POINT('',(8.24854564260242,-13.6481052977257,60.));
#2843=CARTESIAN_POINT('',(8.2485456426024,-13.6481052977257,0.));
#2844=CARTESIAN_POINT('Origin',(16.8485456426024,-13.6481052977257,60.));
#2845=CARTESIAN_POINT('Origin',(-5.65145435739757,57.6018947022743,0.));
#2846=CARTESIAN_POINT('',(-14.2514543573976,57.6018947022743,60.));
#2847=CARTESIAN_POINT('',(-14.2514543573976,57.6018947022743,0.));
#2848=CARTESIAN_POINT('Origin',(-5.65145435739757,57.6018947022743,60.));
#2849=CARTESIAN_POINT('Origin',(-5.65145435739757,-37.3981052977257,0.));
#2850=CARTESIAN_POINT('',(-14.2514543573976,-37.3981052977257,60.));
#2851=CARTESIAN_POINT('',(-14.2514543573976,-37.3981052977257,0.));
#2852=CARTESIAN_POINT('Origin',(-5.65145435739757,-37.3981052977257,60.));
#2853=CARTESIAN_POINT('Origin',(-5.65145435739757,-13.6481052977257,0.));
#2854=CARTESIAN_POINT('',(-14.2514543573976,-13.6481052977257,60.));
#2855=CARTESIAN_POINT('',(-14.2514543573976,-13.6481052977257,0.));
#2856=CARTESIAN_POINT('Origin',(-5.65145435739757,-13.6481052977257,60.));
#2857=CARTESIAN_POINT('Origin',(-28.1514543573976,33.8518947022743,0.));
#2858=CARTESIAN_POINT('',(-33.9014543573976,33.8518947022743,60.));
#2859=CARTESIAN_POINT('',(-33.9014543573976,33.8518947022743,0.));
#2860=CARTESIAN_POINT('Origin',(-28.1514543573976,33.8518947022743,60.));
#2861=CARTESIAN_POINT('Origin',(16.8485456426024,10.1018947022743,0.));
#2862=CARTESIAN_POINT('',(8.24854564260242,10.1018947022743,60.));
#2863=CARTESIAN_POINT('',(8.2485456426024,10.1018947022743,0.));
#2864=CARTESIAN_POINT('Origin',(16.8485456426024,10.1018947022743,60.));
#2865=CARTESIAN_POINT('Origin',(-5.65145435739757,10.1018947022743,0.));
#2866=CARTESIAN_POINT('',(-14.2514543573976,10.1018947022743,60.));
#2867=CARTESIAN_POINT('',(-14.2514543573976,10.1018947022743,0.));
#2868=CARTESIAN_POINT('Origin',(-5.65145435739757,10.1018947022743,60.));
#2869=CARTESIAN_POINT('Origin',(-28.1514543573976,10.1018947022743,0.));
#2870=CARTESIAN_POINT('',(-33.9014543573976,10.1018947022743,60.));
#2871=CARTESIAN_POINT('',(-33.9014543573976,10.1018947022743,0.));
#2872=CARTESIAN_POINT('Origin',(-28.1514543573976,10.1018947022743,60.));
#2873=CARTESIAN_POINT('Origin',(-5.65145435739757,33.8518947022743,0.));
#2874=CARTESIAN_POINT('',(-14.2514543573976,33.8518947022743,60.));
#2875=CARTESIAN_POINT('',(-14.2514543573976,33.8518947022743,0.));
#2876=CARTESIAN_POINT('Origin',(-5.65145435739757,33.8518947022743,60.));
#2877=CARTESIAN_POINT('Origin',(16.8485456426024,33.8518947022743,0.));
#2878=CARTESIAN_POINT('',(8.24854564260242,33.8518947022743,60.));
#2879=CARTESIAN_POINT('',(8.2485456426024,33.8518947022743,0.));
#2880=CARTESIAN_POINT('Origin',(16.8485456426024,33.8518947022743,60.));
#2881=CARTESIAN_POINT('Origin',(-28.1514543573976,-13.6481052977257,0.));
#2882=CARTESIAN_POINT('',(-33.9014543573976,-13.6481052977257,60.));
#2883=CARTESIAN_POINT('',(-33.9014543573976,-13.6481052977257,0.));
#2884=CARTESIAN_POINT('Origin',(-28.1514543573976,-13.6481052977257,60.));
#2885=CARTESIAN_POINT('Origin',(-28.1514543573976,-37.3981052977257,0.));
#2886=CARTESIAN_POINT('',(-33.9014543573976,-37.3981052977257,60.));
#2887=CARTESIAN_POINT('',(-33.9014543573976,-37.3981052977257,0.));
#2888=CARTESIAN_POINT('Origin',(-28.1514543573976,-37.3981052977257,60.));
#2889=CARTESIAN_POINT('Origin',(-28.1514543573976,57.6018947022743,0.));
#2890=CARTESIAN_POINT('',(-33.9014543573976,57.6018947022743,60.));
#2891=CARTESIAN_POINT('',(-33.9014543573976,57.6018947022743,0.));
#2892=CARTESIAN_POINT('Origin',(-28.1514543573976,57.6018947022743,60.));
#2893=CARTESIAN_POINT('Origin',(16.8485456426024,57.6018947022743,0.));
#2894=CARTESIAN_POINT('',(8.24854564260242,57.6018947022743,60.));
#2895=CARTESIAN_POINT('',(8.2485456426024,57.6018947022743,0.));
#2896=CARTESIAN_POINT('Origin',(16.8485456426024,57.6018947022743,60.));
#2897=CARTESIAN_POINT('Origin',(33.5839695608758,-49.5546953263298,0.));
#2898=CARTESIAN_POINT('',(33.5839695608758,70.1953046736702,60.));
#2899=CARTESIAN_POINT('Origin',(-1.79103043912423,10.3203046736702,60.));
#2900=CARTESIAN_POINT('Origin',(-28.1514543573976,-37.3981052977257,29.9000428196116));
#2901=CARTESIAN_POINT('',(-22.4014543573976,-37.3981052977257,29.9000428196116));
#2902=CARTESIAN_POINT('Origin',(-28.1514543573976,-37.3981052977257,29.9000428196116));
#2903=CARTESIAN_POINT('',(-22.4014543573976,-37.3981052977257,26.9000428196116));
#2904=CARTESIAN_POINT('',(-22.4014543573976,-37.3981052977257,29.9000428196116));
#2905=CARTESIAN_POINT('Origin',(-28.1514543573976,-37.3981052977257,26.9000428196116));
#2906=CARTESIAN_POINT('Origin',(16.8485456426024,10.1018947022743,29.9000428196116));
#2907=CARTESIAN_POINT('',(25.4485456426024,10.1018947022743,29.9000428196116));
#2908=CARTESIAN_POINT('Origin',(16.8485456426024,10.1018947022743,29.9000428196116));
#2909=CARTESIAN_POINT('',(25.4485456426024,10.1018947022743,26.9000428196116));
#2910=CARTESIAN_POINT('',(25.4485456426024,10.1018947022743,29.9000428196116));
#2911=CARTESIAN_POINT('Origin',(16.8485456426024,10.1018947022743,26.9000428196116));
#2912=CARTESIAN_POINT('Origin',(-5.65145435739757,-13.6481052977257,29.9000428196116));
#2913=CARTESIAN_POINT('',(2.94854564260243,-13.6481052977257,29.9000428196116));
#2914=CARTESIAN_POINT('Origin',(-5.65145435739757,-13.6481052977257,29.9000428196116));
#2915=CARTESIAN_POINT('',(2.94854564260243,-13.6481052977257,26.9000428196116));
#2916=CARTESIAN_POINT('',(2.94854564260243,-13.6481052977257,29.9000428196116));
#2917=CARTESIAN_POINT('Origin',(-5.65145435739757,-13.6481052977257,26.9000428196116));
#2918=CARTESIAN_POINT('Origin',(-28.1514543573976,33.8518947022743,29.9000428196116));
#2919=CARTESIAN_POINT('',(-22.4014543573976,33.8518947022743,29.9000428196116));
#2920=CARTESIAN_POINT('Origin',(-28.1514543573976,33.8518947022743,29.9000428196116));
#2921=CARTESIAN_POINT('',(-22.4014543573976,33.8518947022743,26.9000428196116));
#2922=CARTESIAN_POINT('',(-22.4014543573976,33.8518947022743,29.9000428196116));
#2923=CARTESIAN_POINT('Origin',(-28.1514543573976,33.8518947022743,26.9000428196116));
#2924=CARTESIAN_POINT('Origin',(-5.65145435739757,33.8518947022743,29.9000428196116));
#2925=CARTESIAN_POINT('',(2.94854564260243,33.8518947022743,29.9000428196116));
#2926=CARTESIAN_POINT('Origin',(-5.65145435739757,33.8518947022743,29.9000428196116));
#2927=CARTESIAN_POINT('',(2.94854564260243,33.8518947022743,26.9000428196116));
#2928=CARTESIAN_POINT('',(2.94854564260243,33.8518947022743,29.9000428196116));
#2929=CARTESIAN_POINT('Origin',(-5.65145435739757,33.8518947022743,26.9000428196116));
#2930=CARTESIAN_POINT('Origin',(16.8485456426024,-13.6481052977257,29.9000428196116));
#2931=CARTESIAN_POINT('',(25.4485456426024,-13.6481052977257,29.9000428196116));
#2932=CARTESIAN_POINT('Origin',(16.8485456426024,-13.6481052977257,29.9000428196116));
#2933=CARTESIAN_POINT('',(25.4485456426024,-13.6481052977257,26.9000428196116));
#2934=CARTESIAN_POINT('',(25.4485456426024,-13.6481052977257,29.9000428196116));
#2935=CARTESIAN_POINT('Origin',(16.8485456426024,-13.6481052977257,26.9000428196116));
#2936=CARTESIAN_POINT('Origin',(16.8485456426024,33.8518947022743,29.9000428196116));
#2937=CARTESIAN_POINT('',(25.4485456426024,33.8518947022743,29.9000428196116));
#2938=CARTESIAN_POINT('Origin',(16.8485456426024,33.8518947022743,29.9000428196116));
#2939=CARTESIAN_POINT('',(25.4485456426024,33.8518947022743,26.9000428196116));
#2940=CARTESIAN_POINT('',(25.4485456426024,33.8518947022743,29.9000428196116));
#2941=CARTESIAN_POINT('Origin',(16.8485456426024,33.8518947022743,26.9000428196116));
#2942=CARTESIAN_POINT('Origin',(-5.65145435739757,10.1018947022743,29.9000428196116));
#2943=CARTESIAN_POINT('',(2.94854564260243,10.1018947022743,29.9000428196116));
#2944=CARTESIAN_POINT('Origin',(-5.65145435739757,10.1018947022743,29.9000428196116));
#2945=CARTESIAN_POINT('',(2.94854564260243,10.1018947022743,26.9000428196116));
#2946=CARTESIAN_POINT('',(2.94854564260243,10.1018947022743,29.9000428196116));
#2947=CARTESIAN_POINT('Origin',(-5.65145435739757,10.1018947022743,26.9000428196116));
#2948=CARTESIAN_POINT('Origin',(-28.1514543573976,57.6018947022743,29.9000428196116));
#2949=CARTESIAN_POINT('',(-22.4014543573976,57.6018947022743,29.9000428196116));
#2950=CARTESIAN_POINT('Origin',(-28.1514543573976,57.6018947022743,29.9000428196116));
#2951=CARTESIAN_POINT('',(-22.4014543573976,57.6018947022743,26.9000428196116));
#2952=CARTESIAN_POINT('',(-22.4014543573976,57.6018947022743,29.9000428196116));
#2953=CARTESIAN_POINT('Origin',(-28.1514543573976,57.6018947022743,26.9000428196116));
#2954=CARTESIAN_POINT('Origin',(-28.1514543573976,10.1018947022743,29.9000428196116));
#2955=CARTESIAN_POINT('',(-22.4014543573976,10.1018947022743,29.9000428196116));
#2956=CARTESIAN_POINT('Origin',(-28.1514543573976,10.1018947022743,29.9000428196116));
#2957=CARTESIAN_POINT('',(-22.4014543573976,10.1018947022743,26.9000428196116));
#2958=CARTESIAN_POINT('',(-22.4014543573976,10.1018947022743,29.9000428196116));
#2959=CARTESIAN_POINT('Origin',(-28.1514543573976,10.1018947022743,26.9000428196116));
#2960=CARTESIAN_POINT('Origin',(-28.1514543573976,-13.6481052977257,29.9000428196116));
#2961=CARTESIAN_POINT('',(-22.4014543573976,-13.6481052977257,29.9000428196116));
#2962=CARTESIAN_POINT('Origin',(-28.1514543573976,-13.6481052977257,29.9000428196116));
#2963=CARTESIAN_POINT('',(-22.4014543573976,-13.6481052977257,26.9000428196116));
#2964=CARTESIAN_POINT('',(-22.4014543573976,-13.6481052977257,29.9000428196116));
#2965=CARTESIAN_POINT('Origin',(-28.1514543573976,-13.6481052977257,26.9000428196116));
#2966=CARTESIAN_POINT('Origin',(-1.79103043912422,10.1896605667711,26.9000428196116));
#2967=CARTESIAN_POINT('',(33.5839695608758,65.2488256697091,26.9000428196116));
#2968=CARTESIAN_POINT('',(33.5839695608758,-44.8695045361669,26.9000428196116));
#2969=CARTESIAN_POINT('',(33.5839695608758,67.2191328381736,26.9000428196116));
#2970=CARTESIAN_POINT('',(21.10744144079,-44.8695045361669,26.9000428196116));
#2971=CARTESIAN_POINT('',(9.65820550083291,-44.8695045361669,26.9000428196116));
#2972=CARTESIAN_POINT('',(25.4485456426024,-37.3981052977257,26.9000428196116));
#2973=CARTESIAN_POINT('Origin',(16.8485456426024,-37.3981052977257,26.9000428196116));
#2974=CARTESIAN_POINT('',(12.5896498444148,-44.8695045361669,26.9000428196116));
#2975=CARTESIAN_POINT('Origin',(16.8485456426024,-37.3981052977257,26.9000428196116));
#2976=CARTESIAN_POINT('',(-1.39255855920997,-44.8695045361669,26.9000428196116));
#2977=CARTESIAN_POINT('',(-1.5917944991671,-44.8695045361669,26.9000428196116));
#2978=CARTESIAN_POINT('',(2.94854564260243,-37.3981052977257,26.9000428196116));
#2979=CARTESIAN_POINT('Origin',(-5.65145435739757,-37.3981052977257,26.9000428196116));
#2980=CARTESIAN_POINT('',(-9.91035015558519,-44.8695045361669,26.9000428196116));
#2981=CARTESIAN_POINT('Origin',(-5.65145435739757,-37.3981052977257,26.9000428196116));
#2982=CARTESIAN_POINT('',(-37.1660304391242,-44.8695045361669,26.9000428196116));
#2983=CARTESIAN_POINT('',(-19.4785304391242,-44.8695045361669,26.9000428196116));
#2984=CARTESIAN_POINT('',(-37.1660304391242,65.2488256697091,26.9000428196116));
#2985=CARTESIAN_POINT('',(-37.1660304391242,-46.7808671618264,26.9000428196116));
#2986=CARTESIAN_POINT('',(-9.58648253763791,65.2488256697091,26.9000428196116));
#2987=CARTESIAN_POINT('',(-5.68875648838107,65.2488256697091,26.9000428196116));
#2988=CARTESIAN_POINT('',(2.94854564260243,57.6018947022743,26.9000428196116));
#2989=CARTESIAN_POINT('Origin',(-5.65145435739757,57.6018947022743,26.9000428196116));
#2990=CARTESIAN_POINT('',(-1.71642617715723,65.2488256697091,26.9000428196116));
#2991=CARTESIAN_POINT('Origin',(-5.65145435739757,57.6018947022743,26.9000428196116));
#2992=CARTESIAN_POINT('',(12.9135174623621,65.2488256697091,26.9000428196116));
#2993=CARTESIAN_POINT('',(5.56124351161893,65.2488256697091,26.9000428196116));
#2994=CARTESIAN_POINT('',(25.4485456426024,57.6018947022743,26.9000428196116));
#2995=CARTESIAN_POINT('Origin',(16.8485456426024,57.6018947022743,26.9000428196116));
#2996=CARTESIAN_POINT('',(20.7835738228428,65.2488256697091,26.9000428196116));
#2997=CARTESIAN_POINT('Origin',(16.8485456426024,57.6018947022743,26.9000428196116));
#2998=CARTESIAN_POINT('',(15.8964695608758,65.2488256697091,26.9000428196116));
#2999=CARTESIAN_POINT('',(10.2347951744023,-21.7187051471075,26.9000428196116));
#3000=CARTESIAN_POINT('',(10.2347951744023,-28.7557306026007,26.9000428196116));
#3001=CARTESIAN_POINT('',(10.2347951744023,-5.7645222901682,26.9000428196116));
#3002=CARTESIAN_POINT('',(1.49917736758319,-21.7187051471075,26.9000428196116));
#3003=CARTESIAN_POINT('',(-0.145926535770517,-21.7187051471075,26.9000428196116));
#3004=CARTESIAN_POINT('',(1.49917736758319,-28.7557306026007,26.9000428196116));
#3005=CARTESIAN_POINT('',(1.49917736758319,-9.28303501791478,26.9000428196116));
#3006=CARTESIAN_POINT('',(4.22188236763903,-28.7557306026007,26.9000428196116));
#3007=CARTESIAN_POINT('',(-22.8132602690453,25.6146281862258,26.9000428196116));
#3008=CARTESIAN_POINT('',(-15.8692934087998,25.6146281862258,26.9000428196116));
#3009=CARTESIAN_POINT('',(-12.3021453540848,25.6146281862258,26.9000428196116));
#3010=CARTESIAN_POINT('',(-22.8132602690453,18.5776027307327,26.9000428196116));
#3011=CARTESIAN_POINT('',(-22.8132602690453,14.3836316487519,26.9000428196116));
#3012=CARTESIAN_POINT('',(-15.8692934087998,18.5776027307327,26.9000428196116));
#3013=CARTESIAN_POINT('',(-8.83016192396201,18.5776027307327,26.9000428196116));
#3014=CARTESIAN_POINT('',(-15.8692934087998,17.9021443764985,26.9000428196116));
#3015=CARTESIAN_POINT('',(10.2347951744023,18.5776027307327,26.9000428196116));
#3016=CARTESIAN_POINT('',(1.49917736758319,18.5776027307327,26.9000428196116));
#3017=CARTESIAN_POINT('',(4.22188236763903,18.5776027307327,26.9000428196116));
#3018=CARTESIAN_POINT('',(10.2347951744023,25.6146281862258,26.9000428196116));
#3019=CARTESIAN_POINT('',(10.2347951744023,17.9021443764985,26.9000428196116));
#3020=CARTESIAN_POINT('',(1.49917736758319,25.6146281862258,26.9000428196116));
#3021=CARTESIAN_POINT('',(-0.145926535770517,25.6146281862258,26.9000428196116));
#3022=CARTESIAN_POINT('',(1.49917736758319,14.3836316487519,26.9000428196116));
#3023=CARTESIAN_POINT('',(10.2347951744023,-5.08906393593402,26.9000428196116));
#3024=CARTESIAN_POINT('',(1.49917736758319,-5.08906393593402,26.9000428196116));
#3025=CARTESIAN_POINT('',(4.22188236763903,-5.08906393593402,26.9000428196116));
#3026=CARTESIAN_POINT('',(10.2347951744023,1.94796151955914,26.9000428196116));
#3027=CARTESIAN_POINT('',(10.2347951744023,6.06881104316513,26.9000428196116));
#3028=CARTESIAN_POINT('',(1.49917736758319,1.94796151955914,26.9000428196116));
#3029=CARTESIAN_POINT('',(-0.145926535770517,1.94796151955914,26.9000428196116));
#3030=CARTESIAN_POINT('',(1.49917736758319,2.55029831541855,26.9000428196116));
#3031=CARTESIAN_POINT('',(-22.8132602690453,1.94796151955914,26.9000428196116));
#3032=CARTESIAN_POINT('',(-15.8692934087998,1.94796151955914,26.9000428196116));
#3033=CARTESIAN_POINT('',(-12.3021453540848,1.94796151955914,26.9000428196116));
#3034=CARTESIAN_POINT('',(-22.8132602690453,-5.08906393593402,26.9000428196116));
#3035=CARTESIAN_POINT('',(-22.8132602690453,2.55029831541855,26.9000428196116));
#3036=CARTESIAN_POINT('',(-15.8692934087998,-5.08906393593402,26.9000428196116));
#3037=CARTESIAN_POINT('',(-8.83016192396201,-5.08906393593402,26.9000428196116));
#3038=CARTESIAN_POINT('',(-15.8692934087998,6.06881104316513,26.9000428196116));
#3039=CARTESIAN_POINT('',(-22.8132602690453,49.2812948528925,26.9000428196116));
#3040=CARTESIAN_POINT('',(-15.8692934087998,49.2812948528925,26.9000428196116));
#3041=CARTESIAN_POINT('',(-12.3021453540848,49.2812948528925,26.9000428196116));
#3042=CARTESIAN_POINT('',(-22.8132602690453,42.2442693973993,26.9000428196116));
#3043=CARTESIAN_POINT('',(-22.8132602690453,26.2169649820852,26.9000428196116));
#3044=CARTESIAN_POINT('',(-15.8692934087998,42.2442693973993,26.9000428196116));
#3045=CARTESIAN_POINT('',(-8.83016192396201,42.2442693973993,26.9000428196116));
#3046=CARTESIAN_POINT('',(-15.8692934087998,29.7354777098318,26.9000428196116));
#3047=CARTESIAN_POINT('',(10.2347951744023,42.2442693973993,26.9000428196116));
#3048=CARTESIAN_POINT('',(1.49917736758319,42.2442693973993,26.9000428196116));
#3049=CARTESIAN_POINT('',(4.22188236763903,42.2442693973993,26.9000428196116));
#3050=CARTESIAN_POINT('',(10.2347951744023,49.2812948528925,26.9000428196116));
#3051=CARTESIAN_POINT('',(10.2347951744023,29.7354777098318,26.9000428196116));
#3052=CARTESIAN_POINT('',(1.49917736758319,49.2812948528925,26.9000428196116));
#3053=CARTESIAN_POINT('',(-0.145926535770517,49.2812948528925,26.9000428196116));
#3054=CARTESIAN_POINT('',(1.49917736758319,26.2169649820852,26.9000428196116));
#3055=CARTESIAN_POINT('',(-15.8692934087998,-21.7187051471075,26.9000428196116));
#3056=CARTESIAN_POINT('',(-15.8692934087998,-28.7557306026007,26.9000428196116));
#3057=CARTESIAN_POINT('',(-15.8692934087998,-5.7645222901682,26.9000428196116));
#3058=CARTESIAN_POINT('',(-22.8132602690453,-21.7187051471075,26.9000428196116));
#3059=CARTESIAN_POINT('',(-12.3021453540848,-21.7187051471075,26.9000428196116));
#3060=CARTESIAN_POINT('',(-22.8132602690453,-28.7557306026007,26.9000428196116));
#3061=CARTESIAN_POINT('',(-22.8132602690453,-9.28303501791478,26.9000428196116));
#3062=CARTESIAN_POINT('',(-8.83016192396201,-28.7557306026007,26.9000428196116));
#3063=CARTESIAN_POINT('Origin',(-37.1660304391242,-44.8695045361669,29.9000428196116));
#3064=CARTESIAN_POINT('',(-9.91035015558519,-44.8695045361669,4.28196116164514E-5));
#3065=CARTESIAN_POINT('',(-9.91035015558519,-44.8695045361669,29.9000428196116));
#3066=CARTESIAN_POINT('',(-37.1660304391242,-44.8695045361669,4.28196116164514E-5));
#3067=CARTESIAN_POINT('',(33.5839695608758,-44.8695045361669,4.28196116164514E-5));
#3068=CARTESIAN_POINT('',(-37.1660304391242,-44.8695045361669,29.9000428196116));
#3069=CARTESIAN_POINT('Origin',(-1.39255855920997,-44.8695045361669,29.9000428196116));
#3070=CARTESIAN_POINT('',(12.5896498444148,-44.8695045361669,4.28196116164514E-5));
#3071=CARTESIAN_POINT('',(12.5896498444148,-44.8695045361669,29.9000428196116));
#3072=CARTESIAN_POINT('',(-1.39255855920997,-44.8695045361669,4.28196116164514E-5));
#3073=CARTESIAN_POINT('',(33.5839695608758,-44.8695045361669,4.28196116164514E-5));
#3074=CARTESIAN_POINT('',(-1.39255855920997,-44.8695045361669,29.9000428196116));
#3075=CARTESIAN_POINT('Origin',(21.10744144079,-44.8695045361669,29.9000428196116));
#3076=CARTESIAN_POINT('',(33.5839695608758,-44.8695045361669,4.28196116164514E-5));
#3077=CARTESIAN_POINT('',(33.5839695608758,-44.8695045361669,29.9000428196116));
#3078=CARTESIAN_POINT('',(21.10744144079,-44.8695045361669,4.28196116164514E-5));
#3079=CARTESIAN_POINT('',(33.5839695608758,-44.8695045361669,4.28196116164514E-5));
#3080=CARTESIAN_POINT('',(21.10744144079,-44.8695045361669,29.9000428196116));
#3081=CARTESIAN_POINT('Origin',(16.8485456426024,-37.3981052977257,29.9000428196116));
#3082=CARTESIAN_POINT('',(25.4485456426024,-37.3981052977257,29.9000428196116));
#3083=CARTESIAN_POINT('Origin',(16.8485456426024,-37.3981052977257,29.9000428196116));
#3084=CARTESIAN_POINT('',(25.4485456426024,-37.3981052977257,29.9000428196116));
#3085=CARTESIAN_POINT('Origin',(16.8485456426024,-37.3981052977257,4.28196116164514E-5));
#3086=CARTESIAN_POINT('Origin',(-5.65145435739757,-37.3981052977257,29.9000428196116));
#3087=CARTESIAN_POINT('',(2.94854564260243,-37.3981052977257,29.9000428196116));
#3088=CARTESIAN_POINT('Origin',(-5.65145435739757,-37.3981052977257,29.9000428196116));
#3089=CARTESIAN_POINT('',(2.94854564260243,-37.3981052977257,29.9000428196116));
#3090=CARTESIAN_POINT('Origin',(-5.65145435739757,-37.3981052977257,4.28196116164514E-5));
#3091=CARTESIAN_POINT('Origin',(33.5839695608758,-46.4808671618264,29.9000428196116));
#3092=CARTESIAN_POINT('',(33.5839695608758,-46.4808671618264,29.9000428196116));
#3093=CARTESIAN_POINT('',(-37.1660304391242,-46.4808671618264,29.9000428196116));
#3094=CARTESIAN_POINT('',(33.5839695608758,-46.4808671618264,29.9000428196116));
#3095=CARTESIAN_POINT('',(-37.1660304391242,-46.4808671618264,4.28196116164514E-5));
#3096=CARTESIAN_POINT('',(-37.1660304391242,-46.4808671618264,29.9000428196116));
#3097=CARTESIAN_POINT('',(33.5839695608758,-46.4808671618264,4.28196116164514E-5));
#3098=CARTESIAN_POINT('',(33.5839695608758,-46.4808671618264,4.28196116164514E-5));
#3099=CARTESIAN_POINT('',(33.5839695608758,-46.4808671618264,29.9000428196116));
#3100=CARTESIAN_POINT('Origin',(-1.79103043912422,-45.6751858489967,4.28196116164514E-5));
#3101=CARTESIAN_POINT('',(33.5839695608758,67.2191328381736,4.28196116164514E-5));
#3102=CARTESIAN_POINT('',(-37.1660304391242,-46.7808671618264,4.28196116164514E-5));
#3103=CARTESIAN_POINT('Origin',(-22.8132602690453,-28.7557306026007,29.9000428196116));
#3104=CARTESIAN_POINT('',(-22.8132602690453,-21.7187051471075,4.28196116164514E-5));
#3105=CARTESIAN_POINT('',(-22.8132602690453,-21.7187051471075,29.9000428196116));
#3106=CARTESIAN_POINT('',(-22.8132602690453,-28.7557306026007,4.28196116164514E-5));
#3107=CARTESIAN_POINT('',(-22.8132602690453,-28.7557306026007,4.28196116164514E-5));
#3108=CARTESIAN_POINT('',(-22.8132602690453,-28.7557306026007,29.9000428196116));
#3109=CARTESIAN_POINT('Origin',(-22.8132602690453,-21.7187051471075,29.9000428196116));
#3110=CARTESIAN_POINT('',(-15.8692934087998,-21.7187051471075,4.28196116164514E-5));
#3111=CARTESIAN_POINT('',(-15.8692934087998,-21.7187051471075,29.9000428196116));
#3112=CARTESIAN_POINT('',(-22.8132602690453,-21.7187051471075,4.28196116164514E-5));
#3113=CARTESIAN_POINT('Origin',(-15.8692934087998,-28.7557306026007,29.9000428196116));
#3114=CARTESIAN_POINT('',(-15.8692934087998,-28.7557306026007,4.28196116164514E-5));
#3115=CARTESIAN_POINT('',(-15.8692934087998,-28.7557306026007,4.28196116164514E-5));
#3116=CARTESIAN_POINT('',(-15.8692934087998,-28.7557306026007,29.9000428196116));
#3117=CARTESIAN_POINT('Origin',(-15.8692934087998,-21.7187051471075,29.9000428196116));
#3118=CARTESIAN_POINT('',(-15.8692934087998,-21.7187051471075,4.28196116164514E-5));
#3119=CARTESIAN_POINT('Origin',(-19.3412768389226,-25.2372178748541,4.28196116164514E-5));
#3120=CARTESIAN_POINT('Origin',(1.49917736758319,49.2812948528925,29.9000428196116));
#3121=CARTESIAN_POINT('',(10.2347951744023,49.2812948528925,4.28196116164514E-5));
#3122=CARTESIAN_POINT('',(10.2347951744023,49.2812948528925,29.9000428196116));
#3123=CARTESIAN_POINT('',(1.49917736758319,49.2812948528925,4.28196116164514E-5));
#3124=CARTESIAN_POINT('',(1.49917736758319,49.2812948528925,4.28196116164514E-5));
#3125=CARTESIAN_POINT('',(1.49917736758319,49.2812948528925,29.9000428196116));
#3126=CARTESIAN_POINT('Origin',(10.2347951744023,49.2812948528925,29.9000428196116));
#3127=CARTESIAN_POINT('',(10.2347951744023,42.2442693973993,4.28196116164514E-5));
#3128=CARTESIAN_POINT('',(10.2347951744023,42.2442693973993,29.9000428196116));
#3129=CARTESIAN_POINT('',(10.2347951744023,49.2812948528925,4.28196116164514E-5));
#3130=CARTESIAN_POINT('Origin',(1.49917736758319,42.2442693973993,29.9000428196116));
#3131=CARTESIAN_POINT('',(1.49917736758319,42.2442693973993,4.28196116164514E-5));
#3132=CARTESIAN_POINT('',(1.49917736758319,42.2442693973993,4.28196116164514E-5));
#3133=CARTESIAN_POINT('',(1.49917736758319,42.2442693973993,29.9000428196116));
#3134=CARTESIAN_POINT('Origin',(10.2347951744023,42.2442693973993,29.9000428196116));
#3135=CARTESIAN_POINT('',(10.2347951744023,42.2442693973993,4.28196116164514E-5));
#3136=CARTESIAN_POINT('Origin',(5.86698627099273,45.7627821251459,4.28196116164514E-5));
#3137=CARTESIAN_POINT('Origin',(1.49917736758319,25.6146281862258,29.9000428196116));
#3138=CARTESIAN_POINT('',(10.2347951744023,25.6146281862258,4.28196116164514E-5));
#3139=CARTESIAN_POINT('',(10.2347951744023,25.6146281862258,29.9000428196116));
#3140=CARTESIAN_POINT('',(1.49917736758319,25.6146281862258,4.28196116164514E-5));
#3141=CARTESIAN_POINT('',(1.49917736758319,25.6146281862258,4.28196116164514E-5));
#3142=CARTESIAN_POINT('',(1.49917736758319,25.6146281862258,29.9000428196116));
#3143=CARTESIAN_POINT('Origin',(10.2347951744023,25.6146281862258,29.9000428196116));
#3144=CARTESIAN_POINT('',(10.2347951744023,18.5776027307327,4.28196116164514E-5));
#3145=CARTESIAN_POINT('',(10.2347951744023,18.5776027307327,29.9000428196116));
#3146=CARTESIAN_POINT('',(10.2347951744023,25.6146281862258,4.28196116164514E-5));
#3147=CARTESIAN_POINT('Origin',(1.49917736758319,18.5776027307327,29.9000428196116));
#3148=CARTESIAN_POINT('',(1.49917736758319,18.5776027307327,4.28196116164514E-5));
#3149=CARTESIAN_POINT('',(1.49917736758319,18.5776027307327,4.28196116164514E-5));
#3150=CARTESIAN_POINT('',(1.49917736758319,18.5776027307327,29.9000428196116));
#3151=CARTESIAN_POINT('Origin',(10.2347951744023,18.5776027307327,29.9000428196116));
#3152=CARTESIAN_POINT('',(10.2347951744023,18.5776027307327,4.28196116164514E-5));
#3153=CARTESIAN_POINT('Origin',(5.86698627099273,22.0961154584792,4.28196116164514E-5));
#3154=CARTESIAN_POINT('Origin',(-15.8692934087998,-5.08906393593402,29.9000428196116));
#3155=CARTESIAN_POINT('',(-22.8132602690453,-5.08906393593402,4.28196116164514E-5));
#3156=CARTESIAN_POINT('',(-22.8132602690453,-5.08906393593402,29.9000428196116));
#3157=CARTESIAN_POINT('',(-15.8692934087998,-5.08906393593402,4.28196116164514E-5));
#3158=CARTESIAN_POINT('',(-15.8692934087998,-5.08906393593402,4.28196116164514E-5));
#3159=CARTESIAN_POINT('',(-15.8692934087998,-5.08906393593402,29.9000428196116));
#3160=CARTESIAN_POINT('Origin',(-22.8132602690453,-5.08906393593402,29.9000428196116));
#3161=CARTESIAN_POINT('',(-22.8132602690453,1.94796151955914,4.28196116164514E-5));
#3162=CARTESIAN_POINT('',(-22.8132602690453,1.94796151955914,29.9000428196116));
#3163=CARTESIAN_POINT('',(-22.8132602690453,-5.08906393593402,4.28196116164514E-5));
#3164=CARTESIAN_POINT('Origin',(-15.8692934087998,1.94796151955914,29.9000428196116));
#3165=CARTESIAN_POINT('',(-15.8692934087998,1.94796151955914,4.28196116164514E-5));
#3166=CARTESIAN_POINT('',(-15.8692934087998,1.94796151955914,4.28196116164514E-5));
#3167=CARTESIAN_POINT('',(-15.8692934087998,1.94796151955914,29.9000428196116));
#3168=CARTESIAN_POINT('Origin',(-22.8132602690453,1.94796151955914,29.9000428196116));
#3169=CARTESIAN_POINT('',(-22.8132602690453,1.94796151955914,4.28196116164514E-5));
#3170=CARTESIAN_POINT('Origin',(-19.3412768389226,-1.57055120818744,4.28196116164514E-5));
#3171=CARTESIAN_POINT('Origin',(-15.8692934087998,42.2442693973993,29.9000428196116));
#3172=CARTESIAN_POINT('',(-22.8132602690453,42.2442693973993,4.28196116164514E-5));
#3173=CARTESIAN_POINT('',(-22.8132602690453,42.2442693973993,29.9000428196116));
#3174=CARTESIAN_POINT('',(-15.8692934087998,42.2442693973993,4.28196116164514E-5));
#3175=CARTESIAN_POINT('',(-15.8692934087998,42.2442693973993,4.28196116164514E-5));
#3176=CARTESIAN_POINT('',(-15.8692934087998,42.2442693973993,29.9000428196116));
#3177=CARTESIAN_POINT('Origin',(-22.8132602690453,42.2442693973993,29.9000428196116));
#3178=CARTESIAN_POINT('',(-22.8132602690453,49.2812948528925,4.28196116164514E-5));
#3179=CARTESIAN_POINT('',(-22.8132602690453,49.2812948528925,29.9000428196116));
#3180=CARTESIAN_POINT('',(-22.8132602690453,42.2442693973993,4.28196116164514E-5));
#3181=CARTESIAN_POINT('Origin',(-15.8692934087998,49.2812948528925,29.9000428196116));
#3182=CARTESIAN_POINT('',(-15.8692934087998,49.2812948528925,4.28196116164514E-5));
#3183=CARTESIAN_POINT('',(-15.8692934087998,49.2812948528925,4.28196116164514E-5));
#3184=CARTESIAN_POINT('',(-15.8692934087998,49.2812948528925,29.9000428196116));
#3185=CARTESIAN_POINT('Origin',(-22.8132602690453,49.2812948528925,29.9000428196116));
#3186=CARTESIAN_POINT('',(-22.8132602690453,49.2812948528925,4.28196116164514E-5));
#3187=CARTESIAN_POINT('Origin',(-19.3412768389226,45.7627821251459,4.28196116164514E-5));
#3188=CARTESIAN_POINT('Origin',(1.49917736758319,-28.7557306026007,29.9000428196116));
#3189=CARTESIAN_POINT('',(1.49917736758319,-21.7187051471075,4.28196116164514E-5));
#3190=CARTESIAN_POINT('',(1.49917736758319,-21.7187051471075,29.9000428196116));
#3191=CARTESIAN_POINT('',(1.49917736758319,-28.7557306026007,4.28196116164514E-5));
#3192=CARTESIAN_POINT('',(1.49917736758319,-28.7557306026007,4.28196116164514E-5));
#3193=CARTESIAN_POINT('',(1.49917736758319,-28.7557306026007,29.9000428196116));
#3194=CARTESIAN_POINT('Origin',(1.49917736758319,-21.7187051471075,29.9000428196116));
#3195=CARTESIAN_POINT('',(10.2347951744023,-21.7187051471075,4.28196116164514E-5));
#3196=CARTESIAN_POINT('',(10.2347951744023,-21.7187051471075,29.9000428196116));
#3197=CARTESIAN_POINT('',(1.49917736758319,-21.7187051471075,4.28196116164514E-5));
#3198=CARTESIAN_POINT('Origin',(10.2347951744023,-28.7557306026007,29.9000428196116));
#3199=CARTESIAN_POINT('',(10.2347951744023,-28.7557306026007,4.28196116164514E-5));
#3200=CARTESIAN_POINT('',(10.2347951744023,-28.7557306026007,4.28196116164514E-5));
#3201=CARTESIAN_POINT('',(10.2347951744023,-28.7557306026007,29.9000428196116));
#3202=CARTESIAN_POINT('Origin',(10.2347951744023,-21.7187051471075,29.9000428196116));
#3203=CARTESIAN_POINT('',(10.2347951744023,-21.7187051471075,4.28196116164514E-5));
#3204=CARTESIAN_POINT('Origin',(5.86698627099273,-25.2372178748541,4.28196116164514E-5));
#3205=CARTESIAN_POINT('Origin',(33.5839695608758,65.2488256697091,29.9000428196116));
#3206=CARTESIAN_POINT('',(20.7835738228428,65.2488256697091,4.28196116164514E-5));
#3207=CARTESIAN_POINT('',(20.7835738228428,65.2488256697091,29.9000428196116));
#3208=CARTESIAN_POINT('',(33.5839695608758,65.2488256697091,4.28196116164514E-5));
#3209=CARTESIAN_POINT('',(33.5839695608758,65.2488256697091,4.28196116164514E-5));
#3210=CARTESIAN_POINT('',(33.5839695608758,65.2488256697091,29.9000428196116));
#3211=CARTESIAN_POINT('Origin',(12.9135174623621,65.2488256697091,29.9000428196116));
#3212=CARTESIAN_POINT('',(-1.71642617715723,65.2488256697091,4.28196116164514E-5));
#3213=CARTESIAN_POINT('',(-1.71642617715723,65.2488256697091,29.9000428196116));
#3214=CARTESIAN_POINT('',(12.9135174623621,65.2488256697091,4.28196116164514E-5));
#3215=CARTESIAN_POINT('',(33.5839695608758,65.2488256697091,4.28196116164514E-5));
#3216=CARTESIAN_POINT('',(12.9135174623621,65.2488256697091,29.9000428196116));
#3217=CARTESIAN_POINT('Origin',(-9.58648253763791,65.2488256697091,29.9000428196116));
#3218=CARTESIAN_POINT('',(-37.1660304391242,65.2488256697091,4.28196116164514E-5));
#3219=CARTESIAN_POINT('',(-37.1660304391242,65.2488256697091,29.9000428196116));
#3220=CARTESIAN_POINT('',(-9.58648253763791,65.2488256697091,4.28196116164514E-5));
#3221=CARTESIAN_POINT('',(33.5839695608758,65.2488256697091,4.28196116164514E-5));
#3222=CARTESIAN_POINT('',(-9.58648253763791,65.2488256697091,29.9000428196116));
#3223=CARTESIAN_POINT('Origin',(33.5839695608758,66.9191328381736,29.9000428196116));
#3224=CARTESIAN_POINT('',(33.5839695608758,66.9191328381736,29.9000428196116));
#3225=CARTESIAN_POINT('',(33.5839695608758,67.2191328381736,29.9000428196116));
#3226=CARTESIAN_POINT('',(33.5839695608758,66.9191328381736,4.28196116164514E-5));
#3227=CARTESIAN_POINT('',(33.5839695608758,67.2191328381736,4.28196116164514E-5));
#3228=CARTESIAN_POINT('',(33.5839695608758,66.9191328381736,29.9000428196116));
#3229=CARTESIAN_POINT('Origin',(-37.1660304391242,66.9191328381736,29.9000428196116));
#3230=CARTESIAN_POINT('',(-37.1660304391242,66.9191328381736,29.9000428196116));
#3231=CARTESIAN_POINT('',(33.5839695608758,66.9191328381736,29.9000428196116));
#3232=CARTESIAN_POINT('',(-37.1660304391242,66.9191328381736,4.28196116164514E-5));
#3233=CARTESIAN_POINT('',(33.5839695608758,66.9191328381736,4.28196116164514E-5));
#3234=CARTESIAN_POINT('',(-37.1660304391242,66.9191328381736,29.9000428196116));
#3235=CARTESIAN_POINT('Origin',(-37.1660304391242,65.2488256697091,29.9000428196116));
#3236=CARTESIAN_POINT('',(-37.1660304391242,-46.7808671618264,29.9000428196116));
#3237=CARTESIAN_POINT('',(-37.1660304391242,-46.7808671618264,4.28196116164514E-5));
#3238=CARTESIAN_POINT('Origin',(-5.65145435739757,57.6018947022743,29.9000428196116));
#3239=CARTESIAN_POINT('',(2.94854564260243,57.6018947022743,29.9000428196116));
#3240=CARTESIAN_POINT('Origin',(-5.65145435739757,57.6018947022743,29.9000428196116));
#3241=CARTESIAN_POINT('',(2.94854564260243,57.6018947022743,29.9000428196116));
#3242=CARTESIAN_POINT('Origin',(-5.65145435739757,57.6018947022743,4.28196116164514E-5));
#3243=CARTESIAN_POINT('Origin',(16.8485456426024,57.6018947022743,29.9000428196116));
#3244=CARTESIAN_POINT('',(25.4485456426024,57.6018947022743,29.9000428196116));
#3245=CARTESIAN_POINT('Origin',(16.8485456426024,57.6018947022743,29.9000428196116));
#3246=CARTESIAN_POINT('',(25.4485456426024,57.6018947022743,29.9000428196116));
#3247=CARTESIAN_POINT('Origin',(16.8485456426024,57.6018947022743,4.28196116164514E-5));
#3248=CARTESIAN_POINT('Origin',(-1.79103043912422,66.0839792539414,4.28196116164514E-5));
#3249=CARTESIAN_POINT('Origin',(1.49917736758319,1.94796151955914,29.9000428196116));
#3250=CARTESIAN_POINT('',(10.2347951744023,1.94796151955914,4.28196116164514E-5));
#3251=CARTESIAN_POINT('',(10.2347951744023,1.94796151955914,29.9000428196116));
#3252=CARTESIAN_POINT('',(1.49917736758319,1.94796151955914,4.28196116164514E-5));
#3253=CARTESIAN_POINT('',(1.49917736758319,1.94796151955914,4.28196116164514E-5));
#3254=CARTESIAN_POINT('',(1.49917736758319,1.94796151955914,29.9000428196116));
#3255=CARTESIAN_POINT('Origin',(10.2347951744023,1.94796151955914,29.9000428196116));
#3256=CARTESIAN_POINT('',(10.2347951744023,-5.08906393593402,4.28196116164514E-5));
#3257=CARTESIAN_POINT('',(10.2347951744023,-5.08906393593402,29.9000428196116));
#3258=CARTESIAN_POINT('',(10.2347951744023,1.94796151955914,4.28196116164514E-5));
#3259=CARTESIAN_POINT('Origin',(1.49917736758319,-5.08906393593402,29.9000428196116));
#3260=CARTESIAN_POINT('',(1.49917736758319,-5.08906393593402,4.28196116164514E-5));
#3261=CARTESIAN_POINT('',(1.49917736758319,-5.08906393593402,4.28196116164514E-5));
#3262=CARTESIAN_POINT('',(1.49917736758319,-5.08906393593402,29.9000428196116));
#3263=CARTESIAN_POINT('Origin',(10.2347951744023,-5.08906393593402,29.9000428196116));
#3264=CARTESIAN_POINT('',(10.2347951744023,-5.08906393593402,4.28196116164514E-5));
#3265=CARTESIAN_POINT('Origin',(5.86698627099273,-1.57055120818744,4.28196116164514E-5));
#3266=CARTESIAN_POINT('Origin',(-15.8692934087998,18.5776027307327,29.9000428196116));
#3267=CARTESIAN_POINT('',(-22.8132602690453,18.5776027307327,4.28196116164514E-5));
#3268=CARTESIAN_POINT('',(-22.8132602690453,18.5776027307327,29.9000428196116));
#3269=CARTESIAN_POINT('',(-15.8692934087998,18.5776027307327,4.28196116164514E-5));
#3270=CARTESIAN_POINT('',(-15.8692934087998,18.5776027307327,4.28196116164514E-5));
#3271=CARTESIAN_POINT('',(-15.8692934087998,18.5776027307327,29.9000428196116));
#3272=CARTESIAN_POINT('Origin',(-22.8132602690453,18.5776027307327,29.9000428196116));
#3273=CARTESIAN_POINT('',(-22.8132602690453,25.6146281862258,4.28196116164514E-5));
#3274=CARTESIAN_POINT('',(-22.8132602690453,25.6146281862258,29.9000428196116));
#3275=CARTESIAN_POINT('',(-22.8132602690453,18.5776027307327,4.28196116164514E-5));
#3276=CARTESIAN_POINT('Origin',(-15.8692934087998,25.6146281862258,29.9000428196116));
#3277=CARTESIAN_POINT('',(-15.8692934087998,25.6146281862258,4.28196116164514E-5));
#3278=CARTESIAN_POINT('',(-15.8692934087998,25.6146281862258,4.28196116164514E-5));
#3279=CARTESIAN_POINT('',(-15.8692934087998,25.6146281862258,29.9000428196116));
#3280=CARTESIAN_POINT('Origin',(-22.8132602690453,25.6146281862258,29.9000428196116));
#3281=CARTESIAN_POINT('',(-22.8132602690453,25.6146281862258,4.28196116164514E-5));
#3282=CARTESIAN_POINT('Origin',(-19.3412768389226,22.0961154584792,4.28196116164514E-5));
#3283=CARTESIAN_POINT('Origin',(-19.3412768389226,22.0961154584792,29.9000428196116));
#3284=CARTESIAN_POINT('',(66.7216848246894,29.5611158813198,-20.));
#3285=UNCERTAINTY_MEASURE_WITH_UNIT(LENGTH_MEASURE(0.01),#3291,
'DISTANCE_ACCURACY_VALUE',
'Maximum model space distance between geometric entities at asserted c
onnectivities');
#3286=UNCERTAINTY_MEASURE_WITH_UNIT(LENGTH_MEASURE(0.01),#3291,
'DISTANCE_ACCURACY_VALUE',
'Maximum model space distance between geometric entities at asserted c
onnectivities');
#3287=UNCERTAINTY_MEASURE_WITH_UNIT(LENGTH_MEASURE(0.01),#3291,
'DISTANCE_ACCURACY_VALUE',
'Maximum model space distance between geometric entities at asserted c
onnectivities');
#3288=(
GEOMETRIC_REPRESENTATION_CONTEXT(3)
GLOBAL_UNCERTAINTY_ASSIGNED_CONTEXT((#3285))
GLOBAL_UNIT_ASSIGNED_CONTEXT((#3291,#3293,#3294))
REPRESENTATION_CONTEXT('','3D')
);
#3289=(
GEOMETRIC_REPRESENTATION_CONTEXT(3)
GLOBAL_UNCERTAINTY_ASSIGNED_CONTEXT((#3286))
GLOBAL_UNIT_ASSIGNED_CONTEXT((#3291,#3293,#3294))
REPRESENTATION_CONTEXT('','3D')
);
#3290=(
GEOMETRIC_REPRESENTATION_CONTEXT(3)
GLOBAL_UNCERTAINTY_ASSIGNED_CONTEXT((#3287))
GLOBAL_UNIT_ASSIGNED_CONTEXT((#3291,#3293,#3294))
REPRESENTATION_CONTEXT('','3D')
);
#3291=(
LENGTH_UNIT()
NAMED_UNIT(*)
SI_UNIT(.MILLI.,.METRE.)
);
#3292=(
LENGTH_UNIT()
NAMED_UNIT(*)
SI_UNIT($,.METRE.)
);
#3293=(
NAMED_UNIT(*)
PLANE_ANGLE_UNIT()
SI_UNIT($,.RADIAN.)
);
#3294=(
NAMED_UNIT(*)
SI_UNIT($,.STERADIAN.)
SOLID_ANGLE_UNIT()
);
#3295=SHAPE_DEFINITION_REPRESENTATION(#3297,#3300);
#3296=SHAPE_DEFINITION_REPRESENTATION(#3298,#3301);
#3297=PRODUCT_DEFINITION_SHAPE('',$,#3303);
#3298=PRODUCT_DEFINITION_SHAPE('',$,#3304);
#3299=PRODUCT_DEFINITION_SHAPE($,$,#14);
#3300=SHAPE_REPRESENTATION('',(#2009,#2185),#3288);
#3301=SHAPE_REPRESENTATION('',(#2010),#3289);
#3302=PRODUCT_DEFINITION_CONTEXT('part definition',#3310,'design');
#3303=PRODUCT_DEFINITION('2026-04-06-15-48-40-513','(Unsaved)',#3305,#3302);
#3304=PRODUCT_DEFINITION('2026-05-15-10-56-38-459',
'Falcon tube hole 6x15ml few 2ml - Tillman v1',#3306,#3302);
#3305=PRODUCT_DEFINITION_FORMATION('',$,#3312);
#3306=PRODUCT_DEFINITION_FORMATION('',$,#3313);
#3307=PRODUCT_RELATED_PRODUCT_CATEGORY('(Unsaved)','(Unsaved)',(#3312));
#3308=PRODUCT_RELATED_PRODUCT_CATEGORY(
'Falcon tube hole 6x15ml few 2ml - Tillman v1',
'Falcon tube hole 6x15ml few 2ml - Tillman v1',(#3313));
#3309=APPLICATION_PROTOCOL_DEFINITION('international standard',
'automotive_design',2009,#3310);
#3310=APPLICATION_CONTEXT(
'Core Data for Automotive Mechanical Design Process');
#3311=PRODUCT_CONTEXT('part definition',#3310,'mechanical');
#3312=PRODUCT('2026-04-06-15-48-40-513','(Unsaved)',$,(#3311));
#3313=PRODUCT('2026-05-15-10-56-38-459',
'Falcon tube hole 6x15ml few 2ml - Tillman v1',$,(#3311));
#3314=PRESENTATION_STYLE_ASSIGNMENT((#3316));
#3315=PRESENTATION_STYLE_ASSIGNMENT((#3317));
#3316=SURFACE_STYLE_USAGE(.BOTH.,#3318);
#3317=SURFACE_STYLE_USAGE(.BOTH.,#3319);
#3318=SURFACE_SIDE_STYLE('',(#3320));
#3319=SURFACE_SIDE_STYLE('',(#3321));
#3320=SURFACE_STYLE_FILL_AREA(#3322);
#3321=SURFACE_STYLE_FILL_AREA(#3323);
#3322=FILL_AREA_STYLE('Steel - Satin',(#3324));
#3323=FILL_AREA_STYLE('Opaque(232,173,35)',(#3325));
#3324=FILL_AREA_STYLE_COLOUR('Steel - Satin',#3326);
#3325=FILL_AREA_STYLE_COLOUR('Opaque(232,173,35)',#3327);
#3326=COLOUR_RGB('Steel - Satin',0.627450980392157,0.627450980392157,0.627450980392157);
#3327=COLOUR_RGB('Opaque(232,173,35)',0.909803921568627,0.67843137254902,
0.137254901960784);
ENDSEC;
END-ISO-10303-21;
