ISO-10303-21;
HEADER;
/* Generated by software containing ST-Developer
 * from STEP Tools, Inc. (www.steptools.com) 
 */

FILE_DESCRIPTION(
/* description */ ('STEP AP242 Edition 2'),
/* implementation_level */ '2;1');

FILE_NAME(
/* name */ 'Pipette Holder for 2-200microliter tips .step',
/* time_stamp */ '2026-09-15T03:02:08+08:00',
/* author */ (''),
/* organization */ (''),
/* preprocessor_version */ 'ST-DEVELOPER v20.1',
/* originating_system */ 'Autodesk Translation Framework v15.8.0.0',
/* authorisation */ '');

FILE_SCHEMA (('AUTOMOTIVE_DESIGN { 1 0 10303 214 3 1 1 }'));
ENDSEC;

DATA;
#10=MECHANICAL_DESIGN_GEOMETRIC_PRESENTATION_REPRESENTATION('',(#13),#2866);
#11=SHAPE_REPRESENTATION_RELATIONSHIP('SRR','None',#2873,#12);
#12=ADVANCED_BREP_SHAPE_REPRESENTATION('',(#14),#2865);
#13=STYLED_ITEM('',(#2883),#14);
#14=MANIFOLD_SOLID_BREP('Body1',#1714);
#15=CYLINDRICAL_SURFACE('',#1785,2.625);
#16=CYLINDRICAL_SURFACE('',#1787,2.625);
#17=CYLINDRICAL_SURFACE('',#1789,2.625);
#18=CYLINDRICAL_SURFACE('',#1791,2.625);
#19=CYLINDRICAL_SURFACE('',#1793,2.625);
#20=CYLINDRICAL_SURFACE('',#1795,2.625);
#21=CYLINDRICAL_SURFACE('',#1797,2.625);
#22=CYLINDRICAL_SURFACE('',#1799,2.625);
#23=CYLINDRICAL_SURFACE('',#1801,2.625);
#24=CYLINDRICAL_SURFACE('',#1803,2.625);
#25=CYLINDRICAL_SURFACE('',#1805,2.625);
#26=CYLINDRICAL_SURFACE('',#1807,2.625);
#27=CYLINDRICAL_SURFACE('',#1809,2.625);
#28=CYLINDRICAL_SURFACE('',#1811,2.625);
#29=CYLINDRICAL_SURFACE('',#1813,2.625);
#30=CYLINDRICAL_SURFACE('',#1815,2.625);
#31=CYLINDRICAL_SURFACE('',#1817,2.625);
#32=CYLINDRICAL_SURFACE('',#1819,2.625);
#33=CYLINDRICAL_SURFACE('',#1821,2.625);
#34=CYLINDRICAL_SURFACE('',#1823,2.625);
#35=CYLINDRICAL_SURFACE('',#1825,2.625);
#36=CYLINDRICAL_SURFACE('',#1827,2.625);
#37=CYLINDRICAL_SURFACE('',#1829,2.625);
#38=CYLINDRICAL_SURFACE('',#1831,2.625);
#39=CYLINDRICAL_SURFACE('',#1833,2.625);
#40=CYLINDRICAL_SURFACE('',#1835,2.625);
#41=CYLINDRICAL_SURFACE('',#1837,2.625);
#42=CYLINDRICAL_SURFACE('',#1839,2.625);
#43=CYLINDRICAL_SURFACE('',#1841,2.625);
#44=CYLINDRICAL_SURFACE('',#1843,2.625);
#45=CYLINDRICAL_SURFACE('',#1845,2.625);
#46=CYLINDRICAL_SURFACE('',#1847,2.625);
#47=CYLINDRICAL_SURFACE('',#1849,2.625);
#48=CYLINDRICAL_SURFACE('',#1851,2.625);
#49=CYLINDRICAL_SURFACE('',#1853,2.625);
#50=CYLINDRICAL_SURFACE('',#1855,2.625);
#51=CYLINDRICAL_SURFACE('',#1857,2.625);
#52=CYLINDRICAL_SURFACE('',#1859,2.625);
#53=CYLINDRICAL_SURFACE('',#1861,2.625);
#54=CYLINDRICAL_SURFACE('',#1863,2.625);
#55=CYLINDRICAL_SURFACE('',#1865,2.625);
#56=CYLINDRICAL_SURFACE('',#1867,2.625);
#57=CYLINDRICAL_SURFACE('',#1869,2.625);
#58=CYLINDRICAL_SURFACE('',#1871,2.625);
#59=CYLINDRICAL_SURFACE('',#1873,2.625);
#60=CYLINDRICAL_SURFACE('',#1875,2.625);
#61=CYLINDRICAL_SURFACE('',#1877,2.625);
#62=CYLINDRICAL_SURFACE('',#1879,2.625);
#63=CYLINDRICAL_SURFACE('',#1881,2.625);
#64=CYLINDRICAL_SURFACE('',#1883,2.625);
#65=CYLINDRICAL_SURFACE('',#1885,2.625);
#66=CYLINDRICAL_SURFACE('',#1887,2.625);
#67=CYLINDRICAL_SURFACE('',#1889,2.625);
#68=CYLINDRICAL_SURFACE('',#1891,2.625);
#69=CYLINDRICAL_SURFACE('',#1893,2.625);
#70=FACE_BOUND('',#370,.T.);
#71=FACE_BOUND('',#371,.T.);
#72=FACE_BOUND('',#372,.T.);
#73=FACE_BOUND('',#373,.T.);
#74=FACE_BOUND('',#374,.T.);
#75=FACE_BOUND('',#375,.T.);
#76=FACE_BOUND('',#376,.T.);
#77=FACE_BOUND('',#377,.T.);
#78=FACE_BOUND('',#378,.T.);
#79=FACE_BOUND('',#379,.T.);
#80=FACE_BOUND('',#380,.T.);
#81=FACE_BOUND('',#381,.T.);
#82=FACE_BOUND('',#382,.T.);
#83=FACE_BOUND('',#383,.T.);
#84=FACE_BOUND('',#384,.T.);
#85=FACE_BOUND('',#385,.T.);
#86=FACE_BOUND('',#386,.T.);
#87=FACE_BOUND('',#387,.T.);
#88=FACE_BOUND('',#388,.T.);
#89=FACE_BOUND('',#389,.T.);
#90=FACE_BOUND('',#390,.T.);
#91=FACE_BOUND('',#391,.T.);
#92=FACE_BOUND('',#392,.T.);
#93=FACE_BOUND('',#393,.T.);
#94=FACE_BOUND('',#394,.T.);
#95=FACE_BOUND('',#395,.T.);
#96=FACE_BOUND('',#396,.T.);
#97=FACE_BOUND('',#397,.T.);
#98=FACE_BOUND('',#398,.T.);
#99=FACE_BOUND('',#399,.T.);
#100=FACE_BOUND('',#400,.T.);
#101=FACE_BOUND('',#401,.T.);
#102=FACE_BOUND('',#402,.T.);
#103=FACE_BOUND('',#403,.T.);
#104=FACE_BOUND('',#404,.T.);
#105=FACE_BOUND('',#405,.T.);
#106=FACE_BOUND('',#406,.T.);
#107=FACE_BOUND('',#407,.T.);
#108=FACE_BOUND('',#408,.T.);
#109=FACE_BOUND('',#409,.T.);
#110=FACE_BOUND('',#410,.T.);
#111=FACE_BOUND('',#411,.T.);
#112=FACE_BOUND('',#412,.T.);
#113=FACE_BOUND('',#413,.T.);
#114=FACE_BOUND('',#414,.T.);
#115=FACE_BOUND('',#415,.T.);
#116=FACE_BOUND('',#416,.T.);
#117=FACE_BOUND('',#417,.T.);
#118=FACE_BOUND('',#418,.T.);
#119=FACE_BOUND('',#419,.T.);
#120=FACE_BOUND('',#420,.T.);
#121=FACE_BOUND('',#421,.T.);
#122=FACE_BOUND('',#422,.T.);
#123=FACE_BOUND('',#423,.T.);
#124=FACE_BOUND('',#424,.T.);
#125=FACE_BOUND('',#483,.T.);
#126=FACE_BOUND('',#484,.T.);
#127=FACE_BOUND('',#485,.T.);
#128=FACE_BOUND('',#486,.T.);
#129=FACE_BOUND('',#487,.T.);
#130=FACE_BOUND('',#488,.T.);
#131=FACE_BOUND('',#489,.T.);
#132=FACE_BOUND('',#490,.T.);
#133=FACE_BOUND('',#491,.T.);
#134=FACE_BOUND('',#492,.T.);
#135=FACE_BOUND('',#493,.T.);
#136=FACE_BOUND('',#494,.T.);
#137=FACE_BOUND('',#495,.T.);
#138=FACE_BOUND('',#496,.T.);
#139=FACE_BOUND('',#497,.T.);
#140=FACE_BOUND('',#498,.T.);
#141=FACE_BOUND('',#499,.T.);
#142=FACE_BOUND('',#500,.T.);
#143=FACE_BOUND('',#501,.T.);
#144=FACE_BOUND('',#502,.T.);
#145=FACE_BOUND('',#503,.T.);
#146=FACE_BOUND('',#504,.T.);
#147=FACE_BOUND('',#505,.T.);
#148=FACE_BOUND('',#506,.T.);
#149=FACE_BOUND('',#507,.T.);
#150=FACE_BOUND('',#508,.T.);
#151=FACE_BOUND('',#509,.T.);
#152=FACE_BOUND('',#510,.T.);
#153=FACE_BOUND('',#511,.T.);
#154=FACE_BOUND('',#512,.T.);
#155=FACE_BOUND('',#513,.T.);
#156=FACE_BOUND('',#514,.T.);
#157=FACE_BOUND('',#515,.T.);
#158=FACE_BOUND('',#516,.T.);
#159=FACE_BOUND('',#517,.T.);
#160=FACE_BOUND('',#518,.T.);
#161=FACE_BOUND('',#519,.T.);
#162=FACE_BOUND('',#520,.T.);
#163=FACE_BOUND('',#521,.T.);
#164=FACE_BOUND('',#522,.T.);
#165=FACE_BOUND('',#523,.T.);
#166=FACE_BOUND('',#524,.T.);
#167=FACE_BOUND('',#525,.T.);
#168=FACE_BOUND('',#526,.T.);
#169=FACE_BOUND('',#527,.T.);
#170=FACE_BOUND('',#528,.T.);
#171=FACE_BOUND('',#529,.T.);
#172=FACE_BOUND('',#530,.T.);
#173=FACE_BOUND('',#531,.T.);
#174=FACE_BOUND('',#532,.T.);
#175=FACE_BOUND('',#533,.T.);
#176=FACE_BOUND('',#534,.T.);
#177=FACE_BOUND('',#535,.T.);
#178=FACE_BOUND('',#536,.T.);
#179=FACE_BOUND('',#537,.T.);
#180=FACE_BOUND('',#555,.T.);
#181=CIRCLE('',#1729,2.625);
#182=CIRCLE('',#1730,2.625);
#183=CIRCLE('',#1731,2.625);
#184=CIRCLE('',#1732,2.625);
#185=CIRCLE('',#1733,2.625);
#186=CIRCLE('',#1734,2.625);
#187=CIRCLE('',#1735,2.625);
#188=CIRCLE('',#1736,2.625);
#189=CIRCLE('',#1737,2.625);
#190=CIRCLE('',#1738,2.625);
#191=CIRCLE('',#1739,2.625);
#192=CIRCLE('',#1740,2.625);
#193=CIRCLE('',#1741,2.625);
#194=CIRCLE('',#1742,2.625);
#195=CIRCLE('',#1743,2.625);
#196=CIRCLE('',#1744,2.625);
#197=CIRCLE('',#1745,2.625);
#198=CIRCLE('',#1746,2.625);
#199=CIRCLE('',#1747,2.625);
#200=CIRCLE('',#1748,2.625);
#201=CIRCLE('',#1749,2.625);
#202=CIRCLE('',#1750,2.625);
#203=CIRCLE('',#1751,2.625);
#204=CIRCLE('',#1752,2.625);
#205=CIRCLE('',#1753,2.625);
#206=CIRCLE('',#1754,2.625);
#207=CIRCLE('',#1755,2.625);
#208=CIRCLE('',#1756,2.625);
#209=CIRCLE('',#1757,2.625);
#210=CIRCLE('',#1758,2.625);
#211=CIRCLE('',#1759,2.625);
#212=CIRCLE('',#1760,2.625);
#213=CIRCLE('',#1761,2.625);
#214=CIRCLE('',#1762,2.625);
#215=CIRCLE('',#1763,2.625);
#216=CIRCLE('',#1764,2.625);
#217=CIRCLE('',#1765,2.625);
#218=CIRCLE('',#1766,2.625);
#219=CIRCLE('',#1767,2.625);
#220=CIRCLE('',#1768,2.625);
#221=CIRCLE('',#1769,2.625);
#222=CIRCLE('',#1770,2.625);
#223=CIRCLE('',#1771,2.625);
#224=CIRCLE('',#1772,2.625);
#225=CIRCLE('',#1773,2.625);
#226=CIRCLE('',#1774,2.625);
#227=CIRCLE('',#1775,2.625);
#228=CIRCLE('',#1776,2.625);
#229=CIRCLE('',#1777,2.625);
#230=CIRCLE('',#1778,2.625);
#231=CIRCLE('',#1779,2.625);
#232=CIRCLE('',#1780,2.625);
#233=CIRCLE('',#1781,2.625);
#234=CIRCLE('',#1782,2.625);
#235=CIRCLE('',#1783,2.625);
#236=CIRCLE('',#1786,2.625);
#237=CIRCLE('',#1788,2.625);
#238=CIRCLE('',#1790,2.625);
#239=CIRCLE('',#1792,2.625);
#240=CIRCLE('',#1794,2.625);
#241=CIRCLE('',#1796,2.625);
#242=CIRCLE('',#1798,2.625);
#243=CIRCLE('',#1800,2.625);
#244=CIRCLE('',#1802,2.625);
#245=CIRCLE('',#1804,2.625);
#246=CIRCLE('',#1806,2.625);
#247=CIRCLE('',#1808,2.625);
#248=CIRCLE('',#1810,2.625);
#249=CIRCLE('',#1812,2.625);
#250=CIRCLE('',#1814,2.625);
#251=CIRCLE('',#1816,2.625);
#252=CIRCLE('',#1818,2.625);
#253=CIRCLE('',#1820,2.625);
#254=CIRCLE('',#1822,2.625);
#255=CIRCLE('',#1824,2.625);
#256=CIRCLE('',#1826,2.625);
#257=CIRCLE('',#1828,2.625);
#258=CIRCLE('',#1830,2.625);
#259=CIRCLE('',#1832,2.625);
#260=CIRCLE('',#1834,2.625);
#261=CIRCLE('',#1836,2.625);
#262=CIRCLE('',#1838,2.625);
#263=CIRCLE('',#1840,2.625);
#264=CIRCLE('',#1842,2.625);
#265=CIRCLE('',#1844,2.625);
#266=CIRCLE('',#1846,2.625);
#267=CIRCLE('',#1848,2.625);
#268=CIRCLE('',#1850,2.625);
#269=CIRCLE('',#1852,2.625);
#270=CIRCLE('',#1854,2.625);
#271=CIRCLE('',#1856,2.625);
#272=CIRCLE('',#1858,2.625);
#273=CIRCLE('',#1860,2.625);
#274=CIRCLE('',#1862,2.625);
#275=CIRCLE('',#1864,2.625);
#276=CIRCLE('',#1866,2.625);
#277=CIRCLE('',#1868,2.625);
#278=CIRCLE('',#1870,2.625);
#279=CIRCLE('',#1872,2.625);
#280=CIRCLE('',#1874,2.625);
#281=CIRCLE('',#1876,2.625);
#282=CIRCLE('',#1878,2.625);
#283=CIRCLE('',#1880,2.625);
#284=CIRCLE('',#1882,2.625);
#285=CIRCLE('',#1884,2.625);
#286=CIRCLE('',#1886,2.625);
#287=CIRCLE('',#1888,2.625);
#288=CIRCLE('',#1890,2.625);
#289=CIRCLE('',#1892,2.625);
#290=CIRCLE('',#1894,2.625);
#291=FACE_OUTER_BOUND('',#369,.T.);
#292=FACE_OUTER_BOUND('',#425,.T.);
#293=FACE_OUTER_BOUND('',#426,.T.);
#294=FACE_OUTER_BOUND('',#427,.T.);
#295=FACE_OUTER_BOUND('',#428,.T.);
#296=FACE_OUTER_BOUND('',#429,.T.);
#297=FACE_OUTER_BOUND('',#430,.T.);
#298=FACE_OUTER_BOUND('',#431,.T.);
#299=FACE_OUTER_BOUND('',#432,.T.);
#300=FACE_OUTER_BOUND('',#433,.T.);
#301=FACE_OUTER_BOUND('',#434,.T.);
#302=FACE_OUTER_BOUND('',#435,.T.);
#303=FACE_OUTER_BOUND('',#436,.T.);
#304=FACE_OUTER_BOUND('',#437,.T.);
#305=FACE_OUTER_BOUND('',#438,.T.);
#306=FACE_OUTER_BOUND('',#439,.T.);
#307=FACE_OUTER_BOUND('',#440,.T.);
#308=FACE_OUTER_BOUND('',#441,.T.);
#309=FACE_OUTER_BOUND('',#442,.T.);
#310=FACE_OUTER_BOUND('',#443,.T.);
#311=FACE_OUTER_BOUND('',#444,.T.);
#312=FACE_OUTER_BOUND('',#445,.T.);
#313=FACE_OUTER_BOUND('',#446,.T.);
#314=FACE_OUTER_BOUND('',#447,.T.);
#315=FACE_OUTER_BOUND('',#448,.T.);
#316=FACE_OUTER_BOUND('',#449,.T.);
#317=FACE_OUTER_BOUND('',#450,.T.);
#318=FACE_OUTER_BOUND('',#451,.T.);
#319=FACE_OUTER_BOUND('',#452,.T.);
#320=FACE_OUTER_BOUND('',#453,.T.);
#321=FACE_OUTER_BOUND('',#454,.T.);
#322=FACE_OUTER_BOUND('',#455,.T.);
#323=FACE_OUTER_BOUND('',#456,.T.);
#324=FACE_OUTER_BOUND('',#457,.T.);
#325=FACE_OUTER_BOUND('',#458,.T.);
#326=FACE_OUTER_BOUND('',#459,.T.);
#327=FACE_OUTER_BOUND('',#460,.T.);
#328=FACE_OUTER_BOUND('',#461,.T.);
#329=FACE_OUTER_BOUND('',#462,.T.);
#330=FACE_OUTER_BOUND('',#463,.T.);
#331=FACE_OUTER_BOUND('',#464,.T.);
#332=FACE_OUTER_BOUND('',#465,.T.);
#333=FACE_OUTER_BOUND('',#466,.T.);
#334=FACE_OUTER_BOUND('',#467,.T.);
#335=FACE_OUTER_BOUND('',#468,.T.);
#336=FACE_OUTER_BOUND('',#469,.T.);
#337=FACE_OUTER_BOUND('',#470,.T.);
#338=FACE_OUTER_BOUND('',#471,.T.);
#339=FACE_OUTER_BOUND('',#472,.T.);
#340=FACE_OUTER_BOUND('',#473,.T.);
#341=FACE_OUTER_BOUND('',#474,.T.);
#342=FACE_OUTER_BOUND('',#475,.T.);
#343=FACE_OUTER_BOUND('',#476,.T.);
#344=FACE_OUTER_BOUND('',#477,.T.);
#345=FACE_OUTER_BOUND('',#478,.T.);
#346=FACE_OUTER_BOUND('',#479,.T.);
#347=FACE_OUTER_BOUND('',#480,.T.);
#348=FACE_OUTER_BOUND('',#481,.T.);
#349=FACE_OUTER_BOUND('',#482,.T.);
#350=FACE_OUTER_BOUND('',#538,.T.);
#351=FACE_OUTER_BOUND('',#539,.T.);
#352=FACE_OUTER_BOUND('',#540,.T.);
#353=FACE_OUTER_BOUND('',#541,.T.);
#354=FACE_OUTER_BOUND('',#542,.T.);
#355=FACE_OUTER_BOUND('',#543,.T.);
#356=FACE_OUTER_BOUND('',#544,.T.);
#357=FACE_OUTER_BOUND('',#545,.T.);
#358=FACE_OUTER_BOUND('',#546,.T.);
#359=FACE_OUTER_BOUND('',#547,.T.);
#360=FACE_OUTER_BOUND('',#548,.T.);
#361=FACE_OUTER_BOUND('',#549,.T.);
#362=FACE_OUTER_BOUND('',#550,.T.);
#363=FACE_OUTER_BOUND('',#551,.T.);
#364=FACE_OUTER_BOUND('',#552,.T.);
#365=FACE_OUTER_BOUND('',#553,.T.);
#366=FACE_OUTER_BOUND('',#554,.T.);
#367=FACE_OUTER_BOUND('',#556,.T.);
#368=FACE_OUTER_BOUND('',#557,.T.);
#369=EDGE_LOOP('',(#1163,#1164,#1165,#1166));
#370=EDGE_LOOP('',(#1167));
#371=EDGE_LOOP('',(#1168));
#372=EDGE_LOOP('',(#1169));
#373=EDGE_LOOP('',(#1170));
#374=EDGE_LOOP('',(#1171));
#375=EDGE_LOOP('',(#1172));
#376=EDGE_LOOP('',(#1173));
#377=EDGE_LOOP('',(#1174));
#378=EDGE_LOOP('',(#1175));
#379=EDGE_LOOP('',(#1176));
#380=EDGE_LOOP('',(#1177));
#381=EDGE_LOOP('',(#1178));
#382=EDGE_LOOP('',(#1179));
#383=EDGE_LOOP('',(#1180));
#384=EDGE_LOOP('',(#1181));
#385=EDGE_LOOP('',(#1182));
#386=EDGE_LOOP('',(#1183));
#387=EDGE_LOOP('',(#1184));
#388=EDGE_LOOP('',(#1185));
#389=EDGE_LOOP('',(#1186));
#390=EDGE_LOOP('',(#1187));
#391=EDGE_LOOP('',(#1188));
#392=EDGE_LOOP('',(#1189));
#393=EDGE_LOOP('',(#1190));
#394=EDGE_LOOP('',(#1191));
#395=EDGE_LOOP('',(#1192));
#396=EDGE_LOOP('',(#1193));
#397=EDGE_LOOP('',(#1194));
#398=EDGE_LOOP('',(#1195));
#399=EDGE_LOOP('',(#1196));
#400=EDGE_LOOP('',(#1197));
#401=EDGE_LOOP('',(#1198));
#402=EDGE_LOOP('',(#1199));
#403=EDGE_LOOP('',(#1200));
#404=EDGE_LOOP('',(#1201));
#405=EDGE_LOOP('',(#1202));
#406=EDGE_LOOP('',(#1203));
#407=EDGE_LOOP('',(#1204));
#408=EDGE_LOOP('',(#1205));
#409=EDGE_LOOP('',(#1206));
#410=EDGE_LOOP('',(#1207));
#411=EDGE_LOOP('',(#1208));
#412=EDGE_LOOP('',(#1209));
#413=EDGE_LOOP('',(#1210));
#414=EDGE_LOOP('',(#1211));
#415=EDGE_LOOP('',(#1212));
#416=EDGE_LOOP('',(#1213));
#417=EDGE_LOOP('',(#1214));
#418=EDGE_LOOP('',(#1215));
#419=EDGE_LOOP('',(#1216));
#420=EDGE_LOOP('',(#1217));
#421=EDGE_LOOP('',(#1218));
#422=EDGE_LOOP('',(#1219));
#423=EDGE_LOOP('',(#1220));
#424=EDGE_LOOP('',(#1221));
#425=EDGE_LOOP('',(#1222,#1223,#1224,#1225,#1226,#1227,#1228,#1229,#1230,
#1231,#1232,#1233));
#426=EDGE_LOOP('',(#1234,#1235,#1236,#1237));
#427=EDGE_LOOP('',(#1238,#1239,#1240,#1241));
#428=EDGE_LOOP('',(#1242,#1243,#1244,#1245));
#429=EDGE_LOOP('',(#1246,#1247,#1248,#1249));
#430=EDGE_LOOP('',(#1250,#1251,#1252,#1253));
#431=EDGE_LOOP('',(#1254,#1255,#1256,#1257));
#432=EDGE_LOOP('',(#1258,#1259,#1260,#1261));
#433=EDGE_LOOP('',(#1262,#1263,#1264,#1265));
#434=EDGE_LOOP('',(#1266,#1267,#1268,#1269));
#435=EDGE_LOOP('',(#1270,#1271,#1272,#1273));
#436=EDGE_LOOP('',(#1274,#1275,#1276,#1277));
#437=EDGE_LOOP('',(#1278,#1279,#1280,#1281));
#438=EDGE_LOOP('',(#1282,#1283,#1284,#1285));
#439=EDGE_LOOP('',(#1286,#1287,#1288,#1289));
#440=EDGE_LOOP('',(#1290,#1291,#1292,#1293));
#441=EDGE_LOOP('',(#1294,#1295,#1296,#1297));
#442=EDGE_LOOP('',(#1298,#1299,#1300,#1301));
#443=EDGE_LOOP('',(#1302,#1303,#1304,#1305));
#444=EDGE_LOOP('',(#1306,#1307,#1308,#1309));
#445=EDGE_LOOP('',(#1310,#1311,#1312,#1313));
#446=EDGE_LOOP('',(#1314,#1315,#1316,#1317));
#447=EDGE_LOOP('',(#1318,#1319,#1320,#1321));
#448=EDGE_LOOP('',(#1322,#1323,#1324,#1325));
#449=EDGE_LOOP('',(#1326,#1327,#1328,#1329));
#450=EDGE_LOOP('',(#1330,#1331,#1332,#1333));
#451=EDGE_LOOP('',(#1334,#1335,#1336,#1337));
#452=EDGE_LOOP('',(#1338,#1339,#1340,#1341));
#453=EDGE_LOOP('',(#1342,#1343,#1344,#1345));
#454=EDGE_LOOP('',(#1346,#1347,#1348,#1349));
#455=EDGE_LOOP('',(#1350,#1351,#1352,#1353));
#456=EDGE_LOOP('',(#1354,#1355,#1356,#1357));
#457=EDGE_LOOP('',(#1358,#1359,#1360,#1361));
#458=EDGE_LOOP('',(#1362,#1363,#1364,#1365));
#459=EDGE_LOOP('',(#1366,#1367,#1368,#1369));
#460=EDGE_LOOP('',(#1370,#1371,#1372,#1373));
#461=EDGE_LOOP('',(#1374,#1375,#1376,#1377));
#462=EDGE_LOOP('',(#1378,#1379,#1380,#1381));
#463=EDGE_LOOP('',(#1382,#1383,#1384,#1385));
#464=EDGE_LOOP('',(#1386,#1387,#1388,#1389));
#465=EDGE_LOOP('',(#1390,#1391,#1392,#1393));
#466=EDGE_LOOP('',(#1394,#1395,#1396,#1397));
#467=EDGE_LOOP('',(#1398,#1399,#1400,#1401));
#468=EDGE_LOOP('',(#1402,#1403,#1404,#1405));
#469=EDGE_LOOP('',(#1406,#1407,#1408,#1409));
#470=EDGE_LOOP('',(#1410,#1411,#1412,#1413));
#471=EDGE_LOOP('',(#1414,#1415,#1416,#1417));
#472=EDGE_LOOP('',(#1418,#1419,#1420,#1421));
#473=EDGE_LOOP('',(#1422,#1423,#1424,#1425));
#474=EDGE_LOOP('',(#1426,#1427,#1428,#1429));
#475=EDGE_LOOP('',(#1430,#1431,#1432,#1433));
#476=EDGE_LOOP('',(#1434,#1435,#1436,#1437));
#477=EDGE_LOOP('',(#1438,#1439,#1440,#1441));
#478=EDGE_LOOP('',(#1442,#1443,#1444,#1445));
#479=EDGE_LOOP('',(#1446,#1447,#1448,#1449));
#480=EDGE_LOOP('',(#1450,#1451,#1452,#1453));
#481=EDGE_LOOP('',(#1454,#1455,#1456,#1457,#1458,#1459,#1460,#1461,#1462,
#1463,#1464,#1465));
#482=EDGE_LOOP('',(#1466,#1467,#1468,#1469));
#483=EDGE_LOOP('',(#1470));
#484=EDGE_LOOP('',(#1471));
#485=EDGE_LOOP('',(#1472));
#486=EDGE_LOOP('',(#1473));
#487=EDGE_LOOP('',(#1474));
#488=EDGE_LOOP('',(#1475));
#489=EDGE_LOOP('',(#1476));
#490=EDGE_LOOP('',(#1477));
#491=EDGE_LOOP('',(#1478));
#492=EDGE_LOOP('',(#1479));
#493=EDGE_LOOP('',(#1480));
#494=EDGE_LOOP('',(#1481));
#495=EDGE_LOOP('',(#1482));
#496=EDGE_LOOP('',(#1483));
#497=EDGE_LOOP('',(#1484));
#498=EDGE_LOOP('',(#1485));
#499=EDGE_LOOP('',(#1486));
#500=EDGE_LOOP('',(#1487));
#501=EDGE_LOOP('',(#1488));
#502=EDGE_LOOP('',(#1489));
#503=EDGE_LOOP('',(#1490));
#504=EDGE_LOOP('',(#1491));
#505=EDGE_LOOP('',(#1492));
#506=EDGE_LOOP('',(#1493));
#507=EDGE_LOOP('',(#1494));
#508=EDGE_LOOP('',(#1495));
#509=EDGE_LOOP('',(#1496));
#510=EDGE_LOOP('',(#1497));
#511=EDGE_LOOP('',(#1498));
#512=EDGE_LOOP('',(#1499));
#513=EDGE_LOOP('',(#1500));
#514=EDGE_LOOP('',(#1501));
#515=EDGE_LOOP('',(#1502));
#516=EDGE_LOOP('',(#1503));
#517=EDGE_LOOP('',(#1504));
#518=EDGE_LOOP('',(#1505));
#519=EDGE_LOOP('',(#1506));
#520=EDGE_LOOP('',(#1507));
#521=EDGE_LOOP('',(#1508));
#522=EDGE_LOOP('',(#1509));
#523=EDGE_LOOP('',(#1510));
#524=EDGE_LOOP('',(#1511));
#525=EDGE_LOOP('',(#1512));
#526=EDGE_LOOP('',(#1513));
#527=EDGE_LOOP('',(#1514));
#528=EDGE_LOOP('',(#1515));
#529=EDGE_LOOP('',(#1516));
#530=EDGE_LOOP('',(#1517));
#531=EDGE_LOOP('',(#1518));
#532=EDGE_LOOP('',(#1519));
#533=EDGE_LOOP('',(#1520));
#534=EDGE_LOOP('',(#1521));
#535=EDGE_LOOP('',(#1522));
#536=EDGE_LOOP('',(#1523));
#537=EDGE_LOOP('',(#1524));
#538=EDGE_LOOP('',(#1525,#1526,#1527,#1528));
#539=EDGE_LOOP('',(#1529,#1530,#1531,#1532));
#540=EDGE_LOOP('',(#1533,#1534,#1535,#1536));
#541=EDGE_LOOP('',(#1537,#1538,#1539,#1540));
#542=EDGE_LOOP('',(#1541,#1542,#1543,#1544));
#543=EDGE_LOOP('',(#1545,#1546,#1547,#1548,#1549,#1550));
#544=EDGE_LOOP('',(#1551,#1552,#1553,#1554));
#545=EDGE_LOOP('',(#1555,#1556,#1557,#1558));
#546=EDGE_LOOP('',(#1559,#1560,#1561,#1562));
#547=EDGE_LOOP('',(#1563,#1564,#1565,#1566));
#548=EDGE_LOOP('',(#1567,#1568,#1569,#1570,#1571,#1572));
#549=EDGE_LOOP('',(#1573,#1574,#1575,#1576));
#550=EDGE_LOOP('',(#1577,#1578,#1579,#1580));
#551=EDGE_LOOP('',(#1581,#1582,#1583,#1584,#1585,#1586));
#552=EDGE_LOOP('',(#1587,#1588,#1589,#1590));
#553=EDGE_LOOP('',(#1591,#1592,#1593,#1594,#1595,#1596));
#554=EDGE_LOOP('',(#1597,#1598,#1599,#1600));
#555=EDGE_LOOP('',(#1601,#1602,#1603,#1604));
#556=EDGE_LOOP('',(#1605,#1606,#1607,#1608));
#557=EDGE_LOOP('',(#1609,#1610,#1611,#1612));
#558=LINE('',#2413,#673);
#559=LINE('',#2415,#674);
#560=LINE('',#2417,#675);
#561=LINE('',#2418,#676);
#562=LINE('',#2532,#677);
#563=LINE('',#2534,#678);
#564=LINE('',#2536,#679);
#565=LINE('',#2538,#680);
#566=LINE('',#2539,#681);
#567=LINE('',#2541,#682);
#568=LINE('',#2543,#683);
#569=LINE('',#2545,#684);
#570=LINE('',#2547,#685);
#571=LINE('',#2549,#686);
#572=LINE('',#2550,#687);
#573=LINE('',#2554,#688);
#574=LINE('',#2558,#689);
#575=LINE('',#2562,#690);
#576=LINE('',#2566,#691);
#577=LINE('',#2570,#692);
#578=LINE('',#2574,#693);
#579=LINE('',#2578,#694);
#580=LINE('',#2582,#695);
#581=LINE('',#2586,#696);
#582=LINE('',#2590,#697);
#583=LINE('',#2594,#698);
#584=LINE('',#2598,#699);
#585=LINE('',#2602,#700);
#586=LINE('',#2606,#701);
#587=LINE('',#2610,#702);
#588=LINE('',#2614,#703);
#589=LINE('',#2618,#704);
#590=LINE('',#2622,#705);
#591=LINE('',#2626,#706);
#592=LINE('',#2630,#707);
#593=LINE('',#2634,#708);
#594=LINE('',#2638,#709);
#595=LINE('',#2642,#710);
#596=LINE('',#2646,#711);
#597=LINE('',#2650,#712);
#598=LINE('',#2654,#713);
#599=LINE('',#2658,#714);
#600=LINE('',#2662,#715);
#601=LINE('',#2666,#716);
#602=LINE('',#2670,#717);
#603=LINE('',#2674,#718);
#604=LINE('',#2678,#719);
#605=LINE('',#2682,#720);
#606=LINE('',#2686,#721);
#607=LINE('',#2690,#722);
#608=LINE('',#2694,#723);
#609=LINE('',#2698,#724);
#610=LINE('',#2702,#725);
#611=LINE('',#2706,#726);
#612=LINE('',#2710,#727);
#613=LINE('',#2714,#728);
#614=LINE('',#2718,#729);
#615=LINE('',#2722,#730);
#616=LINE('',#2726,#731);
#617=LINE('',#2730,#732);
#618=LINE('',#2734,#733);
#619=LINE('',#2738,#734);
#620=LINE('',#2742,#735);
#621=LINE('',#2746,#736);
#622=LINE('',#2750,#737);
#623=LINE('',#2754,#738);
#624=LINE('',#2758,#739);
#625=LINE('',#2762,#740);
#626=LINE('',#2766,#741);
#627=LINE('',#2770,#742);
#628=LINE('',#2774,#743);
#629=LINE('',#2776,#744);
#630=LINE('',#2778,#745);
#631=LINE('',#2780,#746);
#632=LINE('',#2781,#747);
#633=LINE('',#2783,#748);
#634=LINE('',#2785,#749);
#635=LINE('',#2787,#750);
#636=LINE('',#2789,#751);
#637=LINE('',#2791,#752);
#638=LINE('',#2792,#753);
#639=LINE('',#2796,#754);
#640=LINE('',#2798,#755);
#641=LINE('',#2800,#756);
#642=LINE('',#2801,#757);
#643=LINE('',#2804,#758);
#644=LINE('',#2806,#759);
#645=LINE('',#2807,#760);
#646=LINE('',#2810,#761);
#647=LINE('',#2811,#762);
#648=LINE('',#2813,#763);
#649=LINE('',#2814,#764);
#650=LINE('',#2816,#765);
#651=LINE('',#2820,#766);
#652=LINE('',#2822,#767);
#653=LINE('',#2824,#768);
#654=LINE('',#2825,#769);
#655=LINE('',#2827,#770);
#656=LINE('',#2828,#771);
#657=LINE('',#2830,#772);
#658=LINE('',#2832,#773);
#659=LINE('',#2834,#774);
#660=LINE('',#2835,#775);
#661=LINE('',#2839,#776);
#662=LINE('',#2841,#777);
#663=LINE('',#2843,#778);
#664=LINE('',#2844,#779);
#665=LINE('',#2846,#780);
#666=LINE('',#2847,#781);
#667=LINE('',#2849,#782);
#668=LINE('',#2851,#783);
#669=LINE('',#2854,#784);
#670=LINE('',#2858,#785);
#671=LINE('',#2859,#786);
#672=LINE('',#2861,#787);
#673=VECTOR('',#1920,1000.);
#674=VECTOR('',#1921,1000.);
#675=VECTOR('',#1922,1000.);
#676=VECTOR('',#1923,1000.);
#677=VECTOR('',#2036,1000.);
#678=VECTOR('',#2037,1000.);
#679=VECTOR('',#2038,1000.);
#680=VECTOR('',#2039,1000.);
#681=VECTOR('',#2040,1000.);
#682=VECTOR('',#2041,1000.);
#683=VECTOR('',#2042,1000.);
#684=VECTOR('',#2043,1000.);
#685=VECTOR('',#2044,1000.);
#686=VECTOR('',#2045,1000.);
#687=VECTOR('',#2046,1000.);
#688=VECTOR('',#2051,2.625);
#689=VECTOR('',#2056,2.625);
#690=VECTOR('',#2061,2.625);
#691=VECTOR('',#2066,2.625);
#692=VECTOR('',#2071,2.625);
#693=VECTOR('',#2076,2.625);
#694=VECTOR('',#2081,2.625);
#695=VECTOR('',#2086,2.625);
#696=VECTOR('',#2091,2.625);
#697=VECTOR('',#2096,2.625);
#698=VECTOR('',#2101,2.625);
#699=VECTOR('',#2106,2.625);
#700=VECTOR('',#2111,2.625);
#701=VECTOR('',#2116,2.625);
#702=VECTOR('',#2121,2.625);
#703=VECTOR('',#2126,2.625);
#704=VECTOR('',#2131,2.625);
#705=VECTOR('',#2136,2.625);
#706=VECTOR('',#2141,2.625);
#707=VECTOR('',#2146,2.625);
#708=VECTOR('',#2151,2.625);
#709=VECTOR('',#2156,2.625);
#710=VECTOR('',#2161,2.625);
#711=VECTOR('',#2166,2.625);
#712=VECTOR('',#2171,2.625);
#713=VECTOR('',#2176,2.625);
#714=VECTOR('',#2181,2.625);
#715=VECTOR('',#2186,2.625);
#716=VECTOR('',#2191,2.625);
#717=VECTOR('',#2196,2.625);
#718=VECTOR('',#2201,2.625);
#719=VECTOR('',#2206,2.625);
#720=VECTOR('',#2211,2.625);
#721=VECTOR('',#2216,2.625);
#722=VECTOR('',#2221,2.625);
#723=VECTOR('',#2226,2.625);
#724=VECTOR('',#2231,2.625);
#725=VECTOR('',#2236,2.625);
#726=VECTOR('',#2241,2.625);
#727=VECTOR('',#2246,2.625);
#728=VECTOR('',#2251,2.625);
#729=VECTOR('',#2256,2.625);
#730=VECTOR('',#2261,2.625);
#731=VECTOR('',#2266,2.625);
#732=VECTOR('',#2271,2.625);
#733=VECTOR('',#2276,2.625);
#734=VECTOR('',#2281,2.625);
#735=VECTOR('',#2286,2.625);
#736=VECTOR('',#2291,2.625);
#737=VECTOR('',#2296,2.625);
#738=VECTOR('',#2301,2.625);
#739=VECTOR('',#2306,2.625);
#740=VECTOR('',#2311,2.625);
#741=VECTOR('',#2316,2.625);
#742=VECTOR('',#2321,2.625);
#743=VECTOR('',#2324,1000.);
#744=VECTOR('',#2325,1000.);
#745=VECTOR('',#2326,1000.);
#746=VECTOR('',#2327,1000.);
#747=VECTOR('',#2328,1000.);
#748=VECTOR('',#2329,1000.);
#749=VECTOR('',#2330,1000.);
#750=VECTOR('',#2331,1000.);
#751=VECTOR('',#2332,1000.);
#752=VECTOR('',#2333,1000.);
#753=VECTOR('',#2334,1000.);
#754=VECTOR('',#2337,1000.);
#755=VECTOR('',#2338,1000.);
#756=VECTOR('',#2339,1000.);
#757=VECTOR('',#2340,1000.);
#758=VECTOR('',#2343,1000.);
#759=VECTOR('',#2344,1000.);
#760=VECTOR('',#2345,1000.);
#761=VECTOR('',#2348,1000.);
#762=VECTOR('',#2349,1000.);
#763=VECTOR('',#2352,1000.);
#764=VECTOR('',#2353,1000.);
#765=VECTOR('',#2356,1000.);
#766=VECTOR('',#2359,1000.);
#767=VECTOR('',#2360,1000.);
#768=VECTOR('',#2361,1000.);
#769=VECTOR('',#2362,1000.);
#770=VECTOR('',#2365,1000.);
#771=VECTOR('',#2366,1000.);
#772=VECTOR('',#2369,1000.);
#773=VECTOR('',#2372,1000.);
#774=VECTOR('',#2375,1000.);
#775=VECTOR('',#2376,1000.);
#776=VECTOR('',#2379,1000.);
#777=VECTOR('',#2380,1000.);
#778=VECTOR('',#2381,1000.);
#779=VECTOR('',#2382,1000.);
#780=VECTOR('',#2385,1000.);
#781=VECTOR('',#2386,1000.);
#782=VECTOR('',#2389,1000.);
#783=VECTOR('',#2392,1000.);
#784=VECTOR('',#2397,1000.);
#785=VECTOR('',#2402,1000.);
#786=VECTOR('',#2403,1000.);
#787=VECTOR('',#2406,1000.);
#788=VERTEX_POINT('',#2411);
#789=VERTEX_POINT('',#2412);
#790=VERTEX_POINT('',#2414);
#791=VERTEX_POINT('',#2416);
#792=VERTEX_POINT('',#2419);
#793=VERTEX_POINT('',#2421);
#794=VERTEX_POINT('',#2423);
#795=VERTEX_POINT('',#2425);
#796=VERTEX_POINT('',#2427);
#797=VERTEX_POINT('',#2429);
#798=VERTEX_POINT('',#2431);
#799=VERTEX_POINT('',#2433);
#800=VERTEX_POINT('',#2435);
#801=VERTEX_POINT('',#2437);
#802=VERTEX_POINT('',#2439);
#803=VERTEX_POINT('',#2441);
#804=VERTEX_POINT('',#2443);
#805=VERTEX_POINT('',#2445);
#806=VERTEX_POINT('',#2447);
#807=VERTEX_POINT('',#2449);
#808=VERTEX_POINT('',#2451);
#809=VERTEX_POINT('',#2453);
#810=VERTEX_POINT('',#2455);
#811=VERTEX_POINT('',#2457);
#812=VERTEX_POINT('',#2459);
#813=VERTEX_POINT('',#2461);
#814=VERTEX_POINT('',#2463);
#815=VERTEX_POINT('',#2465);
#816=VERTEX_POINT('',#2467);
#817=VERTEX_POINT('',#2469);
#818=VERTEX_POINT('',#2471);
#819=VERTEX_POINT('',#2473);
#820=VERTEX_POINT('',#2475);
#821=VERTEX_POINT('',#2477);
#822=VERTEX_POINT('',#2479);
#823=VERTEX_POINT('',#2481);
#824=VERTEX_POINT('',#2483);
#825=VERTEX_POINT('',#2485);
#826=VERTEX_POINT('',#2487);
#827=VERTEX_POINT('',#2489);
#828=VERTEX_POINT('',#2491);
#829=VERTEX_POINT('',#2493);
#830=VERTEX_POINT('',#2495);
#831=VERTEX_POINT('',#2497);
#832=VERTEX_POINT('',#2499);
#833=VERTEX_POINT('',#2501);
#834=VERTEX_POINT('',#2503);
#835=VERTEX_POINT('',#2505);
#836=VERTEX_POINT('',#2507);
#837=VERTEX_POINT('',#2509);
#838=VERTEX_POINT('',#2511);
#839=VERTEX_POINT('',#2513);
#840=VERTEX_POINT('',#2515);
#841=VERTEX_POINT('',#2517);
#842=VERTEX_POINT('',#2519);
#843=VERTEX_POINT('',#2521);
#844=VERTEX_POINT('',#2523);
#845=VERTEX_POINT('',#2525);
#846=VERTEX_POINT('',#2527);
#847=VERTEX_POINT('',#2530);
#848=VERTEX_POINT('',#2531);
#849=VERTEX_POINT('',#2533);
#850=VERTEX_POINT('',#2535);
#851=VERTEX_POINT('',#2537);
#852=VERTEX_POINT('',#2540);
#853=VERTEX_POINT('',#2542);
#854=VERTEX_POINT('',#2544);
#855=VERTEX_POINT('',#2546);
#856=VERTEX_POINT('',#2548);
#857=VERTEX_POINT('',#2552);
#858=VERTEX_POINT('',#2556);
#859=VERTEX_POINT('',#2560);
#860=VERTEX_POINT('',#2564);
#861=VERTEX_POINT('',#2568);
#862=VERTEX_POINT('',#2572);
#863=VERTEX_POINT('',#2576);
#864=VERTEX_POINT('',#2580);
#865=VERTEX_POINT('',#2584);
#866=VERTEX_POINT('',#2588);
#867=VERTEX_POINT('',#2592);
#868=VERTEX_POINT('',#2596);
#869=VERTEX_POINT('',#2600);
#870=VERTEX_POINT('',#2604);
#871=VERTEX_POINT('',#2608);
#872=VERTEX_POINT('',#2612);
#873=VERTEX_POINT('',#2616);
#874=VERTEX_POINT('',#2620);
#875=VERTEX_POINT('',#2624);
#876=VERTEX_POINT('',#2628);
#877=VERTEX_POINT('',#2632);
#878=VERTEX_POINT('',#2636);
#879=VERTEX_POINT('',#2640);
#880=VERTEX_POINT('',#2644);
#881=VERTEX_POINT('',#2648);
#882=VERTEX_POINT('',#2652);
#883=VERTEX_POINT('',#2656);
#884=VERTEX_POINT('',#2660);
#885=VERTEX_POINT('',#2664);
#886=VERTEX_POINT('',#2668);
#887=VERTEX_POINT('',#2672);
#888=VERTEX_POINT('',#2676);
#889=VERTEX_POINT('',#2680);
#890=VERTEX_POINT('',#2684);
#891=VERTEX_POINT('',#2688);
#892=VERTEX_POINT('',#2692);
#893=VERTEX_POINT('',#2696);
#894=VERTEX_POINT('',#2700);
#895=VERTEX_POINT('',#2704);
#896=VERTEX_POINT('',#2708);
#897=VERTEX_POINT('',#2712);
#898=VERTEX_POINT('',#2716);
#899=VERTEX_POINT('',#2720);
#900=VERTEX_POINT('',#2724);
#901=VERTEX_POINT('',#2728);
#902=VERTEX_POINT('',#2732);
#903=VERTEX_POINT('',#2736);
#904=VERTEX_POINT('',#2740);
#905=VERTEX_POINT('',#2744);
#906=VERTEX_POINT('',#2748);
#907=VERTEX_POINT('',#2752);
#908=VERTEX_POINT('',#2756);
#909=VERTEX_POINT('',#2760);
#910=VERTEX_POINT('',#2764);
#911=VERTEX_POINT('',#2768);
#912=VERTEX_POINT('',#2772);
#913=VERTEX_POINT('',#2773);
#914=VERTEX_POINT('',#2775);
#915=VERTEX_POINT('',#2777);
#916=VERTEX_POINT('',#2779);
#917=VERTEX_POINT('',#2782);
#918=VERTEX_POINT('',#2784);
#919=VERTEX_POINT('',#2786);
#920=VERTEX_POINT('',#2788);
#921=VERTEX_POINT('',#2790);
#922=VERTEX_POINT('',#2794);
#923=VERTEX_POINT('',#2795);
#924=VERTEX_POINT('',#2797);
#925=VERTEX_POINT('',#2799);
#926=VERTEX_POINT('',#2803);
#927=VERTEX_POINT('',#2805);
#928=VERTEX_POINT('',#2809);
#929=VERTEX_POINT('',#2818);
#930=VERTEX_POINT('',#2819);
#931=VERTEX_POINT('',#2821);
#932=VERTEX_POINT('',#2823);
#933=VERTEX_POINT('',#2837);
#934=VERTEX_POINT('',#2838);
#935=VERTEX_POINT('',#2840);
#936=VERTEX_POINT('',#2842);
#937=VERTEX_POINT('',#2857);
#938=EDGE_CURVE('',#788,#789,#558,.T.);
#939=EDGE_CURVE('',#788,#790,#559,.T.);
#940=EDGE_CURVE('',#791,#790,#560,.T.);
#941=EDGE_CURVE('',#791,#789,#561,.T.);
#942=EDGE_CURVE('',#792,#792,#181,.T.);
#943=EDGE_CURVE('',#793,#793,#182,.T.);
#944=EDGE_CURVE('',#794,#794,#183,.T.);
#945=EDGE_CURVE('',#795,#795,#184,.T.);
#946=EDGE_CURVE('',#796,#796,#185,.T.);
#947=EDGE_CURVE('',#797,#797,#186,.T.);
#948=EDGE_CURVE('',#798,#798,#187,.T.);
#949=EDGE_CURVE('',#799,#799,#188,.T.);
#950=EDGE_CURVE('',#800,#800,#189,.T.);
#951=EDGE_CURVE('',#801,#801,#190,.T.);
#952=EDGE_CURVE('',#802,#802,#191,.T.);
#953=EDGE_CURVE('',#803,#803,#192,.T.);
#954=EDGE_CURVE('',#804,#804,#193,.T.);
#955=EDGE_CURVE('',#805,#805,#194,.T.);
#956=EDGE_CURVE('',#806,#806,#195,.T.);
#957=EDGE_CURVE('',#807,#807,#196,.T.);
#958=EDGE_CURVE('',#808,#808,#197,.T.);
#959=EDGE_CURVE('',#809,#809,#198,.T.);
#960=EDGE_CURVE('',#810,#810,#199,.T.);
#961=EDGE_CURVE('',#811,#811,#200,.T.);
#962=EDGE_CURVE('',#812,#812,#201,.T.);
#963=EDGE_CURVE('',#813,#813,#202,.T.);
#964=EDGE_CURVE('',#814,#814,#203,.T.);
#965=EDGE_CURVE('',#815,#815,#204,.T.);
#966=EDGE_CURVE('',#816,#816,#205,.T.);
#967=EDGE_CURVE('',#817,#817,#206,.T.);
#968=EDGE_CURVE('',#818,#818,#207,.T.);
#969=EDGE_CURVE('',#819,#819,#208,.T.);
#970=EDGE_CURVE('',#820,#820,#209,.T.);
#971=EDGE_CURVE('',#821,#821,#210,.T.);
#972=EDGE_CURVE('',#822,#822,#211,.T.);
#973=EDGE_CURVE('',#823,#823,#212,.T.);
#974=EDGE_CURVE('',#824,#824,#213,.T.);
#975=EDGE_CURVE('',#825,#825,#214,.T.);
#976=EDGE_CURVE('',#826,#826,#215,.T.);
#977=EDGE_CURVE('',#827,#827,#216,.T.);
#978=EDGE_CURVE('',#828,#828,#217,.T.);
#979=EDGE_CURVE('',#829,#829,#218,.T.);
#980=EDGE_CURVE('',#830,#830,#219,.T.);
#981=EDGE_CURVE('',#831,#831,#220,.T.);
#982=EDGE_CURVE('',#832,#832,#221,.T.);
#983=EDGE_CURVE('',#833,#833,#222,.T.);
#984=EDGE_CURVE('',#834,#834,#223,.T.);
#985=EDGE_CURVE('',#835,#835,#224,.T.);
#986=EDGE_CURVE('',#836,#836,#225,.T.);
#987=EDGE_CURVE('',#837,#837,#226,.T.);
#988=EDGE_CURVE('',#838,#838,#227,.T.);
#989=EDGE_CURVE('',#839,#839,#228,.T.);
#990=EDGE_CURVE('',#840,#840,#229,.T.);
#991=EDGE_CURVE('',#841,#841,#230,.T.);
#992=EDGE_CURVE('',#842,#842,#231,.T.);
#993=EDGE_CURVE('',#843,#843,#232,.T.);
#994=EDGE_CURVE('',#844,#844,#233,.T.);
#995=EDGE_CURVE('',#845,#845,#234,.T.);
#996=EDGE_CURVE('',#846,#846,#235,.T.);
#997=EDGE_CURVE('',#847,#848,#562,.T.);
#998=EDGE_CURVE('',#849,#847,#563,.T.);
#999=EDGE_CURVE('',#850,#849,#564,.T.);
#1000=EDGE_CURVE('',#851,#850,#565,.T.);
#1001=EDGE_CURVE('',#790,#851,#566,.T.);
#1002=EDGE_CURVE('',#852,#788,#567,.T.);
#1003=EDGE_CURVE('',#853,#852,#568,.T.);
#1004=EDGE_CURVE('',#854,#853,#569,.T.);
#1005=EDGE_CURVE('',#855,#854,#570,.T.);
#1006=EDGE_CURVE('',#856,#855,#571,.T.);
#1007=EDGE_CURVE('',#848,#856,#572,.T.);
#1008=EDGE_CURVE('',#857,#857,#236,.T.);
#1009=EDGE_CURVE('',#857,#846,#573,.T.);
#1010=EDGE_CURVE('',#858,#858,#237,.T.);
#1011=EDGE_CURVE('',#858,#845,#574,.T.);
#1012=EDGE_CURVE('',#859,#859,#238,.T.);
#1013=EDGE_CURVE('',#859,#844,#575,.T.);
#1014=EDGE_CURVE('',#860,#860,#239,.T.);
#1015=EDGE_CURVE('',#860,#843,#576,.T.);
#1016=EDGE_CURVE('',#861,#861,#240,.T.);
#1017=EDGE_CURVE('',#861,#842,#577,.T.);
#1018=EDGE_CURVE('',#862,#862,#241,.T.);
#1019=EDGE_CURVE('',#862,#841,#578,.T.);
#1020=EDGE_CURVE('',#863,#863,#242,.T.);
#1021=EDGE_CURVE('',#863,#840,#579,.T.);
#1022=EDGE_CURVE('',#864,#864,#243,.T.);
#1023=EDGE_CURVE('',#864,#839,#580,.T.);
#1024=EDGE_CURVE('',#865,#865,#244,.T.);
#1025=EDGE_CURVE('',#865,#838,#581,.T.);
#1026=EDGE_CURVE('',#866,#866,#245,.T.);
#1027=EDGE_CURVE('',#866,#837,#582,.T.);
#1028=EDGE_CURVE('',#867,#867,#246,.T.);
#1029=EDGE_CURVE('',#867,#836,#583,.T.);
#1030=EDGE_CURVE('',#868,#868,#247,.T.);
#1031=EDGE_CURVE('',#868,#835,#584,.T.);
#1032=EDGE_CURVE('',#869,#869,#248,.T.);
#1033=EDGE_CURVE('',#869,#834,#585,.T.);
#1034=EDGE_CURVE('',#870,#870,#249,.T.);
#1035=EDGE_CURVE('',#870,#833,#586,.T.);
#1036=EDGE_CURVE('',#871,#871,#250,.T.);
#1037=EDGE_CURVE('',#871,#832,#587,.T.);
#1038=EDGE_CURVE('',#872,#872,#251,.T.);
#1039=EDGE_CURVE('',#872,#831,#588,.T.);
#1040=EDGE_CURVE('',#873,#873,#252,.T.);
#1041=EDGE_CURVE('',#873,#830,#589,.T.);
#1042=EDGE_CURVE('',#874,#874,#253,.T.);
#1043=EDGE_CURVE('',#874,#829,#590,.T.);
#1044=EDGE_CURVE('',#875,#875,#254,.T.);
#1045=EDGE_CURVE('',#875,#828,#591,.T.);
#1046=EDGE_CURVE('',#876,#876,#255,.T.);
#1047=EDGE_CURVE('',#876,#827,#592,.T.);
#1048=EDGE_CURVE('',#877,#877,#256,.T.);
#1049=EDGE_CURVE('',#877,#826,#593,.T.);
#1050=EDGE_CURVE('',#878,#878,#257,.T.);
#1051=EDGE_CURVE('',#878,#825,#594,.T.);
#1052=EDGE_CURVE('',#879,#879,#258,.T.);
#1053=EDGE_CURVE('',#879,#824,#595,.T.);
#1054=EDGE_CURVE('',#880,#880,#259,.T.);
#1055=EDGE_CURVE('',#880,#823,#596,.T.);
#1056=EDGE_CURVE('',#881,#881,#260,.T.);
#1057=EDGE_CURVE('',#881,#822,#597,.T.);
#1058=EDGE_CURVE('',#882,#882,#261,.T.);
#1059=EDGE_CURVE('',#882,#821,#598,.T.);
#1060=EDGE_CURVE('',#883,#883,#262,.T.);
#1061=EDGE_CURVE('',#883,#820,#599,.T.);
#1062=EDGE_CURVE('',#884,#884,#263,.T.);
#1063=EDGE_CURVE('',#884,#819,#600,.T.);
#1064=EDGE_CURVE('',#885,#885,#264,.T.);
#1065=EDGE_CURVE('',#885,#818,#601,.T.);
#1066=EDGE_CURVE('',#886,#886,#265,.T.);
#1067=EDGE_CURVE('',#886,#817,#602,.T.);
#1068=EDGE_CURVE('',#887,#887,#266,.T.);
#1069=EDGE_CURVE('',#887,#816,#603,.T.);
#1070=EDGE_CURVE('',#888,#888,#267,.T.);
#1071=EDGE_CURVE('',#888,#815,#604,.T.);
#1072=EDGE_CURVE('',#889,#889,#268,.T.);
#1073=EDGE_CURVE('',#889,#814,#605,.T.);
#1074=EDGE_CURVE('',#890,#890,#269,.T.);
#1075=EDGE_CURVE('',#890,#813,#606,.T.);
#1076=EDGE_CURVE('',#891,#891,#270,.T.);
#1077=EDGE_CURVE('',#891,#812,#607,.T.);
#1078=EDGE_CURVE('',#892,#892,#271,.T.);
#1079=EDGE_CURVE('',#892,#811,#608,.T.);
#1080=EDGE_CURVE('',#893,#893,#272,.T.);
#1081=EDGE_CURVE('',#893,#810,#609,.T.);
#1082=EDGE_CURVE('',#894,#894,#273,.T.);
#1083=EDGE_CURVE('',#894,#809,#610,.T.);
#1084=EDGE_CURVE('',#895,#895,#274,.T.);
#1085=EDGE_CURVE('',#895,#808,#611,.T.);
#1086=EDGE_CURVE('',#896,#896,#275,.T.);
#1087=EDGE_CURVE('',#896,#807,#612,.T.);
#1088=EDGE_CURVE('',#897,#897,#276,.T.);
#1089=EDGE_CURVE('',#897,#806,#613,.T.);
#1090=EDGE_CURVE('',#898,#898,#277,.T.);
#1091=EDGE_CURVE('',#898,#805,#614,.T.);
#1092=EDGE_CURVE('',#899,#899,#278,.T.);
#1093=EDGE_CURVE('',#899,#804,#615,.T.);
#1094=EDGE_CURVE('',#900,#900,#279,.T.);
#1095=EDGE_CURVE('',#900,#803,#616,.T.);
#1096=EDGE_CURVE('',#901,#901,#280,.T.);
#1097=EDGE_CURVE('',#901,#802,#617,.T.);
#1098=EDGE_CURVE('',#902,#902,#281,.T.);
#1099=EDGE_CURVE('',#902,#801,#618,.T.);
#1100=EDGE_CURVE('',#903,#903,#282,.T.);
#1101=EDGE_CURVE('',#903,#800,#619,.T.);
#1102=EDGE_CURVE('',#904,#904,#283,.T.);
#1103=EDGE_CURVE('',#904,#799,#620,.T.);
#1104=EDGE_CURVE('',#905,#905,#284,.T.);
#1105=EDGE_CURVE('',#905,#798,#621,.T.);
#1106=EDGE_CURVE('',#906,#906,#285,.T.);
#1107=EDGE_CURVE('',#906,#797,#622,.T.);
#1108=EDGE_CURVE('',#907,#907,#286,.T.);
#1109=EDGE_CURVE('',#907,#796,#623,.T.);
#1110=EDGE_CURVE('',#908,#908,#287,.T.);
#1111=EDGE_CURVE('',#908,#795,#624,.T.);
#1112=EDGE_CURVE('',#909,#909,#288,.T.);
#1113=EDGE_CURVE('',#909,#794,#625,.T.);
#1114=EDGE_CURVE('',#910,#910,#289,.T.);
#1115=EDGE_CURVE('',#910,#793,#626,.T.);
#1116=EDGE_CURVE('',#911,#911,#290,.T.);
#1117=EDGE_CURVE('',#911,#792,#627,.T.);
#1118=EDGE_CURVE('',#912,#913,#628,.T.);
#1119=EDGE_CURVE('',#914,#912,#629,.T.);
#1120=EDGE_CURVE('',#914,#915,#630,.T.);
#1121=EDGE_CURVE('',#916,#915,#631,.T.);
#1122=EDGE_CURVE('',#789,#916,#632,.T.);
#1123=EDGE_CURVE('',#917,#791,#633,.T.);
#1124=EDGE_CURVE('',#918,#917,#634,.T.);
#1125=EDGE_CURVE('',#919,#918,#635,.T.);
#1126=EDGE_CURVE('',#920,#919,#636,.T.);
#1127=EDGE_CURVE('',#921,#920,#637,.T.);
#1128=EDGE_CURVE('',#913,#921,#638,.T.);
#1129=EDGE_CURVE('',#922,#923,#639,.T.);
#1130=EDGE_CURVE('',#923,#924,#640,.T.);
#1131=EDGE_CURVE('',#924,#925,#641,.T.);
#1132=EDGE_CURVE('',#925,#922,#642,.T.);
#1133=EDGE_CURVE('',#922,#926,#643,.T.);
#1134=EDGE_CURVE('',#927,#926,#644,.T.);
#1135=EDGE_CURVE('',#927,#923,#645,.T.);
#1136=EDGE_CURVE('',#925,#928,#646,.T.);
#1137=EDGE_CURVE('',#926,#928,#647,.T.);
#1138=EDGE_CURVE('',#848,#921,#648,.T.);
#1139=EDGE_CURVE('',#847,#920,#649,.T.);
#1140=EDGE_CURVE('',#851,#917,#650,.T.);
#1141=EDGE_CURVE('',#929,#930,#651,.T.);
#1142=EDGE_CURVE('',#931,#929,#652,.T.);
#1143=EDGE_CURVE('',#931,#932,#653,.T.);
#1144=EDGE_CURVE('',#930,#932,#654,.T.);
#1145=EDGE_CURVE('',#919,#931,#655,.T.);
#1146=EDGE_CURVE('',#929,#849,#656,.T.);
#1147=EDGE_CURVE('',#932,#918,#657,.T.);
#1148=EDGE_CURVE('',#916,#852,#658,.T.);
#1149=EDGE_CURVE('',#913,#856,#659,.T.);
#1150=EDGE_CURVE('',#912,#855,#660,.T.);
#1151=EDGE_CURVE('',#933,#934,#661,.T.);
#1152=EDGE_CURVE('',#935,#933,#662,.T.);
#1153=EDGE_CURVE('',#935,#936,#663,.T.);
#1154=EDGE_CURVE('',#934,#936,#664,.T.);
#1155=EDGE_CURVE('',#915,#935,#665,.T.);
#1156=EDGE_CURVE('',#853,#933,#666,.T.);
#1157=EDGE_CURVE('',#936,#914,#667,.T.);
#1158=EDGE_CURVE('',#854,#934,#668,.T.);
#1159=EDGE_CURVE('',#930,#850,#669,.T.);
#1160=EDGE_CURVE('',#928,#937,#670,.T.);
#1161=EDGE_CURVE('',#937,#927,#671,.T.);
#1162=EDGE_CURVE('',#924,#937,#672,.T.);
#1163=ORIENTED_EDGE('',*,*,#938,.F.);
#1164=ORIENTED_EDGE('',*,*,#939,.T.);
#1165=ORIENTED_EDGE('',*,*,#940,.F.);
#1166=ORIENTED_EDGE('',*,*,#941,.T.);
#1167=ORIENTED_EDGE('',*,*,#942,.T.);
#1168=ORIENTED_EDGE('',*,*,#943,.T.);
#1169=ORIENTED_EDGE('',*,*,#944,.T.);
#1170=ORIENTED_EDGE('',*,*,#945,.T.);
#1171=ORIENTED_EDGE('',*,*,#946,.T.);
#1172=ORIENTED_EDGE('',*,*,#947,.T.);
#1173=ORIENTED_EDGE('',*,*,#948,.T.);
#1174=ORIENTED_EDGE('',*,*,#949,.T.);
#1175=ORIENTED_EDGE('',*,*,#950,.T.);
#1176=ORIENTED_EDGE('',*,*,#951,.T.);
#1177=ORIENTED_EDGE('',*,*,#952,.T.);
#1178=ORIENTED_EDGE('',*,*,#953,.T.);
#1179=ORIENTED_EDGE('',*,*,#954,.T.);
#1180=ORIENTED_EDGE('',*,*,#955,.T.);
#1181=ORIENTED_EDGE('',*,*,#956,.T.);
#1182=ORIENTED_EDGE('',*,*,#957,.T.);
#1183=ORIENTED_EDGE('',*,*,#958,.T.);
#1184=ORIENTED_EDGE('',*,*,#959,.T.);
#1185=ORIENTED_EDGE('',*,*,#960,.T.);
#1186=ORIENTED_EDGE('',*,*,#961,.T.);
#1187=ORIENTED_EDGE('',*,*,#962,.T.);
#1188=ORIENTED_EDGE('',*,*,#963,.T.);
#1189=ORIENTED_EDGE('',*,*,#964,.T.);
#1190=ORIENTED_EDGE('',*,*,#965,.T.);
#1191=ORIENTED_EDGE('',*,*,#966,.T.);
#1192=ORIENTED_EDGE('',*,*,#967,.T.);
#1193=ORIENTED_EDGE('',*,*,#968,.T.);
#1194=ORIENTED_EDGE('',*,*,#969,.T.);
#1195=ORIENTED_EDGE('',*,*,#970,.T.);
#1196=ORIENTED_EDGE('',*,*,#971,.T.);
#1197=ORIENTED_EDGE('',*,*,#972,.T.);
#1198=ORIENTED_EDGE('',*,*,#973,.T.);
#1199=ORIENTED_EDGE('',*,*,#974,.T.);
#1200=ORIENTED_EDGE('',*,*,#975,.T.);
#1201=ORIENTED_EDGE('',*,*,#976,.T.);
#1202=ORIENTED_EDGE('',*,*,#977,.T.);
#1203=ORIENTED_EDGE('',*,*,#978,.T.);
#1204=ORIENTED_EDGE('',*,*,#979,.T.);
#1205=ORIENTED_EDGE('',*,*,#980,.T.);
#1206=ORIENTED_EDGE('',*,*,#981,.T.);
#1207=ORIENTED_EDGE('',*,*,#982,.T.);
#1208=ORIENTED_EDGE('',*,*,#983,.T.);
#1209=ORIENTED_EDGE('',*,*,#984,.T.);
#1210=ORIENTED_EDGE('',*,*,#985,.T.);
#1211=ORIENTED_EDGE('',*,*,#986,.T.);
#1212=ORIENTED_EDGE('',*,*,#987,.T.);
#1213=ORIENTED_EDGE('',*,*,#988,.T.);
#1214=ORIENTED_EDGE('',*,*,#989,.T.);
#1215=ORIENTED_EDGE('',*,*,#990,.T.);
#1216=ORIENTED_EDGE('',*,*,#991,.T.);
#1217=ORIENTED_EDGE('',*,*,#992,.T.);
#1218=ORIENTED_EDGE('',*,*,#993,.T.);
#1219=ORIENTED_EDGE('',*,*,#994,.T.);
#1220=ORIENTED_EDGE('',*,*,#995,.T.);
#1221=ORIENTED_EDGE('',*,*,#996,.T.);
#1222=ORIENTED_EDGE('',*,*,#997,.F.);
#1223=ORIENTED_EDGE('',*,*,#998,.F.);
#1224=ORIENTED_EDGE('',*,*,#999,.F.);
#1225=ORIENTED_EDGE('',*,*,#1000,.F.);
#1226=ORIENTED_EDGE('',*,*,#1001,.F.);
#1227=ORIENTED_EDGE('',*,*,#939,.F.);
#1228=ORIENTED_EDGE('',*,*,#1002,.F.);
#1229=ORIENTED_EDGE('',*,*,#1003,.F.);
#1230=ORIENTED_EDGE('',*,*,#1004,.F.);
#1231=ORIENTED_EDGE('',*,*,#1005,.F.);
#1232=ORIENTED_EDGE('',*,*,#1006,.F.);
#1233=ORIENTED_EDGE('',*,*,#1007,.F.);
#1234=ORIENTED_EDGE('',*,*,#1008,.T.);
#1235=ORIENTED_EDGE('',*,*,#1009,.T.);
#1236=ORIENTED_EDGE('',*,*,#996,.F.);
#1237=ORIENTED_EDGE('',*,*,#1009,.F.);
#1238=ORIENTED_EDGE('',*,*,#1010,.T.);
#1239=ORIENTED_EDGE('',*,*,#1011,.T.);
#1240=ORIENTED_EDGE('',*,*,#995,.F.);
#1241=ORIENTED_EDGE('',*,*,#1011,.F.);
#1242=ORIENTED_EDGE('',*,*,#1012,.T.);
#1243=ORIENTED_EDGE('',*,*,#1013,.T.);
#1244=ORIENTED_EDGE('',*,*,#994,.F.);
#1245=ORIENTED_EDGE('',*,*,#1013,.F.);
#1246=ORIENTED_EDGE('',*,*,#1014,.T.);
#1247=ORIENTED_EDGE('',*,*,#1015,.T.);
#1248=ORIENTED_EDGE('',*,*,#993,.F.);
#1249=ORIENTED_EDGE('',*,*,#1015,.F.);
#1250=ORIENTED_EDGE('',*,*,#1016,.T.);
#1251=ORIENTED_EDGE('',*,*,#1017,.T.);
#1252=ORIENTED_EDGE('',*,*,#992,.F.);
#1253=ORIENTED_EDGE('',*,*,#1017,.F.);
#1254=ORIENTED_EDGE('',*,*,#1018,.T.);
#1255=ORIENTED_EDGE('',*,*,#1019,.T.);
#1256=ORIENTED_EDGE('',*,*,#991,.F.);
#1257=ORIENTED_EDGE('',*,*,#1019,.F.);
#1258=ORIENTED_EDGE('',*,*,#1020,.T.);
#1259=ORIENTED_EDGE('',*,*,#1021,.T.);
#1260=ORIENTED_EDGE('',*,*,#990,.F.);
#1261=ORIENTED_EDGE('',*,*,#1021,.F.);
#1262=ORIENTED_EDGE('',*,*,#1022,.T.);
#1263=ORIENTED_EDGE('',*,*,#1023,.T.);
#1264=ORIENTED_EDGE('',*,*,#989,.F.);
#1265=ORIENTED_EDGE('',*,*,#1023,.F.);
#1266=ORIENTED_EDGE('',*,*,#1024,.T.);
#1267=ORIENTED_EDGE('',*,*,#1025,.T.);
#1268=ORIENTED_EDGE('',*,*,#988,.F.);
#1269=ORIENTED_EDGE('',*,*,#1025,.F.);
#1270=ORIENTED_EDGE('',*,*,#1026,.T.);
#1271=ORIENTED_EDGE('',*,*,#1027,.T.);
#1272=ORIENTED_EDGE('',*,*,#987,.F.);
#1273=ORIENTED_EDGE('',*,*,#1027,.F.);
#1274=ORIENTED_EDGE('',*,*,#1028,.T.);
#1275=ORIENTED_EDGE('',*,*,#1029,.T.);
#1276=ORIENTED_EDGE('',*,*,#986,.F.);
#1277=ORIENTED_EDGE('',*,*,#1029,.F.);
#1278=ORIENTED_EDGE('',*,*,#1030,.T.);
#1279=ORIENTED_EDGE('',*,*,#1031,.T.);
#1280=ORIENTED_EDGE('',*,*,#985,.F.);
#1281=ORIENTED_EDGE('',*,*,#1031,.F.);
#1282=ORIENTED_EDGE('',*,*,#1032,.T.);
#1283=ORIENTED_EDGE('',*,*,#1033,.T.);
#1284=ORIENTED_EDGE('',*,*,#984,.F.);
#1285=ORIENTED_EDGE('',*,*,#1033,.F.);
#1286=ORIENTED_EDGE('',*,*,#1034,.T.);
#1287=ORIENTED_EDGE('',*,*,#1035,.T.);
#1288=ORIENTED_EDGE('',*,*,#983,.F.);
#1289=ORIENTED_EDGE('',*,*,#1035,.F.);
#1290=ORIENTED_EDGE('',*,*,#1036,.T.);
#1291=ORIENTED_EDGE('',*,*,#1037,.T.);
#1292=ORIENTED_EDGE('',*,*,#982,.F.);
#1293=ORIENTED_EDGE('',*,*,#1037,.F.);
#1294=ORIENTED_EDGE('',*,*,#1038,.T.);
#1295=ORIENTED_EDGE('',*,*,#1039,.T.);
#1296=ORIENTED_EDGE('',*,*,#981,.F.);
#1297=ORIENTED_EDGE('',*,*,#1039,.F.);
#1298=ORIENTED_EDGE('',*,*,#1040,.T.);
#1299=ORIENTED_EDGE('',*,*,#1041,.T.);
#1300=ORIENTED_EDGE('',*,*,#980,.F.);
#1301=ORIENTED_EDGE('',*,*,#1041,.F.);
#1302=ORIENTED_EDGE('',*,*,#1042,.T.);
#1303=ORIENTED_EDGE('',*,*,#1043,.T.);
#1304=ORIENTED_EDGE('',*,*,#979,.F.);
#1305=ORIENTED_EDGE('',*,*,#1043,.F.);
#1306=ORIENTED_EDGE('',*,*,#1044,.T.);
#1307=ORIENTED_EDGE('',*,*,#1045,.T.);
#1308=ORIENTED_EDGE('',*,*,#978,.F.);
#1309=ORIENTED_EDGE('',*,*,#1045,.F.);
#1310=ORIENTED_EDGE('',*,*,#1046,.T.);
#1311=ORIENTED_EDGE('',*,*,#1047,.T.);
#1312=ORIENTED_EDGE('',*,*,#977,.F.);
#1313=ORIENTED_EDGE('',*,*,#1047,.F.);
#1314=ORIENTED_EDGE('',*,*,#1048,.T.);
#1315=ORIENTED_EDGE('',*,*,#1049,.T.);
#1316=ORIENTED_EDGE('',*,*,#976,.F.);
#1317=ORIENTED_EDGE('',*,*,#1049,.F.);
#1318=ORIENTED_EDGE('',*,*,#1050,.T.);
#1319=ORIENTED_EDGE('',*,*,#1051,.T.);
#1320=ORIENTED_EDGE('',*,*,#975,.F.);
#1321=ORIENTED_EDGE('',*,*,#1051,.F.);
#1322=ORIENTED_EDGE('',*,*,#1052,.T.);
#1323=ORIENTED_EDGE('',*,*,#1053,.T.);
#1324=ORIENTED_EDGE('',*,*,#974,.F.);
#1325=ORIENTED_EDGE('',*,*,#1053,.F.);
#1326=ORIENTED_EDGE('',*,*,#1054,.T.);
#1327=ORIENTED_EDGE('',*,*,#1055,.T.);
#1328=ORIENTED_EDGE('',*,*,#973,.F.);
#1329=ORIENTED_EDGE('',*,*,#1055,.F.);
#1330=ORIENTED_EDGE('',*,*,#1056,.T.);
#1331=ORIENTED_EDGE('',*,*,#1057,.T.);
#1332=ORIENTED_EDGE('',*,*,#972,.F.);
#1333=ORIENTED_EDGE('',*,*,#1057,.F.);
#1334=ORIENTED_EDGE('',*,*,#1058,.T.);
#1335=ORIENTED_EDGE('',*,*,#1059,.T.);
#1336=ORIENTED_EDGE('',*,*,#971,.F.);
#1337=ORIENTED_EDGE('',*,*,#1059,.F.);
#1338=ORIENTED_EDGE('',*,*,#1060,.T.);
#1339=ORIENTED_EDGE('',*,*,#1061,.T.);
#1340=ORIENTED_EDGE('',*,*,#970,.F.);
#1341=ORIENTED_EDGE('',*,*,#1061,.F.);
#1342=ORIENTED_EDGE('',*,*,#1062,.T.);
#1343=ORIENTED_EDGE('',*,*,#1063,.T.);
#1344=ORIENTED_EDGE('',*,*,#969,.F.);
#1345=ORIENTED_EDGE('',*,*,#1063,.F.);
#1346=ORIENTED_EDGE('',*,*,#1064,.T.);
#1347=ORIENTED_EDGE('',*,*,#1065,.T.);
#1348=ORIENTED_EDGE('',*,*,#968,.F.);
#1349=ORIENTED_EDGE('',*,*,#1065,.F.);
#1350=ORIENTED_EDGE('',*,*,#1066,.T.);
#1351=ORIENTED_EDGE('',*,*,#1067,.T.);
#1352=ORIENTED_EDGE('',*,*,#967,.F.);
#1353=ORIENTED_EDGE('',*,*,#1067,.F.);
#1354=ORIENTED_EDGE('',*,*,#1068,.T.);
#1355=ORIENTED_EDGE('',*,*,#1069,.T.);
#1356=ORIENTED_EDGE('',*,*,#966,.F.);
#1357=ORIENTED_EDGE('',*,*,#1069,.F.);
#1358=ORIENTED_EDGE('',*,*,#1070,.T.);
#1359=ORIENTED_EDGE('',*,*,#1071,.T.);
#1360=ORIENTED_EDGE('',*,*,#965,.F.);
#1361=ORIENTED_EDGE('',*,*,#1071,.F.);
#1362=ORIENTED_EDGE('',*,*,#1072,.T.);
#1363=ORIENTED_EDGE('',*,*,#1073,.T.);
#1364=ORIENTED_EDGE('',*,*,#964,.F.);
#1365=ORIENTED_EDGE('',*,*,#1073,.F.);
#1366=ORIENTED_EDGE('',*,*,#1074,.T.);
#1367=ORIENTED_EDGE('',*,*,#1075,.T.);
#1368=ORIENTED_EDGE('',*,*,#963,.F.);
#1369=ORIENTED_EDGE('',*,*,#1075,.F.);
#1370=ORIENTED_EDGE('',*,*,#1076,.T.);
#1371=ORIENTED_EDGE('',*,*,#1077,.T.);
#1372=ORIENTED_EDGE('',*,*,#962,.F.);
#1373=ORIENTED_EDGE('',*,*,#1077,.F.);
#1374=ORIENTED_EDGE('',*,*,#1078,.T.);
#1375=ORIENTED_EDGE('',*,*,#1079,.T.);
#1376=ORIENTED_EDGE('',*,*,#961,.F.);
#1377=ORIENTED_EDGE('',*,*,#1079,.F.);
#1378=ORIENTED_EDGE('',*,*,#1080,.T.);
#1379=ORIENTED_EDGE('',*,*,#1081,.T.);
#1380=ORIENTED_EDGE('',*,*,#960,.F.);
#1381=ORIENTED_EDGE('',*,*,#1081,.F.);
#1382=ORIENTED_EDGE('',*,*,#1082,.T.);
#1383=ORIENTED_EDGE('',*,*,#1083,.T.);
#1384=ORIENTED_EDGE('',*,*,#959,.F.);
#1385=ORIENTED_EDGE('',*,*,#1083,.F.);
#1386=ORIENTED_EDGE('',*,*,#1084,.T.);
#1387=ORIENTED_EDGE('',*,*,#1085,.T.);
#1388=ORIENTED_EDGE('',*,*,#958,.F.);
#1389=ORIENTED_EDGE('',*,*,#1085,.F.);
#1390=ORIENTED_EDGE('',*,*,#1086,.T.);
#1391=ORIENTED_EDGE('',*,*,#1087,.T.);
#1392=ORIENTED_EDGE('',*,*,#957,.F.);
#1393=ORIENTED_EDGE('',*,*,#1087,.F.);
#1394=ORIENTED_EDGE('',*,*,#1088,.T.);
#1395=ORIENTED_EDGE('',*,*,#1089,.T.);
#1396=ORIENTED_EDGE('',*,*,#956,.F.);
#1397=ORIENTED_EDGE('',*,*,#1089,.F.);
#1398=ORIENTED_EDGE('',*,*,#1090,.T.);
#1399=ORIENTED_EDGE('',*,*,#1091,.T.);
#1400=ORIENTED_EDGE('',*,*,#955,.F.);
#1401=ORIENTED_EDGE('',*,*,#1091,.F.);
#1402=ORIENTED_EDGE('',*,*,#1092,.T.);
#1403=ORIENTED_EDGE('',*,*,#1093,.T.);
#1404=ORIENTED_EDGE('',*,*,#954,.F.);
#1405=ORIENTED_EDGE('',*,*,#1093,.F.);
#1406=ORIENTED_EDGE('',*,*,#1094,.T.);
#1407=ORIENTED_EDGE('',*,*,#1095,.T.);
#1408=ORIENTED_EDGE('',*,*,#953,.F.);
#1409=ORIENTED_EDGE('',*,*,#1095,.F.);
#1410=ORIENTED_EDGE('',*,*,#1096,.T.);
#1411=ORIENTED_EDGE('',*,*,#1097,.T.);
#1412=ORIENTED_EDGE('',*,*,#952,.F.);
#1413=ORIENTED_EDGE('',*,*,#1097,.F.);
#1414=ORIENTED_EDGE('',*,*,#1098,.T.);
#1415=ORIENTED_EDGE('',*,*,#1099,.T.);
#1416=ORIENTED_EDGE('',*,*,#951,.F.);
#1417=ORIENTED_EDGE('',*,*,#1099,.F.);
#1418=ORIENTED_EDGE('',*,*,#1100,.T.);
#1419=ORIENTED_EDGE('',*,*,#1101,.T.);
#1420=ORIENTED_EDGE('',*,*,#950,.F.);
#1421=ORIENTED_EDGE('',*,*,#1101,.F.);
#1422=ORIENTED_EDGE('',*,*,#1102,.T.);
#1423=ORIENTED_EDGE('',*,*,#1103,.T.);
#1424=ORIENTED_EDGE('',*,*,#949,.F.);
#1425=ORIENTED_EDGE('',*,*,#1103,.F.);
#1426=ORIENTED_EDGE('',*,*,#1104,.T.);
#1427=ORIENTED_EDGE('',*,*,#1105,.T.);
#1428=ORIENTED_EDGE('',*,*,#948,.F.);
#1429=ORIENTED_EDGE('',*,*,#1105,.F.);
#1430=ORIENTED_EDGE('',*,*,#1106,.T.);
#1431=ORIENTED_EDGE('',*,*,#1107,.T.);
#1432=ORIENTED_EDGE('',*,*,#947,.F.);
#1433=ORIENTED_EDGE('',*,*,#1107,.F.);
#1434=ORIENTED_EDGE('',*,*,#1108,.T.);
#1435=ORIENTED_EDGE('',*,*,#1109,.T.);
#1436=ORIENTED_EDGE('',*,*,#946,.F.);
#1437=ORIENTED_EDGE('',*,*,#1109,.F.);
#1438=ORIENTED_EDGE('',*,*,#1110,.T.);
#1439=ORIENTED_EDGE('',*,*,#1111,.T.);
#1440=ORIENTED_EDGE('',*,*,#945,.F.);
#1441=ORIENTED_EDGE('',*,*,#1111,.F.);
#1442=ORIENTED_EDGE('',*,*,#1112,.T.);
#1443=ORIENTED_EDGE('',*,*,#1113,.T.);
#1444=ORIENTED_EDGE('',*,*,#944,.F.);
#1445=ORIENTED_EDGE('',*,*,#1113,.F.);
#1446=ORIENTED_EDGE('',*,*,#1114,.T.);
#1447=ORIENTED_EDGE('',*,*,#1115,.T.);
#1448=ORIENTED_EDGE('',*,*,#943,.F.);
#1449=ORIENTED_EDGE('',*,*,#1115,.F.);
#1450=ORIENTED_EDGE('',*,*,#1116,.T.);
#1451=ORIENTED_EDGE('',*,*,#1117,.T.);
#1452=ORIENTED_EDGE('',*,*,#942,.F.);
#1453=ORIENTED_EDGE('',*,*,#1117,.F.);
#1454=ORIENTED_EDGE('',*,*,#1118,.F.);
#1455=ORIENTED_EDGE('',*,*,#1119,.F.);
#1456=ORIENTED_EDGE('',*,*,#1120,.T.);
#1457=ORIENTED_EDGE('',*,*,#1121,.F.);
#1458=ORIENTED_EDGE('',*,*,#1122,.F.);
#1459=ORIENTED_EDGE('',*,*,#941,.F.);
#1460=ORIENTED_EDGE('',*,*,#1123,.F.);
#1461=ORIENTED_EDGE('',*,*,#1124,.F.);
#1462=ORIENTED_EDGE('',*,*,#1125,.F.);
#1463=ORIENTED_EDGE('',*,*,#1126,.F.);
#1464=ORIENTED_EDGE('',*,*,#1127,.F.);
#1465=ORIENTED_EDGE('',*,*,#1128,.F.);
#1466=ORIENTED_EDGE('',*,*,#1129,.T.);
#1467=ORIENTED_EDGE('',*,*,#1130,.T.);
#1468=ORIENTED_EDGE('',*,*,#1131,.T.);
#1469=ORIENTED_EDGE('',*,*,#1132,.T.);
#1470=ORIENTED_EDGE('',*,*,#1076,.F.);
#1471=ORIENTED_EDGE('',*,*,#1008,.F.);
#1472=ORIENTED_EDGE('',*,*,#1010,.F.);
#1473=ORIENTED_EDGE('',*,*,#1012,.F.);
#1474=ORIENTED_EDGE('',*,*,#1018,.F.);
#1475=ORIENTED_EDGE('',*,*,#1020,.F.);
#1476=ORIENTED_EDGE('',*,*,#1022,.F.);
#1477=ORIENTED_EDGE('',*,*,#1026,.F.);
#1478=ORIENTED_EDGE('',*,*,#1028,.F.);
#1479=ORIENTED_EDGE('',*,*,#1030,.F.);
#1480=ORIENTED_EDGE('',*,*,#1032,.F.);
#1481=ORIENTED_EDGE('',*,*,#1038,.F.);
#1482=ORIENTED_EDGE('',*,*,#1040,.F.);
#1483=ORIENTED_EDGE('',*,*,#1042,.F.);
#1484=ORIENTED_EDGE('',*,*,#1046,.F.);
#1485=ORIENTED_EDGE('',*,*,#1048,.F.);
#1486=ORIENTED_EDGE('',*,*,#1054,.F.);
#1487=ORIENTED_EDGE('',*,*,#1056,.F.);
#1488=ORIENTED_EDGE('',*,*,#1058,.F.);
#1489=ORIENTED_EDGE('',*,*,#1062,.F.);
#1490=ORIENTED_EDGE('',*,*,#1064,.F.);
#1491=ORIENTED_EDGE('',*,*,#1066,.F.);
#1492=ORIENTED_EDGE('',*,*,#1068,.F.);
#1493=ORIENTED_EDGE('',*,*,#1070,.F.);
#1494=ORIENTED_EDGE('',*,*,#1072,.F.);
#1495=ORIENTED_EDGE('',*,*,#1074,.F.);
#1496=ORIENTED_EDGE('',*,*,#1078,.F.);
#1497=ORIENTED_EDGE('',*,*,#1080,.F.);
#1498=ORIENTED_EDGE('',*,*,#1082,.F.);
#1499=ORIENTED_EDGE('',*,*,#1084,.F.);
#1500=ORIENTED_EDGE('',*,*,#1086,.F.);
#1501=ORIENTED_EDGE('',*,*,#1090,.F.);
#1502=ORIENTED_EDGE('',*,*,#1092,.F.);
#1503=ORIENTED_EDGE('',*,*,#1094,.F.);
#1504=ORIENTED_EDGE('',*,*,#1098,.F.);
#1505=ORIENTED_EDGE('',*,*,#1100,.F.);
#1506=ORIENTED_EDGE('',*,*,#1102,.F.);
#1507=ORIENTED_EDGE('',*,*,#1104,.F.);
#1508=ORIENTED_EDGE('',*,*,#1108,.F.);
#1509=ORIENTED_EDGE('',*,*,#1110,.F.);
#1510=ORIENTED_EDGE('',*,*,#1112,.F.);
#1511=ORIENTED_EDGE('',*,*,#1116,.F.);
#1512=ORIENTED_EDGE('',*,*,#1016,.F.);
#1513=ORIENTED_EDGE('',*,*,#1036,.F.);
#1514=ORIENTED_EDGE('',*,*,#1114,.F.);
#1515=ORIENTED_EDGE('',*,*,#1106,.F.);
#1516=ORIENTED_EDGE('',*,*,#1044,.F.);
#1517=ORIENTED_EDGE('',*,*,#1088,.F.);
#1518=ORIENTED_EDGE('',*,*,#1050,.F.);
#1519=ORIENTED_EDGE('',*,*,#1024,.F.);
#1520=ORIENTED_EDGE('',*,*,#1014,.F.);
#1521=ORIENTED_EDGE('',*,*,#1096,.F.);
#1522=ORIENTED_EDGE('',*,*,#1052,.F.);
#1523=ORIENTED_EDGE('',*,*,#1034,.F.);
#1524=ORIENTED_EDGE('',*,*,#1060,.F.);
#1525=ORIENTED_EDGE('',*,*,#1129,.F.);
#1526=ORIENTED_EDGE('',*,*,#1133,.T.);
#1527=ORIENTED_EDGE('',*,*,#1134,.F.);
#1528=ORIENTED_EDGE('',*,*,#1135,.T.);
#1529=ORIENTED_EDGE('',*,*,#1132,.F.);
#1530=ORIENTED_EDGE('',*,*,#1136,.T.);
#1531=ORIENTED_EDGE('',*,*,#1137,.F.);
#1532=ORIENTED_EDGE('',*,*,#1133,.F.);
#1533=ORIENTED_EDGE('',*,*,#1138,.T.);
#1534=ORIENTED_EDGE('',*,*,#1127,.T.);
#1535=ORIENTED_EDGE('',*,*,#1139,.F.);
#1536=ORIENTED_EDGE('',*,*,#997,.T.);
#1537=ORIENTED_EDGE('',*,*,#940,.T.);
#1538=ORIENTED_EDGE('',*,*,#1001,.T.);
#1539=ORIENTED_EDGE('',*,*,#1140,.T.);
#1540=ORIENTED_EDGE('',*,*,#1123,.T.);
#1541=ORIENTED_EDGE('',*,*,#1141,.F.);
#1542=ORIENTED_EDGE('',*,*,#1142,.F.);
#1543=ORIENTED_EDGE('',*,*,#1143,.T.);
#1544=ORIENTED_EDGE('',*,*,#1144,.F.);
#1545=ORIENTED_EDGE('',*,*,#998,.T.);
#1546=ORIENTED_EDGE('',*,*,#1139,.T.);
#1547=ORIENTED_EDGE('',*,*,#1126,.T.);
#1548=ORIENTED_EDGE('',*,*,#1145,.T.);
#1549=ORIENTED_EDGE('',*,*,#1142,.T.);
#1550=ORIENTED_EDGE('',*,*,#1146,.T.);
#1551=ORIENTED_EDGE('',*,*,#1125,.T.);
#1552=ORIENTED_EDGE('',*,*,#1147,.F.);
#1553=ORIENTED_EDGE('',*,*,#1143,.F.);
#1554=ORIENTED_EDGE('',*,*,#1145,.F.);
#1555=ORIENTED_EDGE('',*,*,#938,.T.);
#1556=ORIENTED_EDGE('',*,*,#1122,.T.);
#1557=ORIENTED_EDGE('',*,*,#1148,.T.);
#1558=ORIENTED_EDGE('',*,*,#1002,.T.);
#1559=ORIENTED_EDGE('',*,*,#1149,.T.);
#1560=ORIENTED_EDGE('',*,*,#1006,.T.);
#1561=ORIENTED_EDGE('',*,*,#1150,.F.);
#1562=ORIENTED_EDGE('',*,*,#1118,.T.);
#1563=ORIENTED_EDGE('',*,*,#1151,.F.);
#1564=ORIENTED_EDGE('',*,*,#1152,.F.);
#1565=ORIENTED_EDGE('',*,*,#1153,.T.);
#1566=ORIENTED_EDGE('',*,*,#1154,.F.);
#1567=ORIENTED_EDGE('',*,*,#1003,.T.);
#1568=ORIENTED_EDGE('',*,*,#1148,.F.);
#1569=ORIENTED_EDGE('',*,*,#1121,.T.);
#1570=ORIENTED_EDGE('',*,*,#1155,.T.);
#1571=ORIENTED_EDGE('',*,*,#1152,.T.);
#1572=ORIENTED_EDGE('',*,*,#1156,.F.);
#1573=ORIENTED_EDGE('',*,*,#1120,.F.);
#1574=ORIENTED_EDGE('',*,*,#1157,.F.);
#1575=ORIENTED_EDGE('',*,*,#1153,.F.);
#1576=ORIENTED_EDGE('',*,*,#1155,.F.);
#1577=ORIENTED_EDGE('',*,*,#1004,.T.);
#1578=ORIENTED_EDGE('',*,*,#1156,.T.);
#1579=ORIENTED_EDGE('',*,*,#1151,.T.);
#1580=ORIENTED_EDGE('',*,*,#1158,.F.);
#1581=ORIENTED_EDGE('',*,*,#1005,.T.);
#1582=ORIENTED_EDGE('',*,*,#1158,.T.);
#1583=ORIENTED_EDGE('',*,*,#1154,.T.);
#1584=ORIENTED_EDGE('',*,*,#1157,.T.);
#1585=ORIENTED_EDGE('',*,*,#1119,.T.);
#1586=ORIENTED_EDGE('',*,*,#1150,.T.);
#1587=ORIENTED_EDGE('',*,*,#999,.T.);
#1588=ORIENTED_EDGE('',*,*,#1146,.F.);
#1589=ORIENTED_EDGE('',*,*,#1141,.T.);
#1590=ORIENTED_EDGE('',*,*,#1159,.T.);
#1591=ORIENTED_EDGE('',*,*,#1000,.T.);
#1592=ORIENTED_EDGE('',*,*,#1159,.F.);
#1593=ORIENTED_EDGE('',*,*,#1144,.T.);
#1594=ORIENTED_EDGE('',*,*,#1147,.T.);
#1595=ORIENTED_EDGE('',*,*,#1124,.T.);
#1596=ORIENTED_EDGE('',*,*,#1140,.F.);
#1597=ORIENTED_EDGE('',*,*,#1007,.T.);
#1598=ORIENTED_EDGE('',*,*,#1149,.F.);
#1599=ORIENTED_EDGE('',*,*,#1128,.T.);
#1600=ORIENTED_EDGE('',*,*,#1138,.F.);
#1601=ORIENTED_EDGE('',*,*,#1134,.T.);
#1602=ORIENTED_EDGE('',*,*,#1137,.T.);
#1603=ORIENTED_EDGE('',*,*,#1160,.T.);
#1604=ORIENTED_EDGE('',*,*,#1161,.T.);
#1605=ORIENTED_EDGE('',*,*,#1131,.F.);
#1606=ORIENTED_EDGE('',*,*,#1162,.T.);
#1607=ORIENTED_EDGE('',*,*,#1160,.F.);
#1608=ORIENTED_EDGE('',*,*,#1136,.F.);
#1609=ORIENTED_EDGE('',*,*,#1130,.F.);
#1610=ORIENTED_EDGE('',*,*,#1135,.F.);
#1611=ORIENTED_EDGE('',*,*,#1161,.F.);
#1612=ORIENTED_EDGE('',*,*,#1162,.F.);
#1613=PLANE('',#1728);
#1614=PLANE('',#1784);
#1615=PLANE('',#1895);
#1616=PLANE('',#1896);
#1617=PLANE('',#1897);
#1618=PLANE('',#1898);
#1619=PLANE('',#1899);
#1620=PLANE('',#1900);
#1621=PLANE('',#1901);
#1622=PLANE('',#1902);
#1623=PLANE('',#1903);
#1624=PLANE('',#1904);
#1625=PLANE('',#1905);
#1626=PLANE('',#1906);
#1627=PLANE('',#1907);
#1628=PLANE('',#1908);
#1629=PLANE('',#1909);
#1630=PLANE('',#1910);
#1631=PLANE('',#1911);
#1632=PLANE('',#1912);
#1633=PLANE('',#1913);
#1634=PLANE('',#1914);
#1635=PLANE('',#1915);
#1636=ADVANCED_FACE('',(#291,#70,#71,#72,#73,#74,#75,#76,#77,#78,#79,#80,
#81,#82,#83,#84,#85,#86,#87,#88,#89,#90,#91,#92,#93,#94,#95,#96,#97,#98,
#99,#100,#101,#102,#103,#104,#105,#106,#107,#108,#109,#110,#111,#112,#113,
#114,#115,#116,#117,#118,#119,#120,#121,#122,#123,#124),#1613,.T.);
#1637=ADVANCED_FACE('',(#292),#1614,.T.);
#1638=ADVANCED_FACE('',(#293),#15,.F.);
#1639=ADVANCED_FACE('',(#294),#16,.F.);
#1640=ADVANCED_FACE('',(#295),#17,.F.);
#1641=ADVANCED_FACE('',(#296),#18,.F.);
#1642=ADVANCED_FACE('',(#297),#19,.F.);
#1643=ADVANCED_FACE('',(#298),#20,.F.);
#1644=ADVANCED_FACE('',(#299),#21,.F.);
#1645=ADVANCED_FACE('',(#300),#22,.F.);
#1646=ADVANCED_FACE('',(#301),#23,.F.);
#1647=ADVANCED_FACE('',(#302),#24,.F.);
#1648=ADVANCED_FACE('',(#303),#25,.F.);
#1649=ADVANCED_FACE('',(#304),#26,.F.);
#1650=ADVANCED_FACE('',(#305),#27,.F.);
#1651=ADVANCED_FACE('',(#306),#28,.F.);
#1652=ADVANCED_FACE('',(#307),#29,.F.);
#1653=ADVANCED_FACE('',(#308),#30,.F.);
#1654=ADVANCED_FACE('',(#309),#31,.F.);
#1655=ADVANCED_FACE('',(#310),#32,.F.);
#1656=ADVANCED_FACE('',(#311),#33,.F.);
#1657=ADVANCED_FACE('',(#312),#34,.F.);
#1658=ADVANCED_FACE('',(#313),#35,.F.);
#1659=ADVANCED_FACE('',(#314),#36,.F.);
#1660=ADVANCED_FACE('',(#315),#37,.F.);
#1661=ADVANCED_FACE('',(#316),#38,.F.);
#1662=ADVANCED_FACE('',(#317),#39,.F.);
#1663=ADVANCED_FACE('',(#318),#40,.F.);
#1664=ADVANCED_FACE('',(#319),#41,.F.);
#1665=ADVANCED_FACE('',(#320),#42,.F.);
#1666=ADVANCED_FACE('',(#321),#43,.F.);
#1667=ADVANCED_FACE('',(#322),#44,.F.);
#1668=ADVANCED_FACE('',(#323),#45,.F.);
#1669=ADVANCED_FACE('',(#324),#46,.F.);
#1670=ADVANCED_FACE('',(#325),#47,.F.);
#1671=ADVANCED_FACE('',(#326),#48,.F.);
#1672=ADVANCED_FACE('',(#327),#49,.F.);
#1673=ADVANCED_FACE('',(#328),#50,.F.);
#1674=ADVANCED_FACE('',(#329),#51,.F.);
#1675=ADVANCED_FACE('',(#330),#52,.F.);
#1676=ADVANCED_FACE('',(#331),#53,.F.);
#1677=ADVANCED_FACE('',(#332),#54,.F.);
#1678=ADVANCED_FACE('',(#333),#55,.F.);
#1679=ADVANCED_FACE('',(#334),#56,.F.);
#1680=ADVANCED_FACE('',(#335),#57,.F.);
#1681=ADVANCED_FACE('',(#336),#58,.F.);
#1682=ADVANCED_FACE('',(#337),#59,.F.);
#1683=ADVANCED_FACE('',(#338),#60,.F.);
#1684=ADVANCED_FACE('',(#339),#61,.F.);
#1685=ADVANCED_FACE('',(#340),#62,.F.);
#1686=ADVANCED_FACE('',(#341),#63,.F.);
#1687=ADVANCED_FACE('',(#342),#64,.F.);
#1688=ADVANCED_FACE('',(#343),#65,.F.);
#1689=ADVANCED_FACE('',(#344),#66,.F.);
#1690=ADVANCED_FACE('',(#345),#67,.F.);
#1691=ADVANCED_FACE('',(#346),#68,.F.);
#1692=ADVANCED_FACE('',(#347),#69,.F.);
#1693=ADVANCED_FACE('',(#348),#1615,.T.);
#1694=ADVANCED_FACE('',(#349,#125,#126,#127,#128,#129,#130,#131,#132,#133,
#134,#135,#136,#137,#138,#139,#140,#141,#142,#143,#144,#145,#146,#147,#148,
#149,#150,#151,#152,#153,#154,#155,#156,#157,#158,#159,#160,#161,#162,#163,
#164,#165,#166,#167,#168,#169,#170,#171,#172,#173,#174,#175,#176,#177,#178,
#179),#1616,.F.);
#1695=ADVANCED_FACE('',(#350),#1617,.T.);
#1696=ADVANCED_FACE('',(#351),#1618,.T.);
#1697=ADVANCED_FACE('',(#352),#1619,.T.);
#1698=ADVANCED_FACE('',(#353),#1620,.T.);
#1699=ADVANCED_FACE('',(#354),#1621,.T.);
#1700=ADVANCED_FACE('',(#355),#1622,.T.);
#1701=ADVANCED_FACE('',(#356),#1623,.T.);
#1702=ADVANCED_FACE('',(#357),#1624,.T.);
#1703=ADVANCED_FACE('',(#358),#1625,.T.);
#1704=ADVANCED_FACE('',(#359),#1626,.T.);
#1705=ADVANCED_FACE('',(#360),#1627,.T.);
#1706=ADVANCED_FACE('',(#361),#1628,.T.);
#1707=ADVANCED_FACE('',(#362),#1629,.T.);
#1708=ADVANCED_FACE('',(#363),#1630,.T.);
#1709=ADVANCED_FACE('',(#364),#1631,.T.);
#1710=ADVANCED_FACE('',(#365),#1632,.T.);
#1711=ADVANCED_FACE('',(#366,#180),#1633,.T.);
#1712=ADVANCED_FACE('',(#367),#1634,.F.);
#1713=ADVANCED_FACE('',(#368),#1635,.F.);
#1714=CLOSED_SHELL('',(#1636,#1637,#1638,#1639,#1640,#1641,#1642,#1643,
#1644,#1645,#1646,#1647,#1648,#1649,#1650,#1651,#1652,#1653,#1654,#1655,
#1656,#1657,#1658,#1659,#1660,#1661,#1662,#1663,#1664,#1665,#1666,#1667,
#1668,#1669,#1670,#1671,#1672,#1673,#1674,#1675,#1676,#1677,#1678,#1679,
#1680,#1681,#1682,#1683,#1684,#1685,#1686,#1687,#1688,#1689,#1690,#1691,
#1692,#1693,#1694,#1695,#1696,#1697,#1698,#1699,#1700,#1701,#1702,#1703,
#1704,#1705,#1706,#1707,#1708,#1709,#1710,#1711,#1712,#1713));
#1715=DERIVED_UNIT_ELEMENT(#1717,1.);
#1716=DERIVED_UNIT_ELEMENT(#2868,-3.);
#1717=(
MASS_UNIT()
NAMED_UNIT(*)
SI_UNIT(.KILO.,.GRAM.)
);
#1718=DERIVED_UNIT((#1715,#1716));
#1719=MEASURE_REPRESENTATION_ITEM('density measure',
POSITIVE_RATIO_MEASURE(7850.),#1718);
#1720=PROPERTY_DEFINITION_REPRESENTATION(#1725,#1722);
#1721=PROPERTY_DEFINITION_REPRESENTATION(#1726,#1723);
#1722=REPRESENTATION('material name',(#1724),#2865);
#1723=REPRESENTATION('density',(#1719),#2865);
#1724=DESCRIPTIVE_REPRESENTATION_ITEM('Steel','Steel');
#1725=PROPERTY_DEFINITION('material property','material name',#2875);
#1726=PROPERTY_DEFINITION('material property','density of part',#2875);
#1727=AXIS2_PLACEMENT_3D('',#2409,#1916,#1917);
#1728=AXIS2_PLACEMENT_3D('',#2410,#1918,#1919);
#1729=AXIS2_PLACEMENT_3D('',#2420,#1924,#1925);
#1730=AXIS2_PLACEMENT_3D('',#2422,#1926,#1927);
#1731=AXIS2_PLACEMENT_3D('',#2424,#1928,#1929);
#1732=AXIS2_PLACEMENT_3D('',#2426,#1930,#1931);
#1733=AXIS2_PLACEMENT_3D('',#2428,#1932,#1933);
#1734=AXIS2_PLACEMENT_3D('',#2430,#1934,#1935);
#1735=AXIS2_PLACEMENT_3D('',#2432,#1936,#1937);
#1736=AXIS2_PLACEMENT_3D('',#2434,#1938,#1939);
#1737=AXIS2_PLACEMENT_3D('',#2436,#1940,#1941);
#1738=AXIS2_PLACEMENT_3D('',#2438,#1942,#1943);
#1739=AXIS2_PLACEMENT_3D('',#2440,#1944,#1945);
#1740=AXIS2_PLACEMENT_3D('',#2442,#1946,#1947);
#1741=AXIS2_PLACEMENT_3D('',#2444,#1948,#1949);
#1742=AXIS2_PLACEMENT_3D('',#2446,#1950,#1951);
#1743=AXIS2_PLACEMENT_3D('',#2448,#1952,#1953);
#1744=AXIS2_PLACEMENT_3D('',#2450,#1954,#1955);
#1745=AXIS2_PLACEMENT_3D('',#2452,#1956,#1957);
#1746=AXIS2_PLACEMENT_3D('',#2454,#1958,#1959);
#1747=AXIS2_PLACEMENT_3D('',#2456,#1960,#1961);
#1748=AXIS2_PLACEMENT_3D('',#2458,#1962,#1963);
#1749=AXIS2_PLACEMENT_3D('',#2460,#1964,#1965);
#1750=AXIS2_PLACEMENT_3D('',#2462,#1966,#1967);
#1751=AXIS2_PLACEMENT_3D('',#2464,#1968,#1969);
#1752=AXIS2_PLACEMENT_3D('',#2466,#1970,#1971);
#1753=AXIS2_PLACEMENT_3D('',#2468,#1972,#1973);
#1754=AXIS2_PLACEMENT_3D('',#2470,#1974,#1975);
#1755=AXIS2_PLACEMENT_3D('',#2472,#1976,#1977);
#1756=AXIS2_PLACEMENT_3D('',#2474,#1978,#1979);
#1757=AXIS2_PLACEMENT_3D('',#2476,#1980,#1981);
#1758=AXIS2_PLACEMENT_3D('',#2478,#1982,#1983);
#1759=AXIS2_PLACEMENT_3D('',#2480,#1984,#1985);
#1760=AXIS2_PLACEMENT_3D('',#2482,#1986,#1987);
#1761=AXIS2_PLACEMENT_3D('',#2484,#1988,#1989);
#1762=AXIS2_PLACEMENT_3D('',#2486,#1990,#1991);
#1763=AXIS2_PLACEMENT_3D('',#2488,#1992,#1993);
#1764=AXIS2_PLACEMENT_3D('',#2490,#1994,#1995);
#1765=AXIS2_PLACEMENT_3D('',#2492,#1996,#1997);
#1766=AXIS2_PLACEMENT_3D('',#2494,#1998,#1999);
#1767=AXIS2_PLACEMENT_3D('',#2496,#2000,#2001);
#1768=AXIS2_PLACEMENT_3D('',#2498,#2002,#2003);
#1769=AXIS2_PLACEMENT_3D('',#2500,#2004,#2005);
#1770=AXIS2_PLACEMENT_3D('',#2502,#2006,#2007);
#1771=AXIS2_PLACEMENT_3D('',#2504,#2008,#2009);
#1772=AXIS2_PLACEMENT_3D('',#2506,#2010,#2011);
#1773=AXIS2_PLACEMENT_3D('',#2508,#2012,#2013);
#1774=AXIS2_PLACEMENT_3D('',#2510,#2014,#2015);
#1775=AXIS2_PLACEMENT_3D('',#2512,#2016,#2017);
#1776=AXIS2_PLACEMENT_3D('',#2514,#2018,#2019);
#1777=AXIS2_PLACEMENT_3D('',#2516,#2020,#2021);
#1778=AXIS2_PLACEMENT_3D('',#2518,#2022,#2023);
#1779=AXIS2_PLACEMENT_3D('',#2520,#2024,#2025);
#1780=AXIS2_PLACEMENT_3D('',#2522,#2026,#2027);
#1781=AXIS2_PLACEMENT_3D('',#2524,#2028,#2029);
#1782=AXIS2_PLACEMENT_3D('',#2526,#2030,#2031);
#1783=AXIS2_PLACEMENT_3D('',#2528,#2032,#2033);
#1784=AXIS2_PLACEMENT_3D('',#2529,#2034,#2035);
#1785=AXIS2_PLACEMENT_3D('',#2551,#2047,#2048);
#1786=AXIS2_PLACEMENT_3D('',#2553,#2049,#2050);
#1787=AXIS2_PLACEMENT_3D('',#2555,#2052,#2053);
#1788=AXIS2_PLACEMENT_3D('',#2557,#2054,#2055);
#1789=AXIS2_PLACEMENT_3D('',#2559,#2057,#2058);
#1790=AXIS2_PLACEMENT_3D('',#2561,#2059,#2060);
#1791=AXIS2_PLACEMENT_3D('',#2563,#2062,#2063);
#1792=AXIS2_PLACEMENT_3D('',#2565,#2064,#2065);
#1793=AXIS2_PLACEMENT_3D('',#2567,#2067,#2068);
#1794=AXIS2_PLACEMENT_3D('',#2569,#2069,#2070);
#1795=AXIS2_PLACEMENT_3D('',#2571,#2072,#2073);
#1796=AXIS2_PLACEMENT_3D('',#2573,#2074,#2075);
#1797=AXIS2_PLACEMENT_3D('',#2575,#2077,#2078);
#1798=AXIS2_PLACEMENT_3D('',#2577,#2079,#2080);
#1799=AXIS2_PLACEMENT_3D('',#2579,#2082,#2083);
#1800=AXIS2_PLACEMENT_3D('',#2581,#2084,#2085);
#1801=AXIS2_PLACEMENT_3D('',#2583,#2087,#2088);
#1802=AXIS2_PLACEMENT_3D('',#2585,#2089,#2090);
#1803=AXIS2_PLACEMENT_3D('',#2587,#2092,#2093);
#1804=AXIS2_PLACEMENT_3D('',#2589,#2094,#2095);
#1805=AXIS2_PLACEMENT_3D('',#2591,#2097,#2098);
#1806=AXIS2_PLACEMENT_3D('',#2593,#2099,#2100);
#1807=AXIS2_PLACEMENT_3D('',#2595,#2102,#2103);
#1808=AXIS2_PLACEMENT_3D('',#2597,#2104,#2105);
#1809=AXIS2_PLACEMENT_3D('',#2599,#2107,#2108);
#1810=AXIS2_PLACEMENT_3D('',#2601,#2109,#2110);
#1811=AXIS2_PLACEMENT_3D('',#2603,#2112,#2113);
#1812=AXIS2_PLACEMENT_3D('',#2605,#2114,#2115);
#1813=AXIS2_PLACEMENT_3D('',#2607,#2117,#2118);
#1814=AXIS2_PLACEMENT_3D('',#2609,#2119,#2120);
#1815=AXIS2_PLACEMENT_3D('',#2611,#2122,#2123);
#1816=AXIS2_PLACEMENT_3D('',#2613,#2124,#2125);
#1817=AXIS2_PLACEMENT_3D('',#2615,#2127,#2128);
#1818=AXIS2_PLACEMENT_3D('',#2617,#2129,#2130);
#1819=AXIS2_PLACEMENT_3D('',#2619,#2132,#2133);
#1820=AXIS2_PLACEMENT_3D('',#2621,#2134,#2135);
#1821=AXIS2_PLACEMENT_3D('',#2623,#2137,#2138);
#1822=AXIS2_PLACEMENT_3D('',#2625,#2139,#2140);
#1823=AXIS2_PLACEMENT_3D('',#2627,#2142,#2143);
#1824=AXIS2_PLACEMENT_3D('',#2629,#2144,#2145);
#1825=AXIS2_PLACEMENT_3D('',#2631,#2147,#2148);
#1826=AXIS2_PLACEMENT_3D('',#2633,#2149,#2150);
#1827=AXIS2_PLACEMENT_3D('',#2635,#2152,#2153);
#1828=AXIS2_PLACEMENT_3D('',#2637,#2154,#2155);
#1829=AXIS2_PLACEMENT_3D('',#2639,#2157,#2158);
#1830=AXIS2_PLACEMENT_3D('',#2641,#2159,#2160);
#1831=AXIS2_PLACEMENT_3D('',#2643,#2162,#2163);
#1832=AXIS2_PLACEMENT_3D('',#2645,#2164,#2165);
#1833=AXIS2_PLACEMENT_3D('',#2647,#2167,#2168);
#1834=AXIS2_PLACEMENT_3D('',#2649,#2169,#2170);
#1835=AXIS2_PLACEMENT_3D('',#2651,#2172,#2173);
#1836=AXIS2_PLACEMENT_3D('',#2653,#2174,#2175);
#1837=AXIS2_PLACEMENT_3D('',#2655,#2177,#2178);
#1838=AXIS2_PLACEMENT_3D('',#2657,#2179,#2180);
#1839=AXIS2_PLACEMENT_3D('',#2659,#2182,#2183);
#1840=AXIS2_PLACEMENT_3D('',#2661,#2184,#2185);
#1841=AXIS2_PLACEMENT_3D('',#2663,#2187,#2188);
#1842=AXIS2_PLACEMENT_3D('',#2665,#2189,#2190);
#1843=AXIS2_PLACEMENT_3D('',#2667,#2192,#2193);
#1844=AXIS2_PLACEMENT_3D('',#2669,#2194,#2195);
#1845=AXIS2_PLACEMENT_3D('',#2671,#2197,#2198);
#1846=AXIS2_PLACEMENT_3D('',#2673,#2199,#2200);
#1847=AXIS2_PLACEMENT_3D('',#2675,#2202,#2203);
#1848=AXIS2_PLACEMENT_3D('',#2677,#2204,#2205);
#1849=AXIS2_PLACEMENT_3D('',#2679,#2207,#2208);
#1850=AXIS2_PLACEMENT_3D('',#2681,#2209,#2210);
#1851=AXIS2_PLACEMENT_3D('',#2683,#2212,#2213);
#1852=AXIS2_PLACEMENT_3D('',#2685,#2214,#2215);
#1853=AXIS2_PLACEMENT_3D('',#2687,#2217,#2218);
#1854=AXIS2_PLACEMENT_3D('',#2689,#2219,#2220);
#1855=AXIS2_PLACEMENT_3D('',#2691,#2222,#2223);
#1856=AXIS2_PLACEMENT_3D('',#2693,#2224,#2225);
#1857=AXIS2_PLACEMENT_3D('',#2695,#2227,#2228);
#1858=AXIS2_PLACEMENT_3D('',#2697,#2229,#2230);
#1859=AXIS2_PLACEMENT_3D('',#2699,#2232,#2233);
#1860=AXIS2_PLACEMENT_3D('',#2701,#2234,#2235);
#1861=AXIS2_PLACEMENT_3D('',#2703,#2237,#2238);
#1862=AXIS2_PLACEMENT_3D('',#2705,#2239,#2240);
#1863=AXIS2_PLACEMENT_3D('',#2707,#2242,#2243);
#1864=AXIS2_PLACEMENT_3D('',#2709,#2244,#2245);
#1865=AXIS2_PLACEMENT_3D('',#2711,#2247,#2248);
#1866=AXIS2_PLACEMENT_3D('',#2713,#2249,#2250);
#1867=AXIS2_PLACEMENT_3D('',#2715,#2252,#2253);
#1868=AXIS2_PLACEMENT_3D('',#2717,#2254,#2255);
#1869=AXIS2_PLACEMENT_3D('',#2719,#2257,#2258);
#1870=AXIS2_PLACEMENT_3D('',#2721,#2259,#2260);
#1871=AXIS2_PLACEMENT_3D('',#2723,#2262,#2263);
#1872=AXIS2_PLACEMENT_3D('',#2725,#2264,#2265);
#1873=AXIS2_PLACEMENT_3D('',#2727,#2267,#2268);
#1874=AXIS2_PLACEMENT_3D('',#2729,#2269,#2270);
#1875=AXIS2_PLACEMENT_3D('',#2731,#2272,#2273);
#1876=AXIS2_PLACEMENT_3D('',#2733,#2274,#2275);
#1877=AXIS2_PLACEMENT_3D('',#2735,#2277,#2278);
#1878=AXIS2_PLACEMENT_3D('',#2737,#2279,#2280);
#1879=AXIS2_PLACEMENT_3D('',#2739,#2282,#2283);
#1880=AXIS2_PLACEMENT_3D('',#2741,#2284,#2285);
#1881=AXIS2_PLACEMENT_3D('',#2743,#2287,#2288);
#1882=AXIS2_PLACEMENT_3D('',#2745,#2289,#2290);
#1883=AXIS2_PLACEMENT_3D('',#2747,#2292,#2293);
#1884=AXIS2_PLACEMENT_3D('',#2749,#2294,#2295);
#1885=AXIS2_PLACEMENT_3D('',#2751,#2297,#2298);
#1886=AXIS2_PLACEMENT_3D('',#2753,#2299,#2300);
#1887=AXIS2_PLACEMENT_3D('',#2755,#2302,#2303);
#1888=AXIS2_PLACEMENT_3D('',#2757,#2304,#2305);
#1889=AXIS2_PLACEMENT_3D('',#2759,#2307,#2308);
#1890=AXIS2_PLACEMENT_3D('',#2761,#2309,#2310);
#1891=AXIS2_PLACEMENT_3D('',#2763,#2312,#2313);
#1892=AXIS2_PLACEMENT_3D('',#2765,#2314,#2315);
#1893=AXIS2_PLACEMENT_3D('',#2767,#2317,#2318);
#1894=AXIS2_PLACEMENT_3D('',#2769,#2319,#2320);
#1895=AXIS2_PLACEMENT_3D('',#2771,#2322,#2323);
#1896=AXIS2_PLACEMENT_3D('',#2793,#2335,#2336);
#1897=AXIS2_PLACEMENT_3D('',#2802,#2341,#2342);
#1898=AXIS2_PLACEMENT_3D('',#2808,#2346,#2347);
#1899=AXIS2_PLACEMENT_3D('',#2812,#2350,#2351);
#1900=AXIS2_PLACEMENT_3D('',#2815,#2354,#2355);
#1901=AXIS2_PLACEMENT_3D('',#2817,#2357,#2358);
#1902=AXIS2_PLACEMENT_3D('',#2826,#2363,#2364);
#1903=AXIS2_PLACEMENT_3D('',#2829,#2367,#2368);
#1904=AXIS2_PLACEMENT_3D('',#2831,#2370,#2371);
#1905=AXIS2_PLACEMENT_3D('',#2833,#2373,#2374);
#1906=AXIS2_PLACEMENT_3D('',#2836,#2377,#2378);
#1907=AXIS2_PLACEMENT_3D('',#2845,#2383,#2384);
#1908=AXIS2_PLACEMENT_3D('',#2848,#2387,#2388);
#1909=AXIS2_PLACEMENT_3D('',#2850,#2390,#2391);
#1910=AXIS2_PLACEMENT_3D('',#2852,#2393,#2394);
#1911=AXIS2_PLACEMENT_3D('',#2853,#2395,#2396);
#1912=AXIS2_PLACEMENT_3D('',#2855,#2398,#2399);
#1913=AXIS2_PLACEMENT_3D('',#2856,#2400,#2401);
#1914=AXIS2_PLACEMENT_3D('',#2860,#2404,#2405);
#1915=AXIS2_PLACEMENT_3D('',#2862,#2407,#2408);
#1916=DIRECTION('axis',(0.,0.,1.));
#1917=DIRECTION('refdir',(1.,0.,0.));
#1918=DIRECTION('center_axis',(0.,0.,1.));
#1919=DIRECTION('ref_axis',(1.,0.,0.));
#1920=DIRECTION('',(0.,1.,0.));
#1921=DIRECTION('',(1.,0.,0.));
#1922=DIRECTION('',(6.71505861668441E-17,-1.,0.));
#1923=DIRECTION('',(-1.,0.,0.));
#1924=DIRECTION('center_axis',(0.,0.,-1.));
#1925=DIRECTION('ref_axis',(1.,0.,0.));
#1926=DIRECTION('center_axis',(0.,0.,-1.));
#1927=DIRECTION('ref_axis',(1.,0.,0.));
#1928=DIRECTION('center_axis',(0.,0.,-1.));
#1929=DIRECTION('ref_axis',(1.,0.,0.));
#1930=DIRECTION('center_axis',(0.,0.,-1.));
#1931=DIRECTION('ref_axis',(1.,0.,0.));
#1932=DIRECTION('center_axis',(0.,0.,-1.));
#1933=DIRECTION('ref_axis',(1.,0.,0.));
#1934=DIRECTION('center_axis',(0.,0.,-1.));
#1935=DIRECTION('ref_axis',(1.,0.,0.));
#1936=DIRECTION('center_axis',(0.,0.,-1.));
#1937=DIRECTION('ref_axis',(1.,0.,0.));
#1938=DIRECTION('center_axis',(0.,0.,-1.));
#1939=DIRECTION('ref_axis',(1.,0.,0.));
#1940=DIRECTION('center_axis',(0.,0.,-1.));
#1941=DIRECTION('ref_axis',(1.,0.,0.));
#1942=DIRECTION('center_axis',(0.,0.,-1.));
#1943=DIRECTION('ref_axis',(1.,0.,0.));
#1944=DIRECTION('center_axis',(0.,0.,-1.));
#1945=DIRECTION('ref_axis',(1.,0.,0.));
#1946=DIRECTION('center_axis',(0.,0.,-1.));
#1947=DIRECTION('ref_axis',(1.,0.,0.));
#1948=DIRECTION('center_axis',(0.,0.,-1.));
#1949=DIRECTION('ref_axis',(1.,0.,0.));
#1950=DIRECTION('center_axis',(0.,0.,-1.));
#1951=DIRECTION('ref_axis',(1.,0.,0.));
#1952=DIRECTION('center_axis',(0.,0.,-1.));
#1953=DIRECTION('ref_axis',(1.,0.,0.));
#1954=DIRECTION('center_axis',(0.,0.,-1.));
#1955=DIRECTION('ref_axis',(1.,0.,0.));
#1956=DIRECTION('center_axis',(0.,0.,-1.));
#1957=DIRECTION('ref_axis',(1.,0.,0.));
#1958=DIRECTION('center_axis',(0.,0.,-1.));
#1959=DIRECTION('ref_axis',(1.,0.,0.));
#1960=DIRECTION('center_axis',(0.,0.,-1.));
#1961=DIRECTION('ref_axis',(1.,0.,0.));
#1962=DIRECTION('center_axis',(0.,0.,-1.));
#1963=DIRECTION('ref_axis',(1.,0.,0.));
#1964=DIRECTION('center_axis',(0.,0.,-1.));
#1965=DIRECTION('ref_axis',(1.,0.,0.));
#1966=DIRECTION('center_axis',(0.,0.,-1.));
#1967=DIRECTION('ref_axis',(1.,0.,0.));
#1968=DIRECTION('center_axis',(0.,0.,-1.));
#1969=DIRECTION('ref_axis',(1.,0.,0.));
#1970=DIRECTION('center_axis',(0.,0.,-1.));
#1971=DIRECTION('ref_axis',(1.,0.,0.));
#1972=DIRECTION('center_axis',(0.,0.,-1.));
#1973=DIRECTION('ref_axis',(1.,0.,0.));
#1974=DIRECTION('center_axis',(0.,0.,-1.));
#1975=DIRECTION('ref_axis',(1.,0.,0.));
#1976=DIRECTION('center_axis',(0.,0.,-1.));
#1977=DIRECTION('ref_axis',(1.,0.,0.));
#1978=DIRECTION('center_axis',(0.,0.,-1.));
#1979=DIRECTION('ref_axis',(1.,0.,0.));
#1980=DIRECTION('center_axis',(0.,0.,-1.));
#1981=DIRECTION('ref_axis',(1.,0.,0.));
#1982=DIRECTION('center_axis',(0.,0.,-1.));
#1983=DIRECTION('ref_axis',(1.,0.,0.));
#1984=DIRECTION('center_axis',(0.,0.,-1.));
#1985=DIRECTION('ref_axis',(1.,0.,0.));
#1986=DIRECTION('center_axis',(0.,0.,-1.));
#1987=DIRECTION('ref_axis',(1.,0.,0.));
#1988=DIRECTION('center_axis',(0.,0.,-1.));
#1989=DIRECTION('ref_axis',(1.,0.,0.));
#1990=DIRECTION('center_axis',(0.,0.,-1.));
#1991=DIRECTION('ref_axis',(1.,0.,0.));
#1992=DIRECTION('center_axis',(0.,0.,-1.));
#1993=DIRECTION('ref_axis',(1.,0.,0.));
#1994=DIRECTION('center_axis',(0.,0.,-1.));
#1995=DIRECTION('ref_axis',(1.,0.,0.));
#1996=DIRECTION('center_axis',(0.,0.,-1.));
#1997=DIRECTION('ref_axis',(1.,0.,0.));
#1998=DIRECTION('center_axis',(0.,0.,-1.));
#1999=DIRECTION('ref_axis',(1.,0.,0.));
#2000=DIRECTION('center_axis',(0.,0.,-1.));
#2001=DIRECTION('ref_axis',(1.,0.,0.));
#2002=DIRECTION('center_axis',(0.,0.,-1.));
#2003=DIRECTION('ref_axis',(1.,0.,0.));
#2004=DIRECTION('center_axis',(0.,0.,-1.));
#2005=DIRECTION('ref_axis',(1.,0.,0.));
#2006=DIRECTION('center_axis',(0.,0.,-1.));
#2007=DIRECTION('ref_axis',(1.,0.,0.));
#2008=DIRECTION('center_axis',(0.,0.,-1.));
#2009=DIRECTION('ref_axis',(1.,0.,0.));
#2010=DIRECTION('center_axis',(0.,0.,-1.));
#2011=DIRECTION('ref_axis',(1.,0.,0.));
#2012=DIRECTION('center_axis',(0.,0.,-1.));
#2013=DIRECTION('ref_axis',(1.,0.,0.));
#2014=DIRECTION('center_axis',(0.,0.,-1.));
#2015=DIRECTION('ref_axis',(1.,0.,0.));
#2016=DIRECTION('center_axis',(0.,0.,-1.));
#2017=DIRECTION('ref_axis',(1.,0.,0.));
#2018=DIRECTION('center_axis',(0.,0.,-1.));
#2019=DIRECTION('ref_axis',(1.,0.,0.));
#2020=DIRECTION('center_axis',(0.,0.,-1.));
#2021=DIRECTION('ref_axis',(1.,0.,0.));
#2022=DIRECTION('center_axis',(0.,0.,-1.));
#2023=DIRECTION('ref_axis',(1.,0.,0.));
#2024=DIRECTION('center_axis',(0.,0.,-1.));
#2025=DIRECTION('ref_axis',(1.,0.,0.));
#2026=DIRECTION('center_axis',(0.,0.,-1.));
#2027=DIRECTION('ref_axis',(1.,0.,0.));
#2028=DIRECTION('center_axis',(0.,0.,-1.));
#2029=DIRECTION('ref_axis',(1.,0.,0.));
#2030=DIRECTION('center_axis',(0.,0.,-1.));
#2031=DIRECTION('ref_axis',(1.,0.,0.));
#2032=DIRECTION('center_axis',(0.,0.,-1.));
#2033=DIRECTION('ref_axis',(1.,0.,0.));
#2034=DIRECTION('center_axis',(0.,-1.,0.));
#2035=DIRECTION('ref_axis',(1.,0.,0.));
#2036=DIRECTION('',(0.,0.,-1.));
#2037=DIRECTION('',(-0.707106781186546,0.,-0.707106781186549));
#2038=DIRECTION('',(-2.95865929238353E-15,0.,-1.));
#2039=DIRECTION('',(0.707106781186547,0.,-0.707106781186548));
#2040=DIRECTION('',(0.,0.,-1.));
#2041=DIRECTION('',(0.,0.,1.));
#2042=DIRECTION('',(0.707106781186531,0.,0.707106781186564));
#2043=DIRECTION('',(0.,0.,1.));
#2044=DIRECTION('',(-0.707106781186543,0.,0.707106781186552));
#2045=DIRECTION('',(0.,0.,1.));
#2046=DIRECTION('',(-1.,0.,0.));
#2047=DIRECTION('center_axis',(0.,0.,1.));
#2048=DIRECTION('ref_axis',(1.,0.,0.));
#2049=DIRECTION('center_axis',(0.,0.,-1.));
#2050=DIRECTION('ref_axis',(1.,0.,0.));
#2051=DIRECTION('',(0.,0.,1.));
#2052=DIRECTION('center_axis',(0.,0.,1.));
#2053=DIRECTION('ref_axis',(1.,0.,0.));
#2054=DIRECTION('center_axis',(0.,0.,-1.));
#2055=DIRECTION('ref_axis',(1.,0.,0.));
#2056=DIRECTION('',(0.,0.,1.));
#2057=DIRECTION('center_axis',(0.,0.,1.));
#2058=DIRECTION('ref_axis',(1.,0.,0.));
#2059=DIRECTION('center_axis',(0.,0.,-1.));
#2060=DIRECTION('ref_axis',(1.,0.,0.));
#2061=DIRECTION('',(0.,0.,1.));
#2062=DIRECTION('center_axis',(0.,0.,1.));
#2063=DIRECTION('ref_axis',(1.,0.,0.));
#2064=DIRECTION('center_axis',(0.,0.,-1.));
#2065=DIRECTION('ref_axis',(1.,0.,0.));
#2066=DIRECTION('',(0.,0.,1.));
#2067=DIRECTION('center_axis',(0.,0.,1.));
#2068=DIRECTION('ref_axis',(1.,0.,0.));
#2069=DIRECTION('center_axis',(0.,0.,-1.));
#2070=DIRECTION('ref_axis',(1.,0.,0.));
#2071=DIRECTION('',(0.,0.,1.));
#2072=DIRECTION('center_axis',(0.,0.,1.));
#2073=DIRECTION('ref_axis',(1.,0.,0.));
#2074=DIRECTION('center_axis',(0.,0.,-1.));
#2075=DIRECTION('ref_axis',(1.,0.,0.));
#2076=DIRECTION('',(0.,0.,1.));
#2077=DIRECTION('center_axis',(0.,0.,1.));
#2078=DIRECTION('ref_axis',(1.,0.,0.));
#2079=DIRECTION('center_axis',(0.,0.,-1.));
#2080=DIRECTION('ref_axis',(1.,0.,0.));
#2081=DIRECTION('',(0.,0.,1.));
#2082=DIRECTION('center_axis',(0.,0.,1.));
#2083=DIRECTION('ref_axis',(1.,0.,0.));
#2084=DIRECTION('center_axis',(0.,0.,-1.));
#2085=DIRECTION('ref_axis',(1.,0.,0.));
#2086=DIRECTION('',(0.,0.,1.));
#2087=DIRECTION('center_axis',(0.,0.,1.));
#2088=DIRECTION('ref_axis',(1.,0.,0.));
#2089=DIRECTION('center_axis',(0.,0.,-1.));
#2090=DIRECTION('ref_axis',(1.,0.,0.));
#2091=DIRECTION('',(0.,0.,1.));
#2092=DIRECTION('center_axis',(0.,0.,1.));
#2093=DIRECTION('ref_axis',(1.,0.,0.));
#2094=DIRECTION('center_axis',(0.,0.,-1.));
#2095=DIRECTION('ref_axis',(1.,0.,0.));
#2096=DIRECTION('',(0.,0.,1.));
#2097=DIRECTION('center_axis',(0.,0.,1.));
#2098=DIRECTION('ref_axis',(1.,0.,0.));
#2099=DIRECTION('center_axis',(0.,0.,-1.));
#2100=DIRECTION('ref_axis',(1.,0.,0.));
#2101=DIRECTION('',(0.,0.,1.));
#2102=DIRECTION('center_axis',(0.,0.,1.));
#2103=DIRECTION('ref_axis',(1.,0.,0.));
#2104=DIRECTION('center_axis',(0.,0.,-1.));
#2105=DIRECTION('ref_axis',(1.,0.,0.));
#2106=DIRECTION('',(0.,0.,1.));
#2107=DIRECTION('center_axis',(0.,0.,1.));
#2108=DIRECTION('ref_axis',(1.,0.,0.));
#2109=DIRECTION('center_axis',(0.,0.,-1.));
#2110=DIRECTION('ref_axis',(1.,0.,0.));
#2111=DIRECTION('',(0.,0.,1.));
#2112=DIRECTION('center_axis',(0.,0.,1.));
#2113=DIRECTION('ref_axis',(1.,0.,0.));
#2114=DIRECTION('center_axis',(0.,0.,-1.));
#2115=DIRECTION('ref_axis',(1.,0.,0.));
#2116=DIRECTION('',(0.,0.,1.));
#2117=DIRECTION('center_axis',(0.,0.,1.));
#2118=DIRECTION('ref_axis',(1.,0.,0.));
#2119=DIRECTION('center_axis',(0.,0.,-1.));
#2120=DIRECTION('ref_axis',(1.,0.,0.));
#2121=DIRECTION('',(0.,0.,1.));
#2122=DIRECTION('center_axis',(0.,0.,1.));
#2123=DIRECTION('ref_axis',(1.,0.,0.));
#2124=DIRECTION('center_axis',(0.,0.,-1.));
#2125=DIRECTION('ref_axis',(1.,0.,0.));
#2126=DIRECTION('',(0.,0.,1.));
#2127=DIRECTION('center_axis',(0.,0.,1.));
#2128=DIRECTION('ref_axis',(1.,0.,0.));
#2129=DIRECTION('center_axis',(0.,0.,-1.));
#2130=DIRECTION('ref_axis',(1.,0.,0.));
#2131=DIRECTION('',(0.,0.,1.));
#2132=DIRECTION('center_axis',(0.,0.,1.));
#2133=DIRECTION('ref_axis',(1.,0.,0.));
#2134=DIRECTION('center_axis',(0.,0.,-1.));
#2135=DIRECTION('ref_axis',(1.,0.,0.));
#2136=DIRECTION('',(0.,0.,1.));
#2137=DIRECTION('center_axis',(0.,0.,1.));
#2138=DIRECTION('ref_axis',(1.,0.,0.));
#2139=DIRECTION('center_axis',(0.,0.,-1.));
#2140=DIRECTION('ref_axis',(1.,0.,0.));
#2141=DIRECTION('',(0.,0.,1.));
#2142=DIRECTION('center_axis',(0.,0.,1.));
#2143=DIRECTION('ref_axis',(1.,0.,0.));
#2144=DIRECTION('center_axis',(0.,0.,-1.));
#2145=DIRECTION('ref_axis',(1.,0.,0.));
#2146=DIRECTION('',(0.,0.,1.));
#2147=DIRECTION('center_axis',(0.,0.,1.));
#2148=DIRECTION('ref_axis',(1.,0.,0.));
#2149=DIRECTION('center_axis',(0.,0.,-1.));
#2150=DIRECTION('ref_axis',(1.,0.,0.));
#2151=DIRECTION('',(0.,0.,1.));
#2152=DIRECTION('center_axis',(0.,0.,1.));
#2153=DIRECTION('ref_axis',(1.,0.,0.));
#2154=DIRECTION('center_axis',(0.,0.,-1.));
#2155=DIRECTION('ref_axis',(1.,0.,0.));
#2156=DIRECTION('',(0.,0.,1.));
#2157=DIRECTION('center_axis',(0.,0.,1.));
#2158=DIRECTION('ref_axis',(1.,0.,0.));
#2159=DIRECTION('center_axis',(0.,0.,-1.));
#2160=DIRECTION('ref_axis',(1.,0.,0.));
#2161=DIRECTION('',(0.,0.,1.));
#2162=DIRECTION('center_axis',(0.,0.,1.));
#2163=DIRECTION('ref_axis',(1.,0.,0.));
#2164=DIRECTION('center_axis',(0.,0.,-1.));
#2165=DIRECTION('ref_axis',(1.,0.,0.));
#2166=DIRECTION('',(0.,0.,1.));
#2167=DIRECTION('center_axis',(0.,0.,1.));
#2168=DIRECTION('ref_axis',(1.,0.,0.));
#2169=DIRECTION('center_axis',(0.,0.,-1.));
#2170=DIRECTION('ref_axis',(1.,0.,0.));
#2171=DIRECTION('',(0.,0.,1.));
#2172=DIRECTION('center_axis',(0.,0.,1.));
#2173=DIRECTION('ref_axis',(1.,0.,0.));
#2174=DIRECTION('center_axis',(0.,0.,-1.));
#2175=DIRECTION('ref_axis',(1.,0.,0.));
#2176=DIRECTION('',(0.,0.,1.));
#2177=DIRECTION('center_axis',(0.,0.,1.));
#2178=DIRECTION('ref_axis',(1.,0.,0.));
#2179=DIRECTION('center_axis',(0.,0.,-1.));
#2180=DIRECTION('ref_axis',(1.,0.,0.));
#2181=DIRECTION('',(0.,0.,1.));
#2182=DIRECTION('center_axis',(0.,0.,1.));
#2183=DIRECTION('ref_axis',(1.,0.,0.));
#2184=DIRECTION('center_axis',(0.,0.,-1.));
#2185=DIRECTION('ref_axis',(1.,0.,0.));
#2186=DIRECTION('',(0.,0.,1.));
#2187=DIRECTION('center_axis',(0.,0.,1.));
#2188=DIRECTION('ref_axis',(1.,0.,0.));
#2189=DIRECTION('center_axis',(0.,0.,-1.));
#2190=DIRECTION('ref_axis',(1.,0.,0.));
#2191=DIRECTION('',(0.,0.,1.));
#2192=DIRECTION('center_axis',(0.,0.,1.));
#2193=DIRECTION('ref_axis',(1.,0.,0.));
#2194=DIRECTION('center_axis',(0.,0.,-1.));
#2195=DIRECTION('ref_axis',(1.,0.,0.));
#2196=DIRECTION('',(0.,0.,1.));
#2197=DIRECTION('center_axis',(0.,0.,1.));
#2198=DIRECTION('ref_axis',(1.,0.,0.));
#2199=DIRECTION('center_axis',(0.,0.,-1.));
#2200=DIRECTION('ref_axis',(1.,0.,0.));
#2201=DIRECTION('',(0.,0.,1.));
#2202=DIRECTION('center_axis',(0.,0.,1.));
#2203=DIRECTION('ref_axis',(1.,0.,0.));
#2204=DIRECTION('center_axis',(0.,0.,-1.));
#2205=DIRECTION('ref_axis',(1.,0.,0.));
#2206=DIRECTION('',(0.,0.,1.));
#2207=DIRECTION('center_axis',(0.,0.,1.));
#2208=DIRECTION('ref_axis',(1.,0.,0.));
#2209=DIRECTION('center_axis',(0.,0.,-1.));
#2210=DIRECTION('ref_axis',(1.,0.,0.));
#2211=DIRECTION('',(0.,0.,1.));
#2212=DIRECTION('center_axis',(0.,0.,1.));
#2213=DIRECTION('ref_axis',(1.,0.,0.));
#2214=DIRECTION('center_axis',(0.,0.,-1.));
#2215=DIRECTION('ref_axis',(1.,0.,0.));
#2216=DIRECTION('',(0.,0.,1.));
#2217=DIRECTION('center_axis',(0.,0.,1.));
#2218=DIRECTION('ref_axis',(1.,0.,0.));
#2219=DIRECTION('center_axis',(0.,0.,-1.));
#2220=DIRECTION('ref_axis',(1.,0.,0.));
#2221=DIRECTION('',(0.,0.,1.));
#2222=DIRECTION('center_axis',(0.,0.,1.));
#2223=DIRECTION('ref_axis',(1.,0.,0.));
#2224=DIRECTION('center_axis',(0.,0.,-1.));
#2225=DIRECTION('ref_axis',(1.,0.,0.));
#2226=DIRECTION('',(0.,0.,1.));
#2227=DIRECTION('center_axis',(0.,0.,1.));
#2228=DIRECTION('ref_axis',(1.,0.,0.));
#2229=DIRECTION('center_axis',(0.,0.,-1.));
#2230=DIRECTION('ref_axis',(1.,0.,0.));
#2231=DIRECTION('',(0.,0.,1.));
#2232=DIRECTION('center_axis',(0.,0.,1.));
#2233=DIRECTION('ref_axis',(1.,0.,0.));
#2234=DIRECTION('center_axis',(0.,0.,-1.));
#2235=DIRECTION('ref_axis',(1.,0.,0.));
#2236=DIRECTION('',(0.,0.,1.));
#2237=DIRECTION('center_axis',(0.,0.,1.));
#2238=DIRECTION('ref_axis',(1.,0.,0.));
#2239=DIRECTION('center_axis',(0.,0.,-1.));
#2240=DIRECTION('ref_axis',(1.,0.,0.));
#2241=DIRECTION('',(0.,0.,1.));
#2242=DIRECTION('center_axis',(0.,0.,1.));
#2243=DIRECTION('ref_axis',(1.,0.,0.));
#2244=DIRECTION('center_axis',(0.,0.,-1.));
#2245=DIRECTION('ref_axis',(1.,0.,0.));
#2246=DIRECTION('',(0.,0.,1.));
#2247=DIRECTION('center_axis',(0.,0.,1.));
#2248=DIRECTION('ref_axis',(1.,0.,0.));
#2249=DIRECTION('center_axis',(0.,0.,-1.));
#2250=DIRECTION('ref_axis',(1.,0.,0.));
#2251=DIRECTION('',(0.,0.,1.));
#2252=DIRECTION('center_axis',(0.,0.,1.));
#2253=DIRECTION('ref_axis',(1.,0.,0.));
#2254=DIRECTION('center_axis',(0.,0.,-1.));
#2255=DIRECTION('ref_axis',(1.,0.,0.));
#2256=DIRECTION('',(0.,0.,1.));
#2257=DIRECTION('center_axis',(0.,0.,1.));
#2258=DIRECTION('ref_axis',(1.,0.,0.));
#2259=DIRECTION('center_axis',(0.,0.,-1.));
#2260=DIRECTION('ref_axis',(1.,0.,0.));
#2261=DIRECTION('',(0.,0.,1.));
#2262=DIRECTION('center_axis',(0.,0.,1.));
#2263=DIRECTION('ref_axis',(1.,0.,0.));
#2264=DIRECTION('center_axis',(0.,0.,-1.));
#2265=DIRECTION('ref_axis',(1.,0.,0.));
#2266=DIRECTION('',(0.,0.,1.));
#2267=DIRECTION('center_axis',(0.,0.,1.));
#2268=DIRECTION('ref_axis',(1.,0.,0.));
#2269=DIRECTION('center_axis',(0.,0.,-1.));
#2270=DIRECTION('ref_axis',(1.,0.,0.));
#2271=DIRECTION('',(0.,0.,1.));
#2272=DIRECTION('center_axis',(0.,0.,1.));
#2273=DIRECTION('ref_axis',(1.,0.,0.));
#2274=DIRECTION('center_axis',(0.,0.,-1.));
#2275=DIRECTION('ref_axis',(1.,0.,0.));
#2276=DIRECTION('',(0.,0.,1.));
#2277=DIRECTION('center_axis',(0.,0.,1.));
#2278=DIRECTION('ref_axis',(1.,0.,0.));
#2279=DIRECTION('center_axis',(0.,0.,-1.));
#2280=DIRECTION('ref_axis',(1.,0.,0.));
#2281=DIRECTION('',(0.,0.,1.));
#2282=DIRECTION('center_axis',(0.,0.,1.));
#2283=DIRECTION('ref_axis',(1.,0.,0.));
#2284=DIRECTION('center_axis',(0.,0.,-1.));
#2285=DIRECTION('ref_axis',(1.,0.,0.));
#2286=DIRECTION('',(0.,0.,1.));
#2287=DIRECTION('center_axis',(0.,0.,1.));
#2288=DIRECTION('ref_axis',(1.,0.,0.));
#2289=DIRECTION('center_axis',(0.,0.,-1.));
#2290=DIRECTION('ref_axis',(1.,0.,0.));
#2291=DIRECTION('',(0.,0.,1.));
#2292=DIRECTION('center_axis',(0.,0.,1.));
#2293=DIRECTION('ref_axis',(1.,0.,0.));
#2294=DIRECTION('center_axis',(0.,0.,-1.));
#2295=DIRECTION('ref_axis',(1.,0.,0.));
#2296=DIRECTION('',(0.,0.,1.));
#2297=DIRECTION('center_axis',(0.,0.,1.));
#2298=DIRECTION('ref_axis',(1.,0.,0.));
#2299=DIRECTION('center_axis',(0.,0.,-1.));
#2300=DIRECTION('ref_axis',(1.,0.,0.));
#2301=DIRECTION('',(0.,0.,1.));
#2302=DIRECTION('center_axis',(0.,0.,1.));
#2303=DIRECTION('ref_axis',(1.,0.,0.));
#2304=DIRECTION('center_axis',(0.,0.,-1.));
#2305=DIRECTION('ref_axis',(1.,0.,0.));
#2306=DIRECTION('',(0.,0.,1.));
#2307=DIRECTION('center_axis',(0.,0.,1.));
#2308=DIRECTION('ref_axis',(1.,0.,0.));
#2309=DIRECTION('center_axis',(0.,0.,-1.));
#2310=DIRECTION('ref_axis',(1.,0.,0.));
#2311=DIRECTION('',(0.,0.,1.));
#2312=DIRECTION('center_axis',(0.,0.,1.));
#2313=DIRECTION('ref_axis',(1.,0.,0.));
#2314=DIRECTION('center_axis',(0.,0.,-1.));
#2315=DIRECTION('ref_axis',(1.,0.,0.));
#2316=DIRECTION('',(0.,0.,1.));
#2317=DIRECTION('center_axis',(0.,0.,1.));
#2318=DIRECTION('ref_axis',(1.,0.,0.));
#2319=DIRECTION('center_axis',(0.,0.,-1.));
#2320=DIRECTION('ref_axis',(1.,0.,0.));
#2321=DIRECTION('',(0.,0.,1.));
#2322=DIRECTION('center_axis',(0.,1.,0.));
#2323=DIRECTION('ref_axis',(-1.,0.,0.));
#2324=DIRECTION('',(0.,0.,-1.));
#2325=DIRECTION('',(0.707106781186543,0.,-0.707106781186552));
#2326=DIRECTION('',(0.,0.,1.));
#2327=DIRECTION('',(-0.707106781186531,0.,-0.707106781186564));
#2328=DIRECTION('',(0.,0.,-1.));
#2329=DIRECTION('',(0.,0.,1.));
#2330=DIRECTION('',(-0.707106781186547,0.,0.707106781186548));
#2331=DIRECTION('',(0.,0.,1.));
#2332=DIRECTION('',(0.707106781186546,0.,0.707106781186549));
#2333=DIRECTION('',(0.,0.,1.));
#2334=DIRECTION('',(1.,0.,0.));
#2335=DIRECTION('center_axis',(0.,0.,1.));
#2336=DIRECTION('ref_axis',(1.,0.,0.));
#2337=DIRECTION('',(8.73148178000287E-17,-1.,0.));
#2338=DIRECTION('',(-1.,0.,0.));
#2339=DIRECTION('',(4.24965751052691E-16,1.,0.));
#2340=DIRECTION('',(1.,1.93517638524962E-16,0.));
#2341=DIRECTION('center_axis',(-1.,-8.73148178000287E-17,0.));
#2342=DIRECTION('ref_axis',(-8.73148178000287E-17,1.,0.));
#2343=DIRECTION('',(0.,0.,-1.));
#2344=DIRECTION('',(0.,1.,0.));
#2345=DIRECTION('',(0.,0.,1.));
#2346=DIRECTION('center_axis',(0.,-1.,0.));
#2347=DIRECTION('ref_axis',(-1.,0.,0.));
#2348=DIRECTION('',(0.,0.,-1.));
#2349=DIRECTION('',(-1.,-1.93517638524962E-16,0.));
#2350=DIRECTION('center_axis',(1.,6.71505861668441E-17,0.));
#2351=DIRECTION('ref_axis',(-6.71505861668441E-17,1.,0.));
#2352=DIRECTION('',(-6.71505861668441E-17,1.,0.));
#2353=DIRECTION('',(-6.71505861668441E-17,1.,-6.71505861668444E-17));
#2354=DIRECTION('center_axis',(1.,6.71505861668441E-17,0.));
#2355=DIRECTION('ref_axis',(-6.71505861668441E-17,1.,0.));
#2356=DIRECTION('',(-6.71505861668441E-17,1.,6.71505861668442E-17));
#2357=DIRECTION('center_axis',(0.,1.,0.));
#2358=DIRECTION('ref_axis',(0.,0.,1.));
#2359=DIRECTION('',(2.95865929238353E-15,0.,1.));
#2360=DIRECTION('',(0.707106781186546,0.,0.707106781186549));
#2361=DIRECTION('',(0.,0.,1.));
#2362=DIRECTION('',(-0.707106781186547,0.,0.707106781186548));
#2363=DIRECTION('center_axis',(0.707106781186548,0.,-0.707106781186548));
#2364=DIRECTION('ref_axis',(-0.707106781186548,0.,-0.707106781186548));
#2365=DIRECTION('',(0.,1.,0.));
#2366=DIRECTION('',(0.,-1.,0.));
#2367=DIRECTION('center_axis',(-1.,0.,0.));
#2368=DIRECTION('ref_axis',(0.,0.,1.));
#2369=DIRECTION('',(0.,-1.,0.));
#2370=DIRECTION('center_axis',(-1.,0.,0.));
#2371=DIRECTION('ref_axis',(0.,-1.,0.));
#2372=DIRECTION('',(0.,-1.,0.));
#2373=DIRECTION('center_axis',(-1.,0.,0.));
#2374=DIRECTION('ref_axis',(0.,-1.,0.));
#2375=DIRECTION('',(0.,-1.,0.));
#2376=DIRECTION('',(0.,-1.,0.));
#2377=DIRECTION('center_axis',(0.,1.,0.));
#2378=DIRECTION('ref_axis',(0.,0.,1.));
#2379=DIRECTION('',(0.,0.,-1.));
#2380=DIRECTION('',(-0.707106781186531,0.,-0.707106781186564));
#2381=DIRECTION('',(0.,0.,-1.));
#2382=DIRECTION('',(0.707106781186543,0.,-0.707106781186552));
#2383=DIRECTION('center_axis',(-0.707106781186548,0.,0.707106781186548));
#2384=DIRECTION('ref_axis',(0.707106781186548,0.,0.707106781186548));
#2385=DIRECTION('',(0.,1.,0.));
#2386=DIRECTION('',(0.,1.,0.));
#2387=DIRECTION('center_axis',(1.,0.,0.));
#2388=DIRECTION('ref_axis',(0.,0.,-1.));
#2389=DIRECTION('',(0.,-1.,0.));
#2390=DIRECTION('center_axis',(-1.,0.,0.));
#2391=DIRECTION('ref_axis',(0.,0.,1.));
#2392=DIRECTION('',(0.,1.,0.));
#2393=DIRECTION('center_axis',(-0.707106781186548,0.,-0.707106781186548));
#2394=DIRECTION('ref_axis',(-0.707106781186548,0.,0.707106781186548));
#2395=DIRECTION('center_axis',(1.,0.,0.));
#2396=DIRECTION('ref_axis',(0.,0.,-1.));
#2397=DIRECTION('',(0.,-1.,0.));
#2398=DIRECTION('center_axis',(0.707106781186548,0.,0.707106781186548));
#2399=DIRECTION('ref_axis',(0.707106781186548,0.,-0.707106781186548));
#2400=DIRECTION('center_axis',(0.,0.,-1.));
#2401=DIRECTION('ref_axis',(-1.,0.,0.));
#2402=DIRECTION('',(0.,-1.,0.));
#2403=DIRECTION('',(1.,0.,0.));
#2404=DIRECTION('center_axis',(-1.,0.,0.));
#2405=DIRECTION('ref_axis',(0.,0.,1.));
#2406=DIRECTION('',(0.,0.,-1.));
#2407=DIRECTION('center_axis',(0.,-1.,0.));
#2408=DIRECTION('ref_axis',(0.,0.,-1.));
#2409=CARTESIAN_POINT('',(0.,0.,0.));
#2410=CARTESIAN_POINT('Origin',(-41.8999999999991,-72.3228030251515,66.5));
#2411=CARTESIAN_POINT('',(-93.15,-97.1228030251515,66.5));
#2412=CARTESIAN_POINT('',(-93.15,-47.5228030251515,66.5));
#2413=CARTESIAN_POINT('',(-93.15,-59.9228030251515,66.5));
#2414=CARTESIAN_POINT('',(9.35000000000091,-97.1228030251515,66.5));
#2415=CARTESIAN_POINT('',(-93.2,-97.1228030251515,66.5));
#2416=CARTESIAN_POINT('',(9.3500000000009,-47.5228030251515,66.5));
#2417=CARTESIAN_POINT('',(9.3500000000009,-84.7228030251515,66.5));
#2418=CARTESIAN_POINT('',(9.4000000000009,-47.5228030251515,66.5));
#2419=CARTESIAN_POINT('',(-89.426713306413,-72.2640565201461,66.5));
#2420=CARTESIAN_POINT('Origin',(-86.801713306413,-72.2640565201461,66.5));
#2421=CARTESIAN_POINT('',(-89.426713306413,-90.2640565201461,66.5));
#2422=CARTESIAN_POINT('Origin',(-86.801713306413,-90.2640565201461,66.5));
#2423=CARTESIAN_POINT('',(-26.426713306413,-54.2640565201461,66.5));
#2424=CARTESIAN_POINT('Origin',(-23.801713306413,-54.2640565201461,66.5));
#2425=CARTESIAN_POINT('',(-44.426713306413,-54.2640565201461,66.5));
#2426=CARTESIAN_POINT('Origin',(-41.801713306413,-54.2640565201461,66.5));
#2427=CARTESIAN_POINT('',(0.57328669358697,-72.2640565201461,66.5));
#2428=CARTESIAN_POINT('Origin',(3.19828669358697,-72.2640565201461,66.5));
#2429=CARTESIAN_POINT('',(-80.426713306413,-90.2640565201461,66.5));
#2430=CARTESIAN_POINT('Origin',(-77.801713306413,-90.2640565201461,66.5));
#2431=CARTESIAN_POINT('',(-17.426713306413,-81.2640565201461,66.5));
#2432=CARTESIAN_POINT('Origin',(-14.801713306413,-81.2640565201461,66.5));
#2433=CARTESIAN_POINT('',(-35.426713306413,-81.2640565201461,66.5));
#2434=CARTESIAN_POINT('Origin',(-32.801713306413,-81.2640565201461,66.5));
#2435=CARTESIAN_POINT('',(0.57328669358697,-81.2640565201461,66.5));
#2436=CARTESIAN_POINT('Origin',(3.19828669358697,-81.2640565201461,66.5));
#2437=CARTESIAN_POINT('',(-53.426713306413,-72.2640565201461,66.5));
#2438=CARTESIAN_POINT('Origin',(-50.801713306413,-72.2640565201461,66.5));
#2439=CARTESIAN_POINT('',(-53.426713306413,-90.2640565201461,66.5));
#2440=CARTESIAN_POINT('Origin',(-50.801713306413,-90.2640565201461,66.5));
#2441=CARTESIAN_POINT('',(-71.426713306413,-81.2640565201461,66.5));
#2442=CARTESIAN_POINT('Origin',(-68.801713306413,-81.2640565201461,66.5));
#2443=CARTESIAN_POINT('',(-17.426713306413,-54.2640565201461,66.5));
#2444=CARTESIAN_POINT('Origin',(-14.801713306413,-54.2640565201461,66.5));
#2445=CARTESIAN_POINT('',(-44.426713306413,-63.2640565201461,66.5));
#2446=CARTESIAN_POINT('Origin',(-41.801713306413,-63.2640565201461,66.5));
#2447=CARTESIAN_POINT('',(-71.426713306413,-90.2640565201461,66.5));
#2448=CARTESIAN_POINT('Origin',(-68.801713306413,-90.2640565201461,66.5));
#2449=CARTESIAN_POINT('',(-62.426713306413,-63.2640565201461,66.5));
#2450=CARTESIAN_POINT('Origin',(-59.801713306413,-63.2640565201461,66.5));
#2451=CARTESIAN_POINT('',(-26.426713306413,-72.2640565201461,66.5));
#2452=CARTESIAN_POINT('Origin',(-23.801713306413,-72.2640565201461,66.5));
#2453=CARTESIAN_POINT('',(-17.426713306413,-63.2640565201461,66.5));
#2454=CARTESIAN_POINT('Origin',(-14.801713306413,-63.2640565201461,66.5));
#2455=CARTESIAN_POINT('',(-8.42671330641303,-81.2640565201461,66.5));
#2456=CARTESIAN_POINT('Origin',(-5.80171330641303,-81.2640565201461,66.5));
#2457=CARTESIAN_POINT('',(0.57328669358697,-54.2640565201461,66.5));
#2458=CARTESIAN_POINT('Origin',(3.19828669358697,-54.2640565201461,66.5));
#2459=CARTESIAN_POINT('',(-89.426713306413,-81.2640565201461,66.5));
#2460=CARTESIAN_POINT('Origin',(-86.801713306413,-81.2640565201461,66.5));
#2461=CARTESIAN_POINT('',(-26.426713306413,-63.2640565201461,66.5));
#2462=CARTESIAN_POINT('Origin',(-23.801713306413,-63.2640565201461,66.5));
#2463=CARTESIAN_POINT('',(-44.426713306413,-72.2640565201461,66.5));
#2464=CARTESIAN_POINT('Origin',(-41.801713306413,-72.2640565201461,66.5));
#2465=CARTESIAN_POINT('',(-17.426713306413,-72.2640565201461,66.5));
#2466=CARTESIAN_POINT('Origin',(-14.801713306413,-72.2640565201461,66.5));
#2467=CARTESIAN_POINT('',(-80.426713306413,-54.2640565201461,66.5));
#2468=CARTESIAN_POINT('Origin',(-77.801713306413,-54.2640565201461,66.5));
#2469=CARTESIAN_POINT('',(-53.426713306413,-63.2640565201461,66.5));
#2470=CARTESIAN_POINT('Origin',(-50.801713306413,-63.2640565201461,66.5));
#2471=CARTESIAN_POINT('',(-26.426713306413,-81.2640565201461,66.5));
#2472=CARTESIAN_POINT('Origin',(-23.801713306413,-81.2640565201461,66.5));
#2473=CARTESIAN_POINT('',(-35.426713306413,-72.2640565201461,66.5));
#2474=CARTESIAN_POINT('Origin',(-32.801713306413,-72.2640565201461,66.5));
#2475=CARTESIAN_POINT('',(-35.426713306413,-90.2640565201461,66.5));
#2476=CARTESIAN_POINT('Origin',(-32.801713306413,-90.2640565201461,66.5));
#2477=CARTESIAN_POINT('',(-71.426713306413,-54.2640565201461,66.5));
#2478=CARTESIAN_POINT('Origin',(-68.801713306413,-54.2640565201461,66.5));
#2479=CARTESIAN_POINT('',(-53.426713306413,-54.2640565201461,66.5));
#2480=CARTESIAN_POINT('Origin',(-50.801713306413,-54.2640565201461,66.5));
#2481=CARTESIAN_POINT('',(-44.426713306413,-81.2640565201461,66.5));
#2482=CARTESIAN_POINT('Origin',(-41.801713306413,-81.2640565201461,66.5));
#2483=CARTESIAN_POINT('',(-26.426713306413,-90.2640565201461,66.5));
#2484=CARTESIAN_POINT('Origin',(-23.801713306413,-90.2640565201461,66.5));
#2485=CARTESIAN_POINT('',(-8.42671330641303,-90.2640565201461,66.5));
#2486=CARTESIAN_POINT('Origin',(-5.80171330641303,-90.2640565201461,66.5));
#2487=CARTESIAN_POINT('',(-8.42671330641303,-72.2640565201461,66.5));
#2488=CARTESIAN_POINT('Origin',(-5.80171330641303,-72.2640565201461,66.5));
#2489=CARTESIAN_POINT('',(-80.426713306413,-72.2640565201461,66.5));
#2490=CARTESIAN_POINT('Origin',(-77.801713306413,-72.2640565201461,66.5));
#2491=CARTESIAN_POINT('',(0.57328669358697,-90.2640565201461,66.5));
#2492=CARTESIAN_POINT('Origin',(3.19828669358697,-90.2640565201461,66.5));
#2493=CARTESIAN_POINT('',(-8.42671330641303,-54.2640565201461,66.5));
#2494=CARTESIAN_POINT('Origin',(-5.80171330641303,-54.2640565201461,66.5));
#2495=CARTESIAN_POINT('',(-8.42671330641303,-63.2640565201461,66.5));
#2496=CARTESIAN_POINT('Origin',(-5.80171330641303,-63.2640565201461,66.5));
#2497=CARTESIAN_POINT('',(-62.426713306413,-81.2640565201461,66.5));
#2498=CARTESIAN_POINT('Origin',(-59.801713306413,-81.2640565201461,66.5));
#2499=CARTESIAN_POINT('',(-89.426713306413,-63.2640565201461,66.5));
#2500=CARTESIAN_POINT('Origin',(-86.801713306413,-63.2640565201461,66.5));
#2501=CARTESIAN_POINT('',(-44.426713306413,-90.2640565201461,66.5));
#2502=CARTESIAN_POINT('Origin',(-41.801713306413,-90.2640565201461,66.5));
#2503=CARTESIAN_POINT('',(-53.426713306413,-81.2640565201461,66.5));
#2504=CARTESIAN_POINT('Origin',(-50.801713306413,-81.2640565201461,66.5));
#2505=CARTESIAN_POINT('',(-35.426713306413,-54.2640565201461,66.5));
#2506=CARTESIAN_POINT('Origin',(-32.801713306413,-54.2640565201461,66.5));
#2507=CARTESIAN_POINT('',(-62.426713306413,-54.2640565201461,66.5));
#2508=CARTESIAN_POINT('Origin',(-59.801713306413,-54.2640565201461,66.5));
#2509=CARTESIAN_POINT('',(-35.426713306413,-63.2640565201461,66.5));
#2510=CARTESIAN_POINT('Origin',(-32.801713306413,-63.2640565201461,66.5));
#2511=CARTESIAN_POINT('',(-62.426713306413,-90.2640565201461,66.5));
#2512=CARTESIAN_POINT('Origin',(-59.801713306413,-90.2640565201461,66.5));
#2513=CARTESIAN_POINT('',(-71.426713306413,-63.2640565201461,66.5));
#2514=CARTESIAN_POINT('Origin',(-68.801713306413,-63.2640565201461,66.5));
#2515=CARTESIAN_POINT('',(-62.426713306413,-72.2640565201461,66.5));
#2516=CARTESIAN_POINT('Origin',(-59.801713306413,-72.2640565201461,66.5));
#2517=CARTESIAN_POINT('',(-80.426713306413,-63.2640565201461,66.5));
#2518=CARTESIAN_POINT('Origin',(-77.801713306413,-63.2640565201461,66.5));
#2519=CARTESIAN_POINT('',(-89.426713306413,-54.2640565201461,66.5));
#2520=CARTESIAN_POINT('Origin',(-86.801713306413,-54.2640565201461,66.5));
#2521=CARTESIAN_POINT('',(-17.426713306413,-90.2640565201461,66.5));
#2522=CARTESIAN_POINT('Origin',(-14.801713306413,-90.2640565201461,66.5));
#2523=CARTESIAN_POINT('',(-71.426713306413,-72.2640565201461,66.5));
#2524=CARTESIAN_POINT('Origin',(-68.801713306413,-72.2640565201461,66.5));
#2525=CARTESIAN_POINT('',(0.57328669358697,-63.2640565201461,66.5));
#2526=CARTESIAN_POINT('Origin',(3.19828669358697,-63.2640565201461,66.5));
#2527=CARTESIAN_POINT('',(-80.426713306413,-81.2640565201461,66.5));
#2528=CARTESIAN_POINT('Origin',(-77.801713306413,-81.2640565201461,66.5));
#2529=CARTESIAN_POINT('Origin',(-93.2,-97.1228030251515,1.5));
#2530=CARTESIAN_POINT('',(9.35000000000091,-97.1228030251515,4.79020202535533));
#2531=CARTESIAN_POINT('',(9.3500000000009,-97.1228030251515,1.5));
#2532=CARTESIAN_POINT('',(9.35000000000091,-97.1228030251515,1.5));
#2533=CARTESIAN_POINT('',(11.5213203435605,-97.1228030251515,6.96152236891495));
#2534=CARTESIAN_POINT('',(-16.0390349954987,-97.1228030251515,-20.5988329701444));
#2535=CARTESIAN_POINT('',(11.5213203435605,-97.1228030251515,9.29583694396575));
#2536=CARTESIAN_POINT('',(11.5213203435605,-97.1228030251515,5.37720779386406));
#2537=CARTESIAN_POINT('',(9.35000000000091,-97.1228030251515,11.4671572875254));
#2538=CARTESIAN_POINT('',(-13.7353553390584,-97.1228030251515,34.5525126265847));
#2539=CARTESIAN_POINT('',(9.35000000000091,-97.1228030251515,1.5));
#2540=CARTESIAN_POINT('',(-93.15,-97.1228030251515,11.4671572875255));
#2541=CARTESIAN_POINT('',(-93.15,-97.1228030251515,1.5));
#2542=CARTESIAN_POINT('',(-95.3213203435588,-97.1228030251515,9.29583694396566));
#2543=CARTESIAN_POINT('',(-96.7253048327196,-97.1228030251515,7.89185245480477));
#2544=CARTESIAN_POINT('',(-95.3213203435588,-97.1228030251515,6.961522368915));
#2545=CARTESIAN_POINT('',(-95.3213203435588,-97.1228030251515,4.25147186257614));
#2546=CARTESIAN_POINT('',(-93.15,-97.1228030251515,4.79020202535529));
#2547=CARTESIAN_POINT('',(-92.4003048327196,-97.1228030251515,4.04050685807579));
#2548=CARTESIAN_POINT('',(-93.15,-97.1228030251515,1.5));
#2549=CARTESIAN_POINT('',(-93.15,-97.1228030251515,1.5));
#2550=CARTESIAN_POINT('',(9.40000000000091,-97.1228030251515,1.5));
#2551=CARTESIAN_POINT('Origin',(-77.801713306413,-81.2640565201461,1.5));
#2552=CARTESIAN_POINT('',(-80.426713306413,-81.2640565201461,55.5));
#2553=CARTESIAN_POINT('Origin',(-77.801713306413,-81.2640565201461,55.5));
#2554=CARTESIAN_POINT('',(-80.426713306413,-81.2640565201461,1.5));
#2555=CARTESIAN_POINT('Origin',(3.19828669358697,-63.2640565201461,1.5));
#2556=CARTESIAN_POINT('',(0.57328669358697,-63.2640565201461,55.5));
#2557=CARTESIAN_POINT('Origin',(3.19828669358697,-63.2640565201461,55.5));
#2558=CARTESIAN_POINT('',(0.57328669358697,-63.2640565201461,1.5));
#2559=CARTESIAN_POINT('Origin',(-68.801713306413,-72.2640565201461,1.5));
#2560=CARTESIAN_POINT('',(-71.426713306413,-72.2640565201461,55.5));
#2561=CARTESIAN_POINT('Origin',(-68.801713306413,-72.2640565201461,55.5));
#2562=CARTESIAN_POINT('',(-71.426713306413,-72.2640565201461,1.5));
#2563=CARTESIAN_POINT('Origin',(-14.801713306413,-90.2640565201461,1.5));
#2564=CARTESIAN_POINT('',(-17.426713306413,-90.2640565201461,55.5));
#2565=CARTESIAN_POINT('Origin',(-14.801713306413,-90.2640565201461,55.5));
#2566=CARTESIAN_POINT('',(-17.426713306413,-90.2640565201461,1.5));
#2567=CARTESIAN_POINT('Origin',(-86.801713306413,-54.2640565201461,1.5));
#2568=CARTESIAN_POINT('',(-89.426713306413,-54.2640565201461,55.5));
#2569=CARTESIAN_POINT('Origin',(-86.801713306413,-54.2640565201461,55.5));
#2570=CARTESIAN_POINT('',(-89.426713306413,-54.2640565201461,1.5));
#2571=CARTESIAN_POINT('Origin',(-77.801713306413,-63.2640565201461,1.5));
#2572=CARTESIAN_POINT('',(-80.426713306413,-63.2640565201461,55.5));
#2573=CARTESIAN_POINT('Origin',(-77.801713306413,-63.2640565201461,55.5));
#2574=CARTESIAN_POINT('',(-80.426713306413,-63.2640565201461,1.5));
#2575=CARTESIAN_POINT('Origin',(-59.801713306413,-72.2640565201461,1.5));
#2576=CARTESIAN_POINT('',(-62.426713306413,-72.2640565201461,55.5));
#2577=CARTESIAN_POINT('Origin',(-59.801713306413,-72.2640565201461,55.5));
#2578=CARTESIAN_POINT('',(-62.426713306413,-72.2640565201461,1.5));
#2579=CARTESIAN_POINT('Origin',(-68.801713306413,-63.2640565201461,1.5));
#2580=CARTESIAN_POINT('',(-71.426713306413,-63.2640565201461,55.5));
#2581=CARTESIAN_POINT('Origin',(-68.801713306413,-63.2640565201461,55.5));
#2582=CARTESIAN_POINT('',(-71.426713306413,-63.2640565201461,1.5));
#2583=CARTESIAN_POINT('Origin',(-59.801713306413,-90.2640565201461,1.5));
#2584=CARTESIAN_POINT('',(-62.426713306413,-90.2640565201461,55.5));
#2585=CARTESIAN_POINT('Origin',(-59.801713306413,-90.2640565201461,55.5));
#2586=CARTESIAN_POINT('',(-62.426713306413,-90.2640565201461,1.5));
#2587=CARTESIAN_POINT('Origin',(-32.801713306413,-63.2640565201461,1.5));
#2588=CARTESIAN_POINT('',(-35.426713306413,-63.2640565201461,55.5));
#2589=CARTESIAN_POINT('Origin',(-32.801713306413,-63.2640565201461,55.5));
#2590=CARTESIAN_POINT('',(-35.426713306413,-63.2640565201461,1.5));
#2591=CARTESIAN_POINT('Origin',(-59.801713306413,-54.2640565201461,1.5));
#2592=CARTESIAN_POINT('',(-62.426713306413,-54.2640565201461,55.5));
#2593=CARTESIAN_POINT('Origin',(-59.801713306413,-54.2640565201461,55.5));
#2594=CARTESIAN_POINT('',(-62.426713306413,-54.2640565201461,1.5));
#2595=CARTESIAN_POINT('Origin',(-32.801713306413,-54.2640565201461,1.5));
#2596=CARTESIAN_POINT('',(-35.426713306413,-54.2640565201461,55.5));
#2597=CARTESIAN_POINT('Origin',(-32.801713306413,-54.2640565201461,55.5));
#2598=CARTESIAN_POINT('',(-35.426713306413,-54.2640565201461,1.5));
#2599=CARTESIAN_POINT('Origin',(-50.801713306413,-81.2640565201461,1.5));
#2600=CARTESIAN_POINT('',(-53.426713306413,-81.2640565201461,55.5));
#2601=CARTESIAN_POINT('Origin',(-50.801713306413,-81.2640565201461,55.5));
#2602=CARTESIAN_POINT('',(-53.426713306413,-81.2640565201461,1.5));
#2603=CARTESIAN_POINT('Origin',(-41.801713306413,-90.2640565201461,1.5));
#2604=CARTESIAN_POINT('',(-44.426713306413,-90.2640565201461,55.5));
#2605=CARTESIAN_POINT('Origin',(-41.801713306413,-90.2640565201461,55.5));
#2606=CARTESIAN_POINT('',(-44.426713306413,-90.2640565201461,1.5));
#2607=CARTESIAN_POINT('Origin',(-86.801713306413,-63.2640565201461,1.5));
#2608=CARTESIAN_POINT('',(-89.426713306413,-63.2640565201461,55.5));
#2609=CARTESIAN_POINT('Origin',(-86.801713306413,-63.2640565201461,55.5));
#2610=CARTESIAN_POINT('',(-89.426713306413,-63.2640565201461,1.5));
#2611=CARTESIAN_POINT('Origin',(-59.801713306413,-81.2640565201461,1.5));
#2612=CARTESIAN_POINT('',(-62.426713306413,-81.2640565201461,55.5));
#2613=CARTESIAN_POINT('Origin',(-59.801713306413,-81.2640565201461,55.5));
#2614=CARTESIAN_POINT('',(-62.426713306413,-81.2640565201461,1.5));
#2615=CARTESIAN_POINT('Origin',(-5.80171330641303,-63.2640565201461,1.5));
#2616=CARTESIAN_POINT('',(-8.42671330641303,-63.2640565201461,55.5));
#2617=CARTESIAN_POINT('Origin',(-5.80171330641303,-63.2640565201461,55.5));
#2618=CARTESIAN_POINT('',(-8.42671330641303,-63.2640565201461,1.5));
#2619=CARTESIAN_POINT('Origin',(-5.80171330641303,-54.2640565201461,1.5));
#2620=CARTESIAN_POINT('',(-8.42671330641303,-54.2640565201461,55.5));
#2621=CARTESIAN_POINT('Origin',(-5.80171330641303,-54.2640565201461,55.5));
#2622=CARTESIAN_POINT('',(-8.42671330641303,-54.2640565201461,1.5));
#2623=CARTESIAN_POINT('Origin',(3.19828669358697,-90.2640565201461,1.5));
#2624=CARTESIAN_POINT('',(0.57328669358697,-90.2640565201461,55.5));
#2625=CARTESIAN_POINT('Origin',(3.19828669358697,-90.2640565201461,55.5));
#2626=CARTESIAN_POINT('',(0.57328669358697,-90.2640565201461,1.5));
#2627=CARTESIAN_POINT('Origin',(-77.801713306413,-72.2640565201461,1.5));
#2628=CARTESIAN_POINT('',(-80.426713306413,-72.2640565201461,55.5));
#2629=CARTESIAN_POINT('Origin',(-77.801713306413,-72.2640565201461,55.5));
#2630=CARTESIAN_POINT('',(-80.426713306413,-72.2640565201461,1.5));
#2631=CARTESIAN_POINT('Origin',(-5.80171330641303,-72.2640565201461,1.5));
#2632=CARTESIAN_POINT('',(-8.42671330641303,-72.2640565201461,55.5));
#2633=CARTESIAN_POINT('Origin',(-5.80171330641303,-72.2640565201461,55.5));
#2634=CARTESIAN_POINT('',(-8.42671330641303,-72.2640565201461,1.5));
#2635=CARTESIAN_POINT('Origin',(-5.80171330641303,-90.2640565201461,1.5));
#2636=CARTESIAN_POINT('',(-8.42671330641303,-90.2640565201461,55.5));
#2637=CARTESIAN_POINT('Origin',(-5.80171330641303,-90.2640565201461,55.5));
#2638=CARTESIAN_POINT('',(-8.42671330641303,-90.2640565201461,1.5));
#2639=CARTESIAN_POINT('Origin',(-23.801713306413,-90.2640565201461,1.5));
#2640=CARTESIAN_POINT('',(-26.426713306413,-90.2640565201461,55.5));
#2641=CARTESIAN_POINT('Origin',(-23.801713306413,-90.2640565201461,55.5));
#2642=CARTESIAN_POINT('',(-26.426713306413,-90.2640565201461,1.5));
#2643=CARTESIAN_POINT('Origin',(-41.801713306413,-81.2640565201461,1.5));
#2644=CARTESIAN_POINT('',(-44.426713306413,-81.2640565201461,55.5));
#2645=CARTESIAN_POINT('Origin',(-41.801713306413,-81.2640565201461,55.5));
#2646=CARTESIAN_POINT('',(-44.426713306413,-81.2640565201461,1.5));
#2647=CARTESIAN_POINT('Origin',(-50.801713306413,-54.2640565201461,1.5));
#2648=CARTESIAN_POINT('',(-53.426713306413,-54.2640565201461,55.5));
#2649=CARTESIAN_POINT('Origin',(-50.801713306413,-54.2640565201461,55.5));
#2650=CARTESIAN_POINT('',(-53.426713306413,-54.2640565201461,1.5));
#2651=CARTESIAN_POINT('Origin',(-68.801713306413,-54.2640565201461,1.5));
#2652=CARTESIAN_POINT('',(-71.426713306413,-54.2640565201461,55.5));
#2653=CARTESIAN_POINT('Origin',(-68.801713306413,-54.2640565201461,55.5));
#2654=CARTESIAN_POINT('',(-71.426713306413,-54.2640565201461,1.5));
#2655=CARTESIAN_POINT('Origin',(-32.801713306413,-90.2640565201461,1.5));
#2656=CARTESIAN_POINT('',(-35.426713306413,-90.2640565201461,55.5));
#2657=CARTESIAN_POINT('Origin',(-32.801713306413,-90.2640565201461,55.5));
#2658=CARTESIAN_POINT('',(-35.426713306413,-90.2640565201461,1.5));
#2659=CARTESIAN_POINT('Origin',(-32.801713306413,-72.2640565201461,1.5));
#2660=CARTESIAN_POINT('',(-35.426713306413,-72.2640565201461,55.5));
#2661=CARTESIAN_POINT('Origin',(-32.801713306413,-72.2640565201461,55.5));
#2662=CARTESIAN_POINT('',(-35.426713306413,-72.2640565201461,1.5));
#2663=CARTESIAN_POINT('Origin',(-23.801713306413,-81.2640565201461,1.5));
#2664=CARTESIAN_POINT('',(-26.426713306413,-81.2640565201461,55.5));
#2665=CARTESIAN_POINT('Origin',(-23.801713306413,-81.2640565201461,55.5));
#2666=CARTESIAN_POINT('',(-26.426713306413,-81.2640565201461,1.5));
#2667=CARTESIAN_POINT('Origin',(-50.801713306413,-63.2640565201461,1.5));
#2668=CARTESIAN_POINT('',(-53.426713306413,-63.2640565201461,55.5));
#2669=CARTESIAN_POINT('Origin',(-50.801713306413,-63.2640565201461,55.5));
#2670=CARTESIAN_POINT('',(-53.426713306413,-63.2640565201461,1.5));
#2671=CARTESIAN_POINT('Origin',(-77.801713306413,-54.2640565201461,1.5));
#2672=CARTESIAN_POINT('',(-80.426713306413,-54.2640565201461,55.5));
#2673=CARTESIAN_POINT('Origin',(-77.801713306413,-54.2640565201461,55.5));
#2674=CARTESIAN_POINT('',(-80.426713306413,-54.2640565201461,1.5));
#2675=CARTESIAN_POINT('Origin',(-14.801713306413,-72.2640565201461,1.5));
#2676=CARTESIAN_POINT('',(-17.426713306413,-72.2640565201461,55.5));
#2677=CARTESIAN_POINT('Origin',(-14.801713306413,-72.2640565201461,55.5));
#2678=CARTESIAN_POINT('',(-17.426713306413,-72.2640565201461,1.5));
#2679=CARTESIAN_POINT('Origin',(-41.801713306413,-72.2640565201461,1.5));
#2680=CARTESIAN_POINT('',(-44.426713306413,-72.2640565201461,55.5));
#2681=CARTESIAN_POINT('Origin',(-41.801713306413,-72.2640565201461,55.5));
#2682=CARTESIAN_POINT('',(-44.426713306413,-72.2640565201461,1.5));
#2683=CARTESIAN_POINT('Origin',(-23.801713306413,-63.2640565201461,1.5));
#2684=CARTESIAN_POINT('',(-26.426713306413,-63.2640565201461,55.5));
#2685=CARTESIAN_POINT('Origin',(-23.801713306413,-63.2640565201461,55.5));
#2686=CARTESIAN_POINT('',(-26.426713306413,-63.2640565201461,1.5));
#2687=CARTESIAN_POINT('Origin',(-86.801713306413,-81.2640565201461,1.5));
#2688=CARTESIAN_POINT('',(-89.426713306413,-81.2640565201461,55.5));
#2689=CARTESIAN_POINT('Origin',(-86.801713306413,-81.2640565201461,55.5));
#2690=CARTESIAN_POINT('',(-89.426713306413,-81.2640565201461,1.5));
#2691=CARTESIAN_POINT('Origin',(3.19828669358697,-54.2640565201461,1.5));
#2692=CARTESIAN_POINT('',(0.57328669358697,-54.2640565201461,55.5));
#2693=CARTESIAN_POINT('Origin',(3.19828669358697,-54.2640565201461,55.5));
#2694=CARTESIAN_POINT('',(0.57328669358697,-54.2640565201461,1.5));
#2695=CARTESIAN_POINT('Origin',(-5.80171330641303,-81.2640565201461,1.5));
#2696=CARTESIAN_POINT('',(-8.42671330641303,-81.2640565201461,55.5));
#2697=CARTESIAN_POINT('Origin',(-5.80171330641303,-81.2640565201461,55.5));
#2698=CARTESIAN_POINT('',(-8.42671330641303,-81.2640565201461,1.5));
#2699=CARTESIAN_POINT('Origin',(-14.801713306413,-63.2640565201461,1.5));
#2700=CARTESIAN_POINT('',(-17.426713306413,-63.2640565201461,55.5));
#2701=CARTESIAN_POINT('Origin',(-14.801713306413,-63.2640565201461,55.5));
#2702=CARTESIAN_POINT('',(-17.426713306413,-63.2640565201461,1.5));
#2703=CARTESIAN_POINT('Origin',(-23.801713306413,-72.2640565201461,1.5));
#2704=CARTESIAN_POINT('',(-26.426713306413,-72.2640565201461,55.5));
#2705=CARTESIAN_POINT('Origin',(-23.801713306413,-72.2640565201461,55.5));
#2706=CARTESIAN_POINT('',(-26.426713306413,-72.2640565201461,1.5));
#2707=CARTESIAN_POINT('Origin',(-59.801713306413,-63.2640565201461,1.5));
#2708=CARTESIAN_POINT('',(-62.426713306413,-63.2640565201461,55.5));
#2709=CARTESIAN_POINT('Origin',(-59.801713306413,-63.2640565201461,55.5));
#2710=CARTESIAN_POINT('',(-62.426713306413,-63.2640565201461,1.5));
#2711=CARTESIAN_POINT('Origin',(-68.801713306413,-90.2640565201461,1.5));
#2712=CARTESIAN_POINT('',(-71.426713306413,-90.2640565201461,55.5));
#2713=CARTESIAN_POINT('Origin',(-68.801713306413,-90.2640565201461,55.5));
#2714=CARTESIAN_POINT('',(-71.426713306413,-90.2640565201461,1.5));
#2715=CARTESIAN_POINT('Origin',(-41.801713306413,-63.2640565201461,1.5));
#2716=CARTESIAN_POINT('',(-44.426713306413,-63.2640565201461,55.5));
#2717=CARTESIAN_POINT('Origin',(-41.801713306413,-63.2640565201461,55.5));
#2718=CARTESIAN_POINT('',(-44.426713306413,-63.2640565201461,1.5));
#2719=CARTESIAN_POINT('Origin',(-14.801713306413,-54.2640565201461,1.5));
#2720=CARTESIAN_POINT('',(-17.426713306413,-54.2640565201461,55.5));
#2721=CARTESIAN_POINT('Origin',(-14.801713306413,-54.2640565201461,55.5));
#2722=CARTESIAN_POINT('',(-17.426713306413,-54.2640565201461,1.5));
#2723=CARTESIAN_POINT('Origin',(-68.801713306413,-81.2640565201461,1.5));
#2724=CARTESIAN_POINT('',(-71.426713306413,-81.2640565201461,55.5));
#2725=CARTESIAN_POINT('Origin',(-68.801713306413,-81.2640565201461,55.5));
#2726=CARTESIAN_POINT('',(-71.426713306413,-81.2640565201461,1.5));
#2727=CARTESIAN_POINT('Origin',(-50.801713306413,-90.2640565201461,1.5));
#2728=CARTESIAN_POINT('',(-53.426713306413,-90.2640565201461,55.5));
#2729=CARTESIAN_POINT('Origin',(-50.801713306413,-90.2640565201461,55.5));
#2730=CARTESIAN_POINT('',(-53.426713306413,-90.2640565201461,1.5));
#2731=CARTESIAN_POINT('Origin',(-50.801713306413,-72.2640565201461,1.5));
#2732=CARTESIAN_POINT('',(-53.426713306413,-72.2640565201461,55.5));
#2733=CARTESIAN_POINT('Origin',(-50.801713306413,-72.2640565201461,55.5));
#2734=CARTESIAN_POINT('',(-53.426713306413,-72.2640565201461,1.5));
#2735=CARTESIAN_POINT('Origin',(3.19828669358697,-81.2640565201461,1.5));
#2736=CARTESIAN_POINT('',(0.57328669358697,-81.2640565201461,55.5));
#2737=CARTESIAN_POINT('Origin',(3.19828669358697,-81.2640565201461,55.5));
#2738=CARTESIAN_POINT('',(0.57328669358697,-81.2640565201461,1.5));
#2739=CARTESIAN_POINT('Origin',(-32.801713306413,-81.2640565201461,1.5));
#2740=CARTESIAN_POINT('',(-35.426713306413,-81.2640565201461,55.5));
#2741=CARTESIAN_POINT('Origin',(-32.801713306413,-81.2640565201461,55.5));
#2742=CARTESIAN_POINT('',(-35.426713306413,-81.2640565201461,1.5));
#2743=CARTESIAN_POINT('Origin',(-14.801713306413,-81.2640565201461,1.5));
#2744=CARTESIAN_POINT('',(-17.426713306413,-81.2640565201461,55.5));
#2745=CARTESIAN_POINT('Origin',(-14.801713306413,-81.2640565201461,55.5));
#2746=CARTESIAN_POINT('',(-17.426713306413,-81.2640565201461,1.5));
#2747=CARTESIAN_POINT('Origin',(-77.801713306413,-90.2640565201461,1.5));
#2748=CARTESIAN_POINT('',(-80.426713306413,-90.2640565201461,55.5));
#2749=CARTESIAN_POINT('Origin',(-77.801713306413,-90.2640565201461,55.5));
#2750=CARTESIAN_POINT('',(-80.426713306413,-90.2640565201461,1.5));
#2751=CARTESIAN_POINT('Origin',(3.19828669358697,-72.2640565201461,1.5));
#2752=CARTESIAN_POINT('',(0.57328669358697,-72.2640565201461,55.5));
#2753=CARTESIAN_POINT('Origin',(3.19828669358697,-72.2640565201461,55.5));
#2754=CARTESIAN_POINT('',(0.57328669358697,-72.2640565201461,1.5));
#2755=CARTESIAN_POINT('Origin',(-41.801713306413,-54.2640565201461,1.5));
#2756=CARTESIAN_POINT('',(-44.426713306413,-54.2640565201461,55.5));
#2757=CARTESIAN_POINT('Origin',(-41.801713306413,-54.2640565201461,55.5));
#2758=CARTESIAN_POINT('',(-44.426713306413,-54.2640565201461,1.5));
#2759=CARTESIAN_POINT('Origin',(-23.801713306413,-54.2640565201461,1.5));
#2760=CARTESIAN_POINT('',(-26.426713306413,-54.2640565201461,55.5));
#2761=CARTESIAN_POINT('Origin',(-23.801713306413,-54.2640565201461,55.5));
#2762=CARTESIAN_POINT('',(-26.426713306413,-54.2640565201461,1.5));
#2763=CARTESIAN_POINT('Origin',(-86.801713306413,-90.2640565201461,1.5));
#2764=CARTESIAN_POINT('',(-89.426713306413,-90.2640565201461,55.5));
#2765=CARTESIAN_POINT('Origin',(-86.801713306413,-90.2640565201461,55.5));
#2766=CARTESIAN_POINT('',(-89.426713306413,-90.2640565201461,1.5));
#2767=CARTESIAN_POINT('Origin',(-86.801713306413,-72.2640565201461,1.5));
#2768=CARTESIAN_POINT('',(-89.426713306413,-72.2640565201461,55.5));
#2769=CARTESIAN_POINT('Origin',(-86.801713306413,-72.2640565201461,55.5));
#2770=CARTESIAN_POINT('',(-89.426713306413,-72.2640565201461,1.5));
#2771=CARTESIAN_POINT('Origin',(9.4000000000009,-47.5228030251515,1.5));
#2772=CARTESIAN_POINT('',(-93.15,-47.5228030251515,4.7902020253553));
#2773=CARTESIAN_POINT('',(-93.15,-47.5228030251515,1.5));
#2774=CARTESIAN_POINT('',(-93.15,-47.5228030251515,1.5));
#2775=CARTESIAN_POINT('',(-93.2,-47.5228030251515,4.84020202535532));
#2776=CARTESIAN_POINT('',(-66.7503048327199,-47.5228030251515,-21.6094931419242));
#2777=CARTESIAN_POINT('',(-93.2,-47.5228030251515,11.4171572875255));
#2778=CARTESIAN_POINT('',(-93.2,-47.5228030251515,1.5));
#2779=CARTESIAN_POINT('',(-93.15,-47.5228030251515,11.4671572875255));
#2780=CARTESIAN_POINT('',(-71.0753048327208,-47.5228030251515,33.5418524548048));
#2781=CARTESIAN_POINT('',(-93.15,-47.5228030251515,1.5));
#2782=CARTESIAN_POINT('',(9.3500000000009,-47.5228030251515,11.4671572875254));
#2783=CARTESIAN_POINT('',(9.3500000000009,-47.5228030251515,1.5));
#2784=CARTESIAN_POINT('',(9.4000000000009,-47.5228030251515,11.4171572875254));
#2785=CARTESIAN_POINT('',(11.9146446609416,-47.5228030251515,8.90251262658469));
#2786=CARTESIAN_POINT('',(9.4000000000009,-47.5228030251515,4.84020202535536));
#2787=CARTESIAN_POINT('',(9.4000000000009,-47.5228030251515,1.5));
#2788=CARTESIAN_POINT('',(9.3500000000009,-47.5228030251515,4.79020202535535));
#2789=CARTESIAN_POINT('',(9.61096500450119,-47.5228030251515,5.05116702985565));
#2790=CARTESIAN_POINT('',(9.35000000000089,-47.5228030251515,1.5));
#2791=CARTESIAN_POINT('',(9.3500000000009,-47.5228030251515,1.5));
#2792=CARTESIAN_POINT('',(-93.2,-47.5228030251515,1.5));
#2793=CARTESIAN_POINT('Origin',(-41.8999999999991,-72.3228030251515,55.5));
#2794=CARTESIAN_POINT('',(6.39301964100443,-51.1772836529015,55.5));
#2795=CARTESIAN_POINT('',(6.39301964100444,-93.3228030251515,55.5));
#2796=CARTESIAN_POINT('',(6.39301964100443,-80.8228030251515,55.5));
#2797=CARTESIAN_POINT('',(-89.6,-93.3228030251515,55.5));
#2798=CARTESIAN_POINT('',(9.40000000000092,-93.3228030251515,55.5));
#2799=CARTESIAN_POINT('',(-89.6,-51.1772836529016,55.5));
#2800=CARTESIAN_POINT('',(-89.6,-61.7500433390265,55.5));
#2801=CARTESIAN_POINT('',(-17.7534901794973,-51.1772836529015,55.5));
#2802=CARTESIAN_POINT('Origin',(6.39301964100443,-89.3228030251515,55.5));
#2803=CARTESIAN_POINT('',(6.39301964100443,-51.1772836529016,1.5));
#2804=CARTESIAN_POINT('',(6.39301964100443,-51.1772836529015,55.5));
#2805=CARTESIAN_POINT('',(6.39301964100444,-93.3228030251515,1.5));
#2806=CARTESIAN_POINT('',(6.39301964100443,-80.8228030251515,1.5));
#2807=CARTESIAN_POINT('',(6.39301964100443,-93.3228030251515,55.5));
#2808=CARTESIAN_POINT('Origin',(6.39301964100442,-51.1772836529015,55.5));
#2809=CARTESIAN_POINT('',(-89.6,-51.1772836529016,1.5));
#2810=CARTESIAN_POINT('',(-89.6,-51.1772836529016,55.5));
#2811=CARTESIAN_POINT('',(-85.4,-51.1772836529016,1.5));
#2812=CARTESIAN_POINT('Origin',(9.3500000000009,-97.1228030251515,1.5));
#2813=CARTESIAN_POINT('',(9.3500000000009,-84.7228030251515,1.5));
#2814=CARTESIAN_POINT('',(9.3500000000009,-104.622803025151,4.79020202535536));
#2815=CARTESIAN_POINT('Origin',(9.3500000000009,-97.1228030251515,1.5));
#2816=CARTESIAN_POINT('',(9.3500000000009,-104.622803025151,11.4671572875254));
#2817=CARTESIAN_POINT('Origin',(-94.2106601717789,-47.3228030251515,8.12867965644037));
#2818=CARTESIAN_POINT('',(11.5213203435605,-47.3228030251515,6.96152236891499));
#2819=CARTESIAN_POINT('',(11.5213203435605,-47.3228030251515,9.29583694396571));
#2820=CARTESIAN_POINT('',(11.5213203435605,-47.3228030251515,8.69154762208439));
#2821=CARTESIAN_POINT('',(9.4000000000009,-47.3228030251515,4.84020202535538));
#2822=CARTESIAN_POINT('',(11.5207999615562,-47.3228030251515,6.9610019869107));
#2823=CARTESIAN_POINT('',(9.4000000000009,-47.3228030251515,11.4171572875253));
#2824=CARTESIAN_POINT('',(9.4000000000009,-47.3228030251515,1.5));
#2825=CARTESIAN_POINT('',(10.5101397897764,-47.3228030251515,10.3070174977498));
#2826=CARTESIAN_POINT('Origin',(11.4920310216792,-112.122803025151,6.93223304703363));
#2827=CARTESIAN_POINT('',(9.4000000000009,-112.122803025151,4.84020202535536));
#2828=CARTESIAN_POINT('',(11.5213203435605,-112.122803025151,6.96152236891498));
#2829=CARTESIAN_POINT('Origin',(9.4000000000009,-112.122803025151,4.98162338159267));
#2830=CARTESIAN_POINT('',(9.4000000000009,-112.122803025151,11.4171572875254));
#2831=CARTESIAN_POINT('Origin',(-93.15,-47.5228030251515,1.5));
#2832=CARTESIAN_POINT('',(-93.15,-79.8228030251515,11.4671572875255));
#2833=CARTESIAN_POINT('Origin',(-93.15,-47.5228030251515,1.5));
#2834=CARTESIAN_POINT('',(-93.15,-59.9228030251515,1.5));
#2835=CARTESIAN_POINT('',(-93.15,-79.8228030251515,4.79020202535529));
#2836=CARTESIAN_POINT('Origin',(-94.2106601717789,-47.3228030251515,8.12867965644037));
#2837=CARTESIAN_POINT('',(-95.3213203435588,-47.3228030251515,9.2958369439657));
#2838=CARTESIAN_POINT('',(-95.3213203435588,-47.3228030251515,6.96152236891497));
#2839=CARTESIAN_POINT('',(-95.3213203435588,-47.3228030251515,7.56581169079633));
#2840=CARTESIAN_POINT('',(-93.2,-47.3228030251515,11.4171572875255));
#2841=CARTESIAN_POINT('',(-95.3207999615545,-47.3228030251515,9.29635732596999));
#2842=CARTESIAN_POINT('',(-93.2,-47.3228030251515,4.84020202535527));
#2843=CARTESIAN_POINT('',(-93.2,-47.3228030251515,66.5));
#2844=CARTESIAN_POINT('',(-94.3101397897747,-47.3228030251515,5.95034181513086));
#2845=CARTESIAN_POINT('Origin',(-95.2920310216774,-112.122803025151,9.32512626584705));
#2846=CARTESIAN_POINT('',(-93.2,-112.122803025151,11.4171572875255));
#2847=CARTESIAN_POINT('',(-95.3213203435588,-112.122803025151,9.29583694396571));
#2848=CARTESIAN_POINT('Origin',(-93.2,-112.122803025151,11.2757359312881));
#2849=CARTESIAN_POINT('',(-93.2,-112.122803025151,4.8402020253553));
#2850=CARTESIAN_POINT('Origin',(-95.3213203435588,-112.122803025151,7.00294372515228));
#2851=CARTESIAN_POINT('',(-95.3213203435588,-112.122803025151,6.96152236891496));
#2852=CARTESIAN_POINT('Origin',(-93.2707106781178,-112.122803025151,4.91091270347396));
#2853=CARTESIAN_POINT('Origin',(11.5213203435605,-112.122803025151,9.25441558772843));
#2854=CARTESIAN_POINT('',(11.5213203435605,-112.122803025151,9.29583694396573));
#2855=CARTESIAN_POINT('Origin',(9.47071067811956,-112.122803025151,11.3464466094067));
#2856=CARTESIAN_POINT('Origin',(-41.8999999999991,-72.3228030251515,1.5));
#2857=CARTESIAN_POINT('',(-89.6,-93.3228030251515,1.5));
#2858=CARTESIAN_POINT('',(-89.6,-80.8228030251515,1.5));
#2859=CARTESIAN_POINT('',(-63.6499999999991,-93.3228030251515,1.5));
#2860=CARTESIAN_POINT('Origin',(-89.6,-51.1772836529016,55.5));
#2861=CARTESIAN_POINT('',(-89.6,-93.3228030251515,55.5));
#2862=CARTESIAN_POINT('Origin',(-85.4,-93.3228030251515,55.5));
#2863=UNCERTAINTY_MEASURE_WITH_UNIT(LENGTH_MEASURE(0.01),#2867,
'DISTANCE_ACCURACY_VALUE',
'Maximum model space distance between geometric entities at asserted c
onnectivities');
#2864=UNCERTAINTY_MEASURE_WITH_UNIT(LENGTH_MEASURE(0.01),#2867,
'DISTANCE_ACCURACY_VALUE',
'Maximum model space distance between geometric entities at asserted c
onnectivities');
#2865=(
GEOMETRIC_REPRESENTATION_CONTEXT(3)
GLOBAL_UNCERTAINTY_ASSIGNED_CONTEXT((#2863))
GLOBAL_UNIT_ASSIGNED_CONTEXT((#2867,#2869,#2870))
REPRESENTATION_CONTEXT('','3D')
);
#2866=(
GEOMETRIC_REPRESENTATION_CONTEXT(3)
GLOBAL_UNCERTAINTY_ASSIGNED_CONTEXT((#2864))
GLOBAL_UNIT_ASSIGNED_CONTEXT((#2867,#2869,#2870))
REPRESENTATION_CONTEXT('','3D')
);
#2867=(
LENGTH_UNIT()
NAMED_UNIT(*)
SI_UNIT(.MILLI.,.METRE.)
);
#2868=(
LENGTH_UNIT()
NAMED_UNIT(*)
SI_UNIT($,.METRE.)
);
#2869=(
NAMED_UNIT(*)
PLANE_ANGLE_UNIT()
SI_UNIT($,.RADIAN.)
);
#2870=(
NAMED_UNIT(*)
SI_UNIT($,.STERADIAN.)
SOLID_ANGLE_UNIT()
);
#2871=SHAPE_DEFINITION_REPRESENTATION(#2872,#2873);
#2872=PRODUCT_DEFINITION_SHAPE('',$,#2875);
#2873=SHAPE_REPRESENTATION('',(#1727),#2865);
#2874=PRODUCT_DEFINITION_CONTEXT('part definition',#2879,'design');
#2875=PRODUCT_DEFINITION('Pipette Holder',
'Pipette Holder for 2-200microliter tips v2',#2876,#2874);
#2876=PRODUCT_DEFINITION_FORMATION('',$,#2881);
#2877=PRODUCT_RELATED_PRODUCT_CATEGORY(
'Pipette Holder for 2-200microliter tips v2',
'Pipette Holder for 2-200microliter tips v2',(#2881));
#2878=APPLICATION_PROTOCOL_DEFINITION('international standard',
'automotive_design',2009,#2879);
#2879=APPLICATION_CONTEXT(
'Core Data for Automotive Mechanical Design Process');
#2880=PRODUCT_CONTEXT('part definition',#2879,'mechanical');
#2881=PRODUCT('Pipette Holder',
'Pipette Holder for 2-200microliter tips v2','STEP AP242 Edition 2',(#2880));
#2882=PRESENTATION_STYLE_ASSIGNMENT((#2884));
#2883=PRESENTATION_STYLE_ASSIGNMENT((#2885));
#2884=SURFACE_STYLE_USAGE(.BOTH.,#2886);
#2885=SURFACE_STYLE_USAGE(.BOTH.,#2887);
#2886=SURFACE_SIDE_STYLE('',(#2888));
#2887=SURFACE_SIDE_STYLE('',(#2889));
#2888=SURFACE_STYLE_FILL_AREA(#2890);
#2889=SURFACE_STYLE_FILL_AREA(#2891);
#2890=FILL_AREA_STYLE('Steel - Satin',(#2892));
#2891=FILL_AREA_STYLE('Opaque(89,149,218)',(#2893));
#2892=FILL_AREA_STYLE_COLOUR('Steel - Satin',#2894);
#2893=FILL_AREA_STYLE_COLOUR('Opaque(89,149,218)',#2895);
#2894=COLOUR_RGB('Steel - Satin',0.627450980392157,0.627450980392157,0.627450980392157);
#2895=COLOUR_RGB('Opaque(89,149,218)',0.349019607843137,0.584313725490196,
0.854901960784314);
ENDSEC;
END-ISO-10303-21;
